// Generated by tools/gen_skippable_cutscenes.py from randomprime's
// skippable_cutscenes.jsonc (MIT, see NOTICE). Do not edit.
static const SkipRoom kSkipRooms[] = {
    {0x0581699D, 0, 129},
    {0x0749DF46, 129, 763},
    {0x0CA514F0, 892, 1135},
    {0x0D72F1F7, 2027, 731},
    {0x11A02448, 2758, 1135},
    {0x13FFF119, 3893, 1193},
    {0x15D6FF8B, 5086, 1145},
    {0x18AB6106, 6231, 724},
    {0x1921876D, 6955, 3755},
    {0x1A666C55, 10710, 1483},
    {0x21B4BFF6, 12193, 490},
    {0x236E1B0F, 12683, 1145},
    {0x2398E906, 13828, 3455},
    {0x31C44B23, 17283, 447},
    {0x37B3AFE6, 17730, 401},
    {0x3953C353, 18131, 1208},
    {0x3BEAADC9, 19339, 1135},
    {0x3C785450, 20474, 2122},
    {0x3E6B2BB7, 22596, 1181},
    {0x3F04F304, 23777, 2388},
    {0x3F375ECC, 26165, 1083},
    {0x3FB4A34E, 27248, 1974},
    {0x40C548E9, 29222, 1277},
    {0x4148F7B0, 30499, 1136},
    {0x41CC90EC, 31635, 85},
    {0x430E999C, 31720, 1123},
    {0x492CBF4A, 32843, 878},
    {0x4C3D244C, 33721, 1169},
    {0x4C6F7773, 34890, 516},
    {0x54C40995, 35406, 85},
    {0x5F2EB7B6, 35491, 418},
    {0x643D038F, 35909, 1497},
    {0x6655F51E, 37406, 1607},
    {0x70181194, 39013, 1749},
    {0x77714498, 40762, 592},
    {0x7A3AD91E, 41354, 826},
    {0x7D106670, 42180, 1157},
    {0x8316EDF5, 43337, 1208},
    {0x86EB2E02, 44545, 2146},
    {0x87452DC1, 46691, 746},
    {0x8A31665E, 47437, 1159},
    {0x8A97BB54, 48596, 2347},
    {0x8ABEB3C3, 50943, 1010},
    {0x90709AAC, 51953, 1018},
    {0x93668996, 52971, 857},
    {0x956F1552, 53828, 1206},
    {0x9A0A03EB, 55034, 7379},
    {0xA20A7455, 62413, 595},
    {0xA49B2544, 63008, 1517},
    {0xA5FA69A1, 64525, 1207},
    {0xA7AC009B, 65732, 935},
    {0xAC2C58FE, 66667, 418},
    {0xAE1EC8BD, 67085, 941},
    {0xB2701146, 68026, 1192},
    {0xB33A0620, 69218, 665},
    {0xB3C33249, 69883, 1729},
    {0xB4B41C48, 71612, 293},
    {0xB51FCE29, 71905, 706},
    {0xBDB1FCAC, 72611, 372},
    {0xC00E3781, 72983, 1157},
    {0xC0498676, 74140, 458},
    {0xC1AC9233, 74598, 1169},
    {0xC50AF17A, 75767, 1838},
    {0xC5DE3C06, 77605, 953},
    {0xC8309DF6, 78558, 2924},
    {0xC9D52BBC, 81482, 3692},
    {0xCDE604F0, 85174, 470},
    {0xD1241219, 85644, 1057},
    {0xDADF06C3, 86701, 687},
    {0xDCA9A28B, 87388, 1135},
    {0xDD0B0739, 88523, 1193},
    {0xDE161372, 89716, 497},
    {0xE2C2CF38, 90213, 1147},
    {0xEE09629A, 91360, 365},
    {0xEF069019, 91725, 288},
    {0xEF2F1440, 92013, 811},
    {0xF7285979, 92824, 994},
    {0xFB051F5A, 93818, 675},
    {0xFB54A0CB, 94493, 8257},
    {0xFEA372E2, 102750, 3174},
};

static const unsigned char kSkipOps[] = {
    0x05,0x00,0x3A,0x00,0x04,0x00,0x03,0x00,0x02,0x00,0x00,0x00,0x04,0x00,0x00,0x00,0x05,0x00,0x04,0x00,0x76,0x00,0x00,0x00,
    0x04,0x00,0x00,0x00,0x05,0x00,0x04,0x00,0x77,0x00,0x00,0x00,0x5C,0x00,0x00,0x00,0x0F,0x50,0x6C,0x61,0x79,0x65,0x72,0x20,
    0x45,0x78,0x69,0x74,0x73,0x20,0x52,0x6F,0x6F,0x6D,0x00,0xC2,0x8D,0x66,0xE7,0xC3,0x54,0x43,0x22,0x3D,0x04,0x47,0xC3,0x00,
    0x00,0x00,0x00,0x00,0x00,0x00,0x00,0x00,0x00,0x00,0x00,0x00,0x00,0x00,0x19,0x00,0x00,0x00,0x00,0x00,0x00,0x00,0x00,0x00,
    0x00,0x00,0x00,0x00,0xFF,0xFF,0xFF,0xFF,0xFF,0xFF,0xFF,0xFF,0x00,0x00,0x00,0x00,0x01,0x00,0x00,0x00,0x00,0xFF,0xFF,0xFF,
    0xFF,0xFF,0xFF,0xFF,0xFF,0xFF,0xFF,0xFF,0xFF,0x05,0x00,0x15,0x00,0x06,0x00,0xB5,0x00,0x04,0x00,0x00,0x00,0x00,0x00,0x00,
    0x00,0x01,0x00,0x07,0x00,0x7C,0x00,0x00,0x00,0x00,0x00,0x00,0x00,0x01,0x00,0x07,0x00,0x7B,0x00,0x00,0x00,0x00,0x00,0x00,
    0x00,0x05,0x00,0x06,0x00,0x05,0x00,0x00,0x00,0x00,0x00,0x00,0x00,0x07,0x00,0x07,0x00,0x0F,0x00,0x00,0x00,0x1A,0x00,0x00,
    0x00,0x02,0x45,0x6E,0x74,0x72,0x79,0x20,0x43,0x75,0x74,0x73,0x63,0x65,0x6E,0x65,0x20,0x53,0x74,0x61,0x72,0x74,0x00,0x00,
    0x05,0x00,0x15,0x00,0x07,0x00,0x0D,0x00,0x06,0x00,0x00,0x00,0x09,0x00,0x00,0x00,0x05,0x00,0x07,0x00,0x83,0x00,0x00,0x00,
    0x09,0x00,0x00,0x00,0x05,0x00,0x07,0x00,0x0F,0x00,0x00,0x00,0x09,0x00,0x00,0x00,0x05,0x00,0x06,0x00,0x05,0x00,0x00,0x00,
    0x09,0x00,0x00,0x00,0x0E,0x00,0x07,0x00,0x0B,0x00,0x00,0x00,0x09,0x00,0x00,0x00,0x0D,0x00,0x07,0x00,0xAB,0x00,0x00,0x00,
    0x09,0x00,0x00,0x00,0x04,0x00,0x07,0x00,0x7A,0x00,0x00,0x00,0x18,0x00,0x00,0x00,0x02,0x45,0x6E,0x74,0x72,0x79,0x20,0x43,
    0x75,0x74,0x73,0x63,0x65,0x6E,0x65,0x20,0x45,0x6E,0x64,0x00,0x01,0x05,0x00,0x3A,0x00,0x07,0x00,0x0F,0x00,0x06,0x00,0x00,
    0x00,0x09,0x00,0x00,0x00,0x0D,0x00,0x07,0x00,0x0D,0x00,0x00,0x00,0x09,0x00,0x00,0x00,0x0E,0x00,0x07,0x00,0x11,0x00,0x00,
    0x00,0x09,0x00,0x00,0x00,0x0D,0x00,0x07,0x00,0x8B,0x00,0x00,0x00,0x09,0x00,0x00,0x00,0x04,0x00,0x07,0x00,0x7B,0x00,0x00,
    0x00,0x09,0x00,0x00,0x00,0x04,0x00,0x07,0x00,0x7A,0x00,0x00,0x00,0x09,0x00,0x00,0x00,0x01,0x00,0x07,0x00,0x1D,0x00,0x00,
    0x00,0x5F,0x00,0x00,0x00,0x0F,0x45,0x6E,0x74,0x72,0x79,0x20,0x43,0x69,0x6E,0x65,0x6D,0x61,0x74,0x69,0x63,0x20,0x53,0x6B,
    0x69,0x70,0x00,0x00,0x00,0x00,0x00,0x00,0x00,0x00,0x00,0x00,0x00,0x00,0x00,0x00,0x00,0x00,0x00,0x00,0x00,0x00,0x00,0x00,
    0x00,0x00,0x00,0x00,0x00,0x00,0x0F,0x00,0x00,0x00,0x00,0x00,0x00,0x00,0x00,0x00,0x00,0x00,0x00,0x00,0xFF,0xFF,0xFF,0xFF,
    0xFF,0xFF,0xFF,0xFF,0x00,0x00,0x00,0x00,0x01,0x00,0x00,0x00,0x00,0xFF,0xFF,0xFF,0xFF,0xFF,0xFF,0xFF,0xFF,0xFF,0xFF,0xFF,
    0xFF,0x05,0x00,0x3A,0x00,0x07,0x00,0x13,0x00,0x06,0x00,0x00,0x00,0x09,0x00,0x00,0x00,0x0D,0x00,0x08,0x00,0x0A,0x00,0x00,
    0x00,0x09,0x00,0x00,0x00,0x04,0x00,0x08,0x00,0x34,0x00,0x00,0x00,0x09,0x00,0x00,0x00,0x04,0x00,0x08,0x00,0x33,0x00,0x00,
    0x00,0x09,0x00,0x00,0x00,0x0D,0x00,0x08,0x00,0x44,0x00,0x00,0x00,0x09,0x00,0x00,0x00,0x0E,0x00,0x08,0x00,0x0C,0x00,0x00,
    0x00,0x09,0x00,0x00,0x00,0x01,0x00,0x08,0x00,0x1B,0x00,0x00,0x00,0x5E,0x00,0x00,0x00,0x0F,0x45,0x78,0x69,0x74,0x20,0x43,
    0x69,0x6E,0x65,0x6D,0x61,0x74,0x69,0x63,0x20,0x53,0x6B,0x69,0x70,0x00,0x00,0x00,0x00,0x00,0x00,0x00,0x00,0x00,0x00,0x00,
    0x00,0x00,0x00,0x00,0x00,0x00,0x00,0x00,0x00,0x00,0x00,0x00,0x00,0x00,0x00,0x00,0x00,0x0F,0x00,0x00,0x00,0x00,0x00,0x00,
    0x00,0x00,0x00,0x00,0x00,0x00,0x00,0xFF,0xFF,0xFF,0xFF,0xFF,0xFF,0xFF,0xFF,0x00,0x00,0x00,0x00,0x01,0x00,0x00,0x00,0x00,
    0xFF,0xFF,0xFF,0xFF,0xFF,0xFF,0xFF,0xFF,0xFF,0xFF,0xFF,0xFF,0x05,0x00,0x05,0x00,0x07,0x00,0x11,0x00,0x01,0x00,0x00,0x00,
    0x09,0x00,0x00,0x00,0x0E,0x00,0x07,0x00,0x0B,0x00,0x00,0x00,0x19,0x00,0x00,0x00,0x06,0x52,0x65,0x73,0x65,0x74,0x20,0x45,
    0x78,0x6F,0x00,0x3F,0x00,0x00,0x00,0x00,0x00,0x00,0x00,0x00,0x00,0x01,0x03,0x00,0x07,0x00,0x7D,0x00,0x00,0x00,0x05,0x00,
    0x00,0x00,0x04,0x00,0x07,0x00,0x7A,0x03,0x00,0x07,0x00,0x7D,0x00,0x00,0x00,0x05,0x00,0x00,0x00,0x05,0x00,0x07,0x00,0x83,
    0x03,0x00,0x07,0x00,0x7D,0x00,0x00,0x00,0x05,0x00,0x00,0x00,0x0E,0x00,0x07,0x00,0x0B,0x03,0x00,0x07,0x00,0x7D,0x00,0x00,
    0x00,0x05,0x00,0x00,0x00,0x0D,0x00,0x07,0x00,0xAB,0x03,0x00,0x07,0x00,0x95,0x00,0x00,0x00,0x00,0x00,0x00,0x00,0x07,0x00,
    0x07,0x00,0x94,0x03,0x00,0x07,0x00,0x95,0x00,0x00,0x00,0x05,0x00,0x00,0x00,0x05,0x00,0x07,0x00,0x94,0x04,0x00,0x07,0x00,
    0x3C,0x00,0x00,0x00,0x09,0x00,0x00,0x00,0x07,0x00,0x07,0x00,0x94,0x04,0x00,0x07,0x00,0x3C,0x00,0x00,0x00,0x09,0x00,0x00,
    0x00,0x07,0x00,0x07,0x00,0x13,0x04,0x00,0x07,0x00,0x7D,0x00,0x00,0x00,0x05,0x00,0x00,0x00,0x0D,0x00,0x07,0x00,0x0D,0x06,
    0x00,0x07,0x00,0xA9,0x05,0x00,0x0F,0x00,0x54,0xC5,0x63,0x00,0x00,0x00,0x00,0x00,0x99,0x00,0x00,0x00,0x23,0x4D,0x6F,0x72,
    0x70,0x68,0x00,0x00,0x00,0x00,0x00,0x00,0x00,0x00,0x00,0x00,0x00,0x00,0x00,0x00,0x00,0x00,0x00,0x00,0x00,0x00,0x00,0x00,
    0x00,0x00,0x00,0x00,0x00,0x00,0x00,0x00,0x00,0x00,0x00,0x00,0x00,0x00,0x00,0x00,0x00,0x00,0x00,0x00,0x00,0x00,0x00,0x00,
    0x00,0x00,0x00,0x00,0x00,0x00,0x00,0x00,0x00,0x00,0x00,0x00,0x00,0x00,0x00,0x00,0x00,0x00,0x00,0x00,0x00,0x00,0x00,0x00,
    0x00,0x00,0x00,0x00,0x00,0x00,0x00,0x00,0x00,0x00,0x00,0x00,0x00,0x00,0x00,0x00,0x00,0x00,0x00,0x00,0x00,0x00,0x00,0x00,
    0x00,0x00,0x00,0x00,0x00,0x00,0x00,0x00,0x00,0x00,0x00,0x00,0x00,0x00,0x00,0x00,0x00,0x00,0x00,0x00,0x00,0x00,0x00,0x00,
    0x00,0x00,0x00,0x00,0x00,0x00,0x00,0x00,0x00,0x00,0x00,0x00,0x00,0x00,0x00,0x00,0x00,0x00,0x00,0x00,0x00,0x00,0x00,0x00,
    0x01,0x01,0x05,0x00,0x3A,0x00,0x29,0x00,0x02,0x00,0x07,0x00,0x00,0x00,0x09,0x00,0x00,0x00,0x01,0x00,0x0A,0x2C,0x2A,0x00,
    0x00,0x00,0x09,0x00,0x00,0x00,0x07,0x00,0x00,0xA4,0x55,0x00,0x00,0x00,0x09,0x00,0x00,0x00,0x08,0x00,0x29,0x00,0x3B,0x00,
    0x00,0x00,0x09,0x00,0x00,0x00,0x04,0x00,0x29,0x00,0x2B,0x00,0x00,0x00,0x09,0x00,0x00,0x00,0x04,0x00,0x29,0x00,0x2F,0x00,
    0x00,0x00,0x09,0x00,0x00,0x00,0x04,0x00,0x29,0x00,0x34,0x00,0x00,0x00,0x09,0x00,0x00,0x00,0x04,0x00,0x29,0x00,0x6D,0x00,
    0x00,0x00,0x61,0x00,0x00,0x00,0x0F,0x41,0x72,0x72,0x69,0x76,0x61,0x6C,0x20,0x43,0x69,0x6E,0x65,0x6D,0x61,0x74,0x69,0x63,
    0x20,0x53,0x6B,0x69,0x70,0x00,0x00,0x00,0x00,0x00,0x00,0x00,0x00,0x00,0x00,0x00,0x00,0x00,0x00,0x00,0x00,0x00,0x00,0x00,
    0x00,0x00,0x00,0x00,0x00,0x00,0x00,0x00,0x00,0x0F,0x00,0x00,0x00,0x00,0x00,0x00,0x00,0x00,0x00,0x00,0x00,0x00,0x00,0xFF,
    0xFF,0xFF,0xFF,0xFF,0xFF,0xFF,0xFF,0x00,0x00,0x00,0x00,0x01,0x00,0x00,0x00,0x00,0xFF,0xFF,0xFF,0xFF,0xFF,0xFF,0xFF,0xFF,
    0xFF,0xFF,0xFF,0xFF,0x05,0x00,0x3A,0x00,0x29,0x00,0x03,0x00,0x05,0x00,0x00,0x00,0x09,0x00,0x00,0x00,0x0B,0x00,0x18,0x00,
    0x55,0x00,0x00,0x00,0x09,0x00,0x00,0x00,0x0D,0x00,0x29,0x00,0x1C,0x00,0x00,0x00,0x09,0x00,0x00,0x00,0x14,0x00,0x29,0x00,
    0x24,0x00,0x00,0x00,0x09,0x00,0x00,0x00,0x01,0x00,0x29,0x00,0x20,0x00,0x00,0x00,0x09,0x00,0x00,0x00,0x07,0x00,0x00,0xA4,
    0x55,0x00,0x00,0x00,0x63,0x00,0x00,0x00,0x0F,0x44,0x65,0x70,0x61,0x72,0x74,0x75,0x72,0x65,0x20,0x43,0x69,0x6E,0x65,0x6D,
    0x61,0x74,0x69,0x63,0x20,0x53,0x6B,0x69,0x70,0x00,0x00,0x00,0x00,0x00,0x00,0x00,0x00,0x00,0x00,0x00,0x00,0x00,0x00,0x00,
    0x00,0x00,0x00,0x00,0x00,0x00,0x00,0x00,0x00,0x00,0x00,0x00,0x00,0x0F,0x00,0x00,0x00,0x00,0x00,0x00,0x00,0x00,0x00,0x00,
    0x00,0x00,0x00,0xFF,0xFF,0xFF,0xFF,0xFF,0xFF,0xFF,0xFF,0x00,0x00,0x00,0x00,0x01,0x00,0x00,0x00,0x00,0xFF,0xFF,0xFF,0xFF,
    0xFF,0xFF,0xFF,0xFF,0xFF,0xFF,0xFF,0xFF,0x05,0x00,0x0C,0x00,0x0A,0x2C,0x2A,0x00,0x03,0x00,0x00,0x00,0x00,0x00,0x00,0x00,
    0x0D,0x00,0x54,0xC5,0x63,0x00,0x00,0x00,0x05,0x00,0x00,0x00,0x05,0x00,0x00,0xA4,0x55,0x00,0x00,0x00,0x05,0x00,0x00,0x00,
    0x0D,0x00,0x29,0x00,0x29,0x00,0x00,0x00,0x33,0x00,0x00,0x00,0x0F,0x48,0x6F,0x6C,0x64,0x00,0x00,0x00,0x00,0x00,0x00,0x00,
    0x00,0x00,0x00,0x00,0x00,0x00,0x00,0x00,0x00,0x00,0x00,0x00,0x00,0x00,0x00,0x00,0x00,0x00,0x00,0x40,0xE0,0x00,0x00,0x00,
    0x00,0x00,0x00,0x01,0x00,0x00,0x42,0x8C,0x00,0x00,0x01,0x00,0x05,0x00,0x18,0x00,0x00,0xA4,0x55,0x00,0x00,0x00,0x00,0x00,
    0x3C,0x00,0x00,0x00,0x0A,0x48,0x6F,0x6C,0x64,0x20,0x42,0x6C,0x61,0x63,0x6B,0x00,0x01,0x00,0x00,0x00,0x01,0x00,0x00,0x00,
    0x00,0x00,0x00,0x00,0x02,0x00,0x00,0x00,0x00,0x00,0x00,0x00,0x00,0x00,0x00,0x00,0x00,0x00,0x00,0x00,0x00,0x3F,0x80,0x00,
    0x00,0x00,0x00,0x00,0x00,0x3F,0x00,0x00,0x00,0xFF,0xFF,0xFF,0xFF,0x05,0x00,0x05,0x00,0x18,0x00,0x55,0x00,0x01,0x00,0x00,
    0x00,0x09,0x00,0x00,0x00,0x08,0x00,0x29,0x00,0x17,0x00,0x00,0x00,0x2B,0x00,0x00,0x00,0x06,0x43,0x75,0x74,0x73,0x63,0x65,
    0x6E,0x65,0x20,0x53,0x6B,0x69,0x70,0x20,0x32,0x20,0x46,0x72,0x61,0x6D,0x65,0x20,0x44,0x65,0x6C,0x61,0x79,0x00,0x3C,0xA3,
    0xD7,0x0A,0x00,0x00,0x00,0x00,0x00,0x00,0x01,0x05,0x00,0x05,0x00,0x0A,0x2B,0xBB,0x00,0x01,0x00,0x00,0x00,0x09,0x00,0x00,
    0x00,0x04,0x00,0x0A,0x2C,0x2A,0x00,0x00,0x00,0x1A,0x00,0x00,0x00,0x06,0x4C,0x6F,0x61,0x64,0x20,0x54,0x69,0x6D,0x65,0x72,
    0x00,0x3A,0x83,0x12,0x6F,0x00,0x00,0x00,0x00,0x01,0x01,0x00,0x03,0x00,0x29,0x00,0x2B,0x00,0x00,0x00,0x00,0x00,0x00,0x00,
    0x07,0x00,0x29,0x00,0x42,0x03,0x00,0x29,0x00,0x2B,0x00,0x00,0x00,0x00,0x00,0x00,0x00,0x01,0x00,0x29,0x00,0x2A,0x03,0x00,
    0x29,0x00,0x34,0x00,0x00,0x00,0x05,0x00,0x00,0x00,0x0D,0x00,0x29,0x00,0x4C,0x03,0x00,0x29,0x00,0x34,0x00,0x00,0x00,0x05,
    0x00,0x00,0x00,0x05,0x00,0x29,0x00,0x42,0x03,0x00,0x29,0x00,0x34,0x00,0x00,0x00,0x05,0x00,0x00,0x00,0x04,0x00,0x29,0x00,
    0x2A,0x03,0x00,0x29,0x00,0x34,0x00,0x00,0x00,0x05,0x00,0x00,0x00,0x0D,0x00,0x29,0x00,0x3F,0x04,0x00,0x29,0x00,0x01,0x00,
    0x00,0x00,0x07,0x00,0x00,0x00,0x01,0x00,0x0A,0x2B,0xBB,0x04,0x00,0x29,0x00,0x1A,0x00,0x00,0x00,0x09,0x00,0x00,0x00,0x07,
    0x00,0x29,0x00,0x03,0x04,0x00,0x29,0x00,0x1C,0x00,0x00,0x00,0x09,0x00,0x00,0x00,0x05,0x00,0x29,0x00,0x03,0x04,0x00,0x29,
    0x00,0x28,0x00,0x00,0x00,0x09,0x00,0x00,0x00,0x07,0x00,0x29,0x00,0x02,0x04,0x00,0x29,0x00,0x28,0x00,0x00,0x00,0x09,0x00,
    0x00,0x00,0x07,0x00,0x29,0x00,0x42,0x04,0x00,0x29,0x00,0x28,0x00,0x00,0x00,0x09,0x00,0x00,0x00,0x01,0x00,0x29,0x00,0x2A,
    0x04,0x00,0x29,0x00,0x29,0x00,0x00,0x00,0x09,0x00,0x00,0x00,0x05,0x00,0x29,0x00,0x02,0x04,0x00,0x29,0x00,0x29,0x00,0x00,
    0x00,0x09,0x00,0x00,0x00,0x04,0x00,0x29,0x00,0x2A,0x04,0x00,0x29,0x00,0x29,0x00,0x00,0x00,0x09,0x00,0x00,0x00,0x05,0x00,
    0x29,0x00,0x42,0x04,0x00,0x29,0x00,0x29,0x00,0x00,0x00,0x09,0x00,0x00,0x00,0x0D,0x00,0x29,0x00,0x4C,0x04,0x00,0x29,0x00,
    0x29,0x00,0x00,0x00,0x09,0x00,0x00,0x00,0x0D,0x00,0x29,0x00,0x3F,0x04,0x00,0x29,0x00,0x34,0x00,0x00,0x00,0x05,0x00,0x00,
    0x00,0x0D,0x00,0x29,0x00,0x29,0x06,0x00,0x29,0x00,0x47,0x05,0x00,0x15,0x00,0x15,0x00,0x03,0x00,0x05,0x00,0x00,0x00,0x09,
    0x00,0x00,0x00,0x07,0x00,0x15,0x00,0x0A,0x00,0x00,0x00,0x09,0x00,0x00,0x00,0x01,0x00,0x15,0x01,0x00,0x00,0x00,0x00,0x09,
    0x00,0x00,0x00,0x07,0x00,0x15,0x01,0x48,0x00,0x00,0x00,0x09,0x00,0x00,0x00,0x07,0x00,0x15,0x00,0x02,0x00,0x00,0x00,0x09,
    0x00,0x00,0x00,0x01,0x00,0x15,0x01,0xD5,0x00,0x00,0x00,0x20,0x00,0x00,0x00,0x02,0x52,0x65,0x6C,0x61,0x79,0x20,0x53,0x74,
    0x61,0x72,0x74,0x20,0x52,0x69,0x6E,0x67,0x20,0x43,0x69,0x6E,0x65,0x6D,0x61,0x74,0x69,0x63,0x00,0x01,0x05,0x00,0x3A,0x00,
    0x15,0x00,0x0A,0x00,0x0E,0x00,0x00,0x00,0x09,0x00,0x00,0x00,0x0D,0x00,0x15,0x02,0x25,0x00,0x00,0x00,0x09,0x00,0x00,0x00,
    0x10,0x00,0x15,0x00,0x29,0x00,0x00,0x00,0x09,0x00,0x00,0x00,0x08,0x00,0x15,0x00,0x0F,0x00,0x00,0x00,0x09,0x00,0x00,0x00,
    0x04,0x00,0x15,0x01,0x00,0x00,0x00,0x00,0x09,0x00,0x00,0x00,0x04,0x00,0x15,0x01,0x12,0x00,0x00,0x00,0x09,0x00,0x00,0x00,
    0x04,0x00,0x15,0x01,0x25,0x00,0x00,0x00,0x09,0x00,0x00,0x00,0x04,0x00,0x15,0x00,0x6A,0x00,0x00,0x00,0x09,0x00,0x00,0x00,
    0x04,0x00,0x15,0x01,0x1B,0x00,0x00,0x00,0x09,0x00,0x00,0x00,0x04,0x00,0x15,0x01,0x73,0x00,0x00,0x00,0x09,0x00,0x00,0x00,
    0x04,0x00,0x15,0x01,0xD5,0x00,0x00,0x00,0x09,0x00,0x00,0x00,0x0F,0x00,0x15,0x01,0x41,0x00,0x00,0x00,0x09,0x00,0x00,0x00,
    0x0F,0x00,0x15,0x01,0x35,0x00,0x00,0x00,0x09,0x00,0x00,0x00,0x10,0x00,0x15,0x01,0x0B,0x00,0x00,0x00,0x09,0x00,0x00,0x00,
    0x0B,0x00,0x15,0x00,0x05,0x00,0x00,0x00,0x69,0x00,0x00,0x00,0x0F,0x53,0x70,0x65,0x63,0x69,0x61,0x6C,0x46,0x75,0x6E,0x63,
    0x74,0x69,0x6F,0x6E,0x20,0x43,0x69,0x6E,0x65,0x6D,0x61,0x74,0x69,0x63,0x20,0x53,0x6B,0x69,0x70,0x00,0x00,0x00,0x00,0x00,
    0x00,0x00,0x00,0x00,0x00,0x00,0x00,0x00,0x00,0x00,0x00,0x00,0x00,0x00,0x00,0x00,0x00,0x00,0x00,0x00,0x00,0x00,0x00,0x0F,
    0x00,0x00,0x00,0x00,0x00,0x00,0x00,0x00,0x00,0x00,0x00,0x00,0x00,0xFF,0xFF,0xFF,0xFF,0xFF,0xFF,0xFF,0xFF,0x00,0x00,0x00,
    0x00,0x01,0x00,0x00,0x00,0x00,0xFF,0xFF,0xFF,0xFF,0xFF,0xFF,0xFF,0xFF,0xFF,0xFF,0xFF,0xFF,0x05,0x00,0x05,0x00,0x15,0x00,
    0x05,0x00,0x10,0x00,0x00,0x00,0x09,0x00,0x00,0x00,0x10,0x00,0x15,0x01,0x59,0x00,0x00,0x00,0x09,0x00,0x00,0x00,0x10,0x00,
    0x15,0x01,0x69,0x00,0x00,0x00,0x09,0x00,0x00,0x00,0x10,0x00,0x15,0x01,0x71,0x00,0x00,0x00,0x09,0x00,0x00,0x00,0x10,0x00,
    0x15,0x01,0x77,0x00,0x00,0x00,0x09,0x00,0x00,0x00,0x14,0x00,0x15,0x01,0xAF,0x00,0x00,0x00,0x09,0x00,0x00,0x00,0x14,0x00,
    0x15,0x01,0x4D,0x00,0x00,0x00,0x09,0x00,0x00,0x00,0x14,0x00,0x15,0x01,0xB0,0x00,0x00,0x00,0x09,0x00,0x00,0x00,0x14,0x00,
    0x15,0x01,0xAE,0x00,0x00,0x00,0x09,0x00,0x00,0x00,0x01,0x00,0x15,0x01,0x7D,0x00,0x00,0x00,0x09,0x00,0x00,0x00,0x01,0x00,
    0x15,0x01,0x96,0x00,0x00,0x00,0x09,0x00,0x00,0x00,0x01,0x00,0x15,0x01,0x95,0x00,0x00,0x00,0x09,0x00,0x00,0x00,0x01,0x00,
    0x15,0x01,0x97,0x00,0x00,0x00,0x09,0x00,0x00,0x00,0x0D,0x00,0x15,0x00,0xA6,0x00,0x00,0x00,0x09,0x00,0x00,0x00,0x0D,0x00,
    0x15,0x00,0xA8,0x00,0x00,0x00,0x09,0x00,0x00,0x00,0x0D,0x00,0x15,0x00,0xAA,0x00,0x00,0x00,0x09,0x00,0x00,0x00,0x0D,0x00,
    0x15,0x00,0xAC,0x00,0x00,0x00,0x32,0x00,0x00,0x00,0x06,0x45,0x6E,0x61,0x62,0x6C,0x65,0x20,0x42,0x6C,0x6F,0x63,0x6B,0x73,
    0x20,0x43,0x69,0x6E,0x65,0x6D,0x61,0x74,0x69,0x63,0x20,0x53,0x6B,0x69,0x70,0x20,0x54,0x69,0x6D,0x65,0x72,0x00,0x3F,0xC0,
    0x00,0x00,0x00,0x00,0x00,0x00,0x00,0x00,0x01,0x03,0x00,0x15,0x01,0x00,0x00,0x00,0x00,0x00,0x00,0x00,0x00,0x07,0x00,0x15,
    0x01,0x48,0x03,0x00,0x15,0x01,0x00,0x00,0x00,0x00,0x00,0x00,0x00,0x00,0x01,0x00,0x15,0x01,0xD5,0x03,0x00,0x15,0x01,0xE3,
    0x00,0x00,0x00,0x07,0x00,0x00,0x00,0x01,0x00,0x15,0x01,0x00,0x04,0x00,0x15,0x01,0xE3,0x00,0x00,0x00,0x07,0x00,0x00,0x00,
    0x0D,0x00,0x15,0x00,0x03,0x04,0x00,0x15,0x02,0x25,0x00,0x00,0x00,0x09,0x00,0x00,0x00,0x05,0x00,0x15,0x00,0x0A,0x05,0x00,
    0x0F,0x00,0x54,0xC5,0x63,0x00,0x00,0x00,0x00,0x00,0x99,0x00,0x00,0x00,0x23,0x4D,0x6F,0x72,0x70,0x68,0x00,0x00,0x00,0x00,
    0x00,0x00,0x00,0x00,0x00,0x00,0x00,0x00,0x00,0x00,0x00,0x00,0x00,0x00,0x00,0x00,0x00,0x00,0x00,0x00,0x00,0x00,0x00,0x00,
    0x00,0x00,0x00,0x00,0x00,0x00,0x00,0x00,0x00,0x00,0x00,0x00,0x00,0x00,0x00,0x00,0x00,0x00,0x00,0x00,0x00,0x00,0x00,0x00,
    0x00,0x00,0x00,0x00,0x00,0x00,0x00,0x00,0x00,0x00,0x00,0x00,0x00,0x00,0x00,0x00,0x00,0x00,0x00,0x00,0x00,0x00,0x00,0x00,
    0x00,0x00,0x00,0x00,0x00,0x00,0x00,0x00,0x00,0x00,0x00,0x00,0x00,0x00,0x00,0x00,0x00,0x00,0x00,0x00,0x00,0x00,0x00,0x00,
    0x00,0x00,0x00,0x00,0x00,0x00,0x00,0x00,0x00,0x00,0x00,0x00,0x00,0x00,0x00,0x00,0x00,0x00,0x00,0x00,0x00,0x00,0x00,0x00,
    0x00,0x00,0x00,0x00,0x00,0x00,0x00,0x00,0x00,0x00,0x00,0x00,0x00,0x00,0x00,0x00,0x00,0x00,0x01,0x01,0x05,0x00,0x3A,0x00,
    0x0E,0xA4,0x4F,0x00,0x07,0x00,0x00,0x00,0x09,0x00,0x00,0x00,0x07,0x00,0x00,0xA4,0x55,0x00,0x00,0x00,0x09,0x00,0x00,0x00,
    0x01,0x00,0x0A,0x2C,0x2A,0x00,0x00,0x00,0x09,0x00,0x00,0x00,0x08,0x00,0x0E,0x00,0x15,0x00,0x00,0x00,0x09,0x00,0x00,0x00,
    0x04,0x00,0x0E,0x00,0x21,0x00,0x00,0x00,0x09,0x00,0x00,0x00,0x04,0x00,0x0E,0x00,0x34,0x00,0x00,0x00,0x09,0x00,0x00,0x00,
    0x04,0x00,0x0E,0x00,0x3D,0x00,0x00,0x00,0x09,0x00,0x00,0x00,0x04,0x00,0x0E,0x00,0x61,0x00,0x00,0x00,0x61,0x00,0x00,0x00,
    0x0F,0x41,0x72,0x72,0x69,0x76,0x61,0x6C,0x20,0x43,0x69,0x6E,0x65,0x6D,0x61,0x74,0x69,0x63,0x20,0x53,0x6B,0x69,0x70,0x00,
    0x00,0x00,0x00,0x00,0x00,0x00,0x00,0x00,0x00,0x00,0x00,0x00,0x00,0x00,0x00,0x00,0x00,0x00,0x00,0x00,0x00,0x00,0x00,0x00,
    0x00,0x00,0x00,0x0F,0x00,0x00,0x00,0x00,0x00,0x00,0x00,0x00,0x00,0x00,0x00,0x00,0x00,0xFF,0xFF,0xFF,0xFF,0xFF,0xFF,0xFF,
    0xFF,0x00,0x00,0x00,0x00,0x01,0x00,0x00,0x00,0x00,0xFF,0xFF,0xFF,0xFF,0xFF,0xFF,0xFF,0xFF,0xFF,0xFF,0xFF,0xFF,0x05,0x00,
    0x3A,0x00,0x0E,0x00,0x41,0x00,0x05,0x00,0x00,0x00,0x09,0x00,0x00,0x00,0x0B,0x00,0x18,0x00,0x55,0x00,0x00,0x00,0x09,0x00,
    0x00,0x00,0x0D,0x00,0x0E,0x00,0x2A,0x00,0x00,0x00,0x09,0x00,0x00,0x00,0x14,0x00,0x0E,0x00,0x05,0x00,0x00,0x00,0x09,0x00,
    0x00,0x00,0x01,0x00,0x0E,0x00,0x48,0x00,0x00,0x00,0x09,0x00,0x00,0x00,0x07,0x00,0x00,0xA4,0x55,0x00,0x00,0x00,0x63,0x00,
    0x00,0x00,0x0F,0x44,0x65,0x70,0x61,0x72,0x74,0x75,0x72,0x65,0x20,0x43,0x69,0x6E,0x65,0x6D,0x61,0x74,0x69,0x63,0x20,0x53,
    0x6B,0x69,0x70,0x00,0x00,0x00,0x00,0x00,0x00,0x00,0x00,0x00,0x00,0x00,0x00,0x00,0x00,0x00,0x00,0x00,0x00,0x00,0x00,0x00,
    0x00,0x00,0x00,0x00,0x00,0x00,0x00,0x0F,0x00,0x00,0x00,0x00,0x00,0x00,0x00,0x00,0x00,0x00,0x00,0x00,0x00,0xFF,0xFF,0xFF,
    0xFF,0xFF,0xFF,0xFF,0xFF,0x00,0x00,0x00,0x00,0x01,0x00,0x00,0x00,0x00,0xFF,0xFF,0xFF,0xFF,0xFF,0xFF,0xFF,0xFF,0xFF,0xFF,
    0xFF,0xFF,0x05,0x00,0x0C,0x00,0x0A,0x2C,0x2A,0x00,0x03,0x00,0x00,0x00,0x00,0x00,0x00,0x00,0x0D,0x00,0x54,0xC5,0x63,0x00,
    0x00,0x00,0x05,0x00,0x00,0x00,0x05,0x00,0x00,0xA4,0x55,0x00,0x00,0x00,0x05,0x00,0x00,0x00,0x0D,0x00,0x0E,0x00,0x17,0x00,
    0x00,0x00,0x33,0x00,0x00,0x00,0x0F,0x48,0x6F,0x6C,0x64,0x00,0x00,0x00,0x00,0x00,0x00,0x00,0x00,0x00,0x00,0x00,0x00,0x00,
    0x00,0x00,0x00,0x00,0x00,0x00,0x00,0x00,0x00,0x00,0x00,0x00,0x00,0x40,0xE0,0x00,0x00,0x00,0x00,0x00,0x00,0x01,0x00,0x00,
    0x42,0x8C,0x00,0x00,0x01,0x00,0x05,0x00,0x18,0x00,0x00,0xA4,0x55,0x00,0x00,0x00,0x00,0x00,0x3C,0x00,0x00,0x00,0x0A,0x48,
    0x6F,0x6C,0x64,0x20,0x42,0x6C,0x61,0x63,0x6B,0x00,0x01,0x00,0x00,0x00,0x01,0x00,0x00,0x00,0x00,0x00,0x00,0x00,0x02,0x00,
    0x00,0x00,0x00,0x00,0x00,0x00,0x00,0x00,0x00,0x00,0x00,0x00,0x00,0x00,0x00,0x3F,0x80,0x00,0x00,0x00,0x00,0x00,0x00,0x3F,
    0x00,0x00,0x00,0xFF,0xFF,0xFF,0xFF,0x05,0x00,0x05,0x00,0x18,0x00,0x55,0x00,0x01,0x00,0x00,0x00,0x09,0x00,0x00,0x00,0x08,
    0x00,0x0E,0x00,0x04,0x00,0x00,0x00,0x2B,0x00,0x00,0x00,0x06,0x43,0x75,0x74,0x73,0x63,0x65,0x6E,0x65,0x20,0x53,0x6B,0x69,
    0x70,0x20,0x32,0x20,0x46,0x72,0x61,0x6D,0x65,0x20,0x44,0x65,0x6C,0x61,0x79,0x00,0x3C,0xA3,0xD7,0x0A,0x00,0x00,0x00,0x00,
    0x00,0x00,0x01,0x05,0x00,0x05,0x00,0x0A,0x2B,0xBB,0x00,0x01,0x00,0x00,0x00,0x09,0x00,0x00,0x00,0x04,0x00,0x0A,0x2C,0x2A,
    0x00,0x00,0x00,0x1A,0x00,0x00,0x00,0x06,0x4C,0x6F,0x61,0x64,0x20,0x54,0x69,0x6D,0x65,0x72,0x00,0x3A,0x83,0x12,0x6F,0x00,
    0x00,0x00,0x00,0x01,0x01,0x00,0x03,0x00,0x0E,0x00,0x21,0x00,0x00,0x00,0x00,0x00,0x00,0x00,0x07,0x00,0x0E,0x00,0x20,0x03,
    0x00,0x0E,0x00,0x21,0x00,0x00,0x00,0x00,0x00,0x00,0x00,0x01,0x00,0x0E,0x00,0x1F,0x03,0x00,0x0E,0x00,0x3D,0x00,0x00,0x00,
    0x05,0x00,0x00,0x00,0x0D,0x00,0x0E,0x00,0x3A,0x03,0x00,0x0E,0x00,0x3D,0x00,0x00,0x00,0x05,0x00,0x00,0x00,0x05,0x00,0x0E,
    0x00,0x20,0x03,0x00,0x0E,0x00,0x3D,0x00,0x00,0x00,0x05,0x00,0x00,0x00,0x04,0x00,0x0E,0x00,0x1F,0x03,0x00,0x0E,0x00,0x3D,
    0x00,0x00,0x00,0x05,0x00,0x00,0x00,0x0D,0x00,0x0E,0x00,0x26,0x04,0x00,0x0E,0x00,0x01,0x00,0x00,0x00,0x07,0x00,0x00,0x00,
    0x01,0x00,0x0A,0x2B,0xBB,0x04,0x00,0x0E,0x00,0x1E,0x00,0x00,0x00,0x09,0x00,0x00,0x00,0x07,0x00,0x0E,0x00,0x41,0x04,0x00,
    0x0E,0x00,0x16,0x00,0x00,0x00,0x09,0x00,0x00,0x00,0x07,0x00,0x0E,0xA4,0x4F,0x04,0x00,0x0E,0x00,0x16,0x00,0x00,0x00,0x09,
    0x00,0x00,0x00,0x07,0x00,0x0E,0x00,0x20,0x04,0x00,0x0E,0x00,0x16,0x00,0x00,0x00,0x09,0x00,0x00,0x00,0x01,0x00,0x0E,0x00,
    0x1F,0x04,0x00,0x0E,0x00,0x17,0x00,0x00,0x00,0x09,0x00,0x00,0x00,0x05,0x00,0x0E,0xA4,0x4F,0x04,0x00,0x0E,0x00,0x17,0x00,
    0x00,0x00,0x09,0x00,0x00,0x00,0x04,0x00,0x0E,0x00,0x1F,0x04,0x00,0x0E,0x00,0x17,0x00,0x00,0x00,0x09,0x00,0x00,0x00,0x05,
    0x00,0x0E,0x00,0x20,0x04,0x00,0x0E,0x00,0x17,0x00,0x00,0x00,0x09,0x00,0x00,0x00,0x0D,0x00,0x0E,0x00,0x3A,0x04,0x00,0x0E,
    0x00,0x17,0x00,0x00,0x00,0x09,0x00,0x00,0x00,0x0D,0x00,0x0E,0x00,0x26,0x04,0x00,0x0E,0x00,0x2A,0x00,0x00,0x00,0x09,0x00,
    0x00,0x00,0x05,0x00,0x0E,0x00,0x41,0x04,0x00,0x0E,0x00,0x3D,0x00,0x00,0x00,0x05,0x00,0x00,0x00,0x0D,0x00,0x0E,0x00,0x17,
    0x06,0x00,0x0E,0x00,0x08,0x05,0x00,0x15,0x00,0x35,0x00,0x0C,0x00,0x04,0x00,0x00,0x00,0x09,0x00,0x00,0x00,0x05,0x00,0x35,
    0x00,0x0B,0x00,0x00,0x00,0x09,0x00,0x00,0x00,0x05,0x00,0x35,0x02,0x9D,0x00,0x00,0x00,0x09,0x00,0x00,0x00,0x04,0x00,0x35,
    0x03,0x2D,0x00,0x00,0x00,0x09,0x00,0x00,0x00,0x04,0x00,0x35,0x03,0xB7,0x00,0x00,0x00,0x18,0x00,0x00,0x00,0x02,0x52,0x65,
    0x6C,0x61,0x79,0x20,0x4F,0x6E,0x65,0x20,0x53,0x68,0x6F,0x74,0x20,0x45,0x6E,0x64,0x00,0x01,0x05,0x00,0x15,0x00,0x35,0x00,
    0x0D,0x00,0x02,0x00,0x00,0x00,0x09,0x00,0x00,0x00,0x05,0x00,0x35,0x02,0x9D,0x00,0x00,0x00,0x09,0x00,0x00,0x00,0x05,0x00,
    0x35,0x00,0x0E,0x00,0x00,0x00,0x23,0x00,0x00,0x00,0x02,0x52,0x65,0x6C,0x61,0x79,0x20,0x44,0x65,0x73,0x74,0x72,0x6F,0x79,
    0x65,0x64,0x20,0x43,0x69,0x6E,0x65,0x6D,0x61,0x74,0x69,0x63,0x20,0x45,0x6E,0x64,0x00,0x01,0x05,0x00,0x15,0x00,0x35,0x00,
    0x08,0x00,0x03,0x00,0x00,0x00,0x09,0x00,0x00,0x00,0x05,0x00,0x35,0x00,0x0A,0x00,0x00,0x00,0x09,0x00,0x00,0x00,0x05,0x00,
    0x35,0x02,0x9D,0x00,0x00,0x00,0x09,0x00,0x00,0x00,0x0D,0x00,0x35,0x02,0xD0,0x00,0x00,0x00,0x1B,0x00,0x00,0x00,0x02,0x52,
    0x65,0x6C,0x61,0x79,0x20,0x2D,0x20,0x45,0x6E,0x64,0x20,0x6F,0x66,0x20,0x43,0x69,0x6E,0x65,0x6D,0x61,0x00,0x01,0x05,0x00,
    0x3A,0x00,0x35,0x00,0x0B,0x00,0x0F,0x00,0x00,0x00,0x09,0x00,0x00,0x00,0x0D,0x00,0x35,0x00,0x0C,0x00,0x00,0x00,0x09,0x00,
    0x00,0x00,0x04,0x00,0x35,0x02,0x9B,0x00,0x00,0x00,0x09,0x00,0x00,0x00,0x04,0x00,0x35,0x02,0x6D,0x00,0x00,0x00,0x09,0x00,
    0x00,0x00,0x04,0x00,0x35,0x02,0x6E,0x00,0x00,0x00,0x09,0x00,0x00,0x00,0x14,0x00,0x35,0x02,0xE6,0x00,0x00,0x00,0x09,0x00,
    0x00,0x00,0x04,0x00,0x35,0x03,0x81,0x00,0x00,0x00,0x09,0x00,0x00,0x00,0x0F,0x00,0x35,0x03,0x80,0x00,0x00,0x00,0x09,0x00,
    0x00,0x00,0x0F,0x00,0x35,0x03,0xA6,0x00,0x00,0x00,0x09,0x00,0x00,0x00,0x13,0x00,0x35,0x02,0x99,0x00,0x00,0x00,0x09,0x00,
    0x00,0x00,0x04,0x00,0x35,0x02,0x9A,0x00,0x00,0x00,0x09,0x00,0x00,0x00,0x01,0x00,0x35,0x02,0x5B,0x00,0x00,0x00,0x09,0x00,
    0x00,0x00,0x01,0x00,0x35,0x02,0x5A,0x00,0x00,0x00,0x09,0x00,0x00,0x00,0x01,0x00,0x35,0x02,0x59,0x00,0x00,0x00,0x09,0x00,
    0x00,0x00,0x01,0x00,0x35,0x02,0x58,0x00,0x00,0x00,0x09,0x00,0x00,0x00,0x01,0x00,0x35,0x02,0xDE,0x00,0x00,0x00,0x69,0x00,
    0x00,0x00,0x0F,0x53,0x70,0x65,0x63,0x69,0x61,0x6C,0x46,0x75,0x6E,0x63,0x74,0x69,0x6F,0x6E,0x20,0x43,0x69,0x6E,0x65,0x6D,
    0x61,0x74,0x69,0x63,0x20,0x53,0x6B,0x69,0x70,0x00,0x00,0x00,0x00,0x00,0x00,0x00,0x00,0x00,0x00,0x00,0x00,0x00,0x00,0x00,
    0x00,0x00,0x00,0x00,0x00,0x00,0x00,0x00,0x00,0x00,0x00,0x00,0x00,0x0F,0x00,0x00,0x00,0x00,0x00,0x00,0x00,0x00,0x00,0x00,
    0x00,0x00,0x00,0xFF,0xFF,0xFF,0xFF,0xFF,0xFF,0xFF,0xFF,0x00,0x00,0x00,0x00,0x01,0x00,0x00,0x00,0x00,0xFF,0xFF,0xFF,0xFF,
    0xFF,0xFF,0xFF,0xFF,0xFF,0xFF,0xFF,0xFF,0x05,0x00,0x3A,0x00,0x35,0x00,0x0E,0x00,0x07,0x00,0x00,0x00,0x09,0x00,0x00,0x00,
    0x13,0x00,0x35,0x02,0xA1,0x00,0x00,0x00,0x09,0x00,0x00,0x00,0x04,0x00,0x35,0x02,0xA2,0x00,0x00,0x00,0x09,0x00,0x00,0x00,
    0x01,0x00,0x35,0x02,0xE0,0x00,0x00,0x00,0x09,0x00,0x00,0x00,0x04,0x00,0x35,0x02,0xA3,0x00,0x00,0x00,0x09,0x00,0x00,0x00,
    0x04,0x00,0x35,0x02,0x6F,0x00,0x00,0x00,0x09,0x00,0x00,0x00,0x04,0x00,0x35,0x02,0x70,0x00,0x00,0x00,0x09,0x00,0x00,0x00,
    0x14,0x00,0x35,0x02,0xE7,0x00,0x00,0x00,0x69,0x00,0x00,0x00,0x0F,0x53,0x70,0x65,0x63,0x69,0x61,0x6C,0x46,0x75,0x6E,0x63,
    0x74,0x69,0x6F,0x6E,0x20,0x43,0x69,0x6E,0x65,0x6D,0x61,0x74,0x69,0x63,0x20,0x53,0x6B,0x69,0x70,0x00,0x00,0x00,0x00,0x00,
    0x00,0x00,0x00,0x00,0x00,0x00,0x00,0x00,0x00,0x00,0x00,0x00,0x00,0x00,0x00,0x00,0x00,0x00,0x00,0x00,0x00,0x00,0x00,0x0F,
    0x00,0x00,0x00,0x00,0x00,0x00,0x00,0x00,0x00,0x00,0x00,0x00,0x00,0xFF,0xFF,0xFF,0xFF,0xFF,0xFF,0xFF,0xFF,0x00,0x00,0x00,
    0x00,0x01,0x00,0x00,0x00,0x00,0xFF,0xFF,0xFF,0xFF,0xFF,0xFF,0xFF,0xFF,0xFF,0xFF,0xFF,0xFF,0x05,0x00,0x3A,0x00,0x35,0x00,
    0x0A,0x00,0x03,0x00,0x00,0x00,0x09,0x00,0x00,0x00,0x0D,0x00,0x35,0x00,0x08,0x00,0x00,0x00,0x09,0x00,0x00,0x00,0x04,0x00,
    0x35,0x02,0xB2,0x00,0x00,0x00,0x09,0x00,0x00,0x00,0x08,0x00,0x35,0x02,0xA9,0x00,0x00,0x00,0x69,0x00,0x00,0x00,0x0F,0x53,
    0x70,0x65,0x63,0x69,0x61,0x6C,0x46,0x75,0x6E,0x63,0x74,0x69,0x6F,0x6E,0x20,0x43,0x69,0x6E,0x65,0x6D,0x61,0x74,0x69,0x63,
    0x20,0x53,0x6B,0x69,0x70,0x00,0x00,0x00,0x00,0x00,0x00,0x00,0x00,0x00,0x00,0x00,0x00,0x00,0x00,0x00,0x00,0x00,0x00,0x00,
    0x00,0x00,0x00,0x00,0x00,0x00,0x00,0x00,0x00,0x0F,0x00,0x00,0x00,0x00,0x00,0x00,0x00,0x00,0x00,0x00,0x00,0x00,0x00,0xFF,
    0xFF,0xFF,0xFF,0xFF,0xFF,0xFF,0xFF,0x00,0x00,0x00,0x00,0x01,0x00,0x00,0x00,0x00,0xFF,0xFF,0xFF,0xFF,0xFF,0xFF,0xFF,0xFF,
    0xFF,0xFF,0xFF,0xFF,0x03,0x00,0x35,0x02,0x9C,0x00,0x00,0x00,0x00,0x00,0x00,0x00,0x07,0x00,0x35,0x02,0x9D,0x03,0x00,0x35,
    0x02,0x9C,0x00,0x00,0x00,0x05,0x00,0x00,0x00,0x05,0x00,0x35,0x02,0x9D,0x03,0x00,0x35,0x02,0x9C,0x00,0x00,0x00,0x05,0x00,
    0x00,0x00,0x04,0x00,0x35,0x03,0x2D,0x03,0x00,0x35,0x02,0x9C,0x00,0x00,0x00,0x05,0x00,0x00,0x00,0x04,0x00,0x35,0x03,0xB7,
    0x03,0x00,0x35,0x02,0xA5,0x00,0x00,0x00,0x00,0x00,0x00,0x00,0x07,0x00,0x35,0x02,0x9D,0x03,0x00,0x35,0x02,0xA5,0x00,0x00,
    0x00,0x05,0x00,0x00,0x00,0x05,0x00,0x35,0x02,0x9D,0x03,0x00,0x35,0x02,0xB2,0x00,0x00,0x00,0x00,0x00,0x00,0x00,0x07,0x00,
    0x35,0x02,0x9D,0x03,0x00,0x35,0x02,0xB2,0x00,0x00,0x00,0x05,0x00,0x00,0x00,0x05,0x00,0x35,0x02,0x9D,0x03,0x00,0x35,0x02,
    0xB2,0x00,0x00,0x00,0x05,0x00,0x00,0x00,0x0D,0x00,0x35,0x02,0xD0,0x04,0x00,0x35,0x02,0x79,0x00,0x00,0x00,0x09,0x00,0x00,
    0x00,0x07,0x00,0x35,0x00,0x0A,0x04,0x00,0x35,0x02,0x79,0x00,0x00,0x00,0x09,0x00,0x00,0x00,0x07,0x00,0x35,0x02,0x9D,0x04,
    0x00,0x35,0x02,0x96,0x00,0x00,0x00,0x09,0x00,0x00,0x00,0x07,0x00,0x35,0x00,0x0E,0x04,0x00,0x35,0x02,0x96,0x00,0x00,0x00,
    0x09,0x00,0x00,0x00,0x07,0x00,0x35,0x02,0x9D,0x04,0x00,0x35,0x02,0x9C,0x00,0x00,0x00,0x05,0x00,0x00,0x00,0x0D,0x00,0x35,
    0x00,0x0C,0x04,0x00,0x35,0x02,0xA5,0x00,0x00,0x00,0x05,0x00,0x00,0x00,0x0D,0x00,0x35,0x00,0x0D,0x04,0x00,0x35,0x02,0xB2,
    0x00,0x00,0x00,0x05,0x00,0x00,0x00,0x0D,0x00,0x35,0x00,0x08,0x04,0x00,0x35,0x03,0x28,0x00,0x00,0x00,0x09,0x00,0x00,0x00,
    0x07,0x00,0x35,0x00,0x0B,0x04,0x00,0x35,0x03,0x28,0x00,0x00,0x00,0x09,0x00,0x00,0x00,0x07,0x00,0x35,0x02,0x9D,0x05,0x00,
    0x0F,0x00,0x54,0xC5,0x63,0x00,0x00,0x00,0x00,0x00,0x99,0x00,0x00,0x00,0x23,0x4D,0x6F,0x72,0x70,0x68,0x00,0x00,0x00,0x00,
    0x00,0x00,0x00,0x00,0x00,0x00,0x00,0x00,0x00,0x00,0x00,0x00,0x00,0x00,0x00,0x00,0x00,0x00,0x00,0x00,0x00,0x00,0x00,0x00,
    0x00,0x00,0x00,0x00,0x00,0x00,0x00,0x00,0x00,0x00,0x00,0x00,0x00,0x00,0x00,0x00,0x00,0x00,0x00,0x00,0x00,0x00,0x00,0x00,
    0x00,0x00,0x00,0x00,0x00,0x00,0x00,0x00,0x00,0x00,0x00,0x00,0x00,0x00,0x00,0x00,0x00,0x00,0x00,0x00,0x00,0x00,0x00,0x00,
    0x00,0x00,0x00,0x00,0x00,0x00,0x00,0x00,0x00,0x00,0x00,0x00,0x00,0x00,0x00,0x00,0x00,0x00,0x00,0x00,0x00,0x00,0x00,0x00,
    0x00,0x00,0x00,0x00,0x00,0x00,0x00,0x00,0x00,0x00,0x00,0x00,0x00,0x00,0x00,0x00,0x00,0x00,0x00,0x00,0x00,0x00,0x00,0x00,
    0x00,0x00,0x00,0x00,0x00,0x00,0x00,0x00,0x00,0x00,0x00,0x00,0x00,0x00,0x00,0x00,0x00,0x00,0x01,0x01,0x05,0x00,0x3A,0x00,
    0x17,0x00,0x03,0x00,0x05,0x00,0x00,0x00,0x09,0x00,0x00,0x00,0x0B,0x00,0x18,0x00,0x55,0x00,0x00,0x00,0x09,0x00,0x00,0x00,
    0x04,0x00,0x17,0x00,0x42,0x00,0x00,0x00,0x09,0x00,0x00,0x00,0x14,0x00,0x17,0x00,0x32,0x00,0x00,0x00,0x09,0x00,0x00,0x00,
    0x01,0x00,0x17,0x00,0x40,0x00,0x00,0x00,0x09,0x00,0x00,0x00,0x07,0x00,0x00,0xA4,0x55,0x00,0x00,0x00,0x63,0x00,0x00,0x00,
    0x0F,0x44,0x65,0x70,0x61,0x72,0x74,0x75,0x72,0x65,0x20,0x43,0x69,0x6E,0x65,0x6D,0x61,0x74,0x69,0x63,0x20,0x53,0x6B,0x69,
    0x70,0x00,0x00,0x00,0x00,0x00,0x00,0x00,0x00,0x00,0x00,0x00,0x00,0x00,0x00,0x00,0x00,0x00,0x00,0x00,0x00,0x00,0x00,0x00,
    0x00,0x00,0x00,0x00,0x00,0x0F,0x00,0x00,0x00,0x00,0x00,0x00,0x00,0x00,0x00,0x00,0x00,0x00,0x00,0xFF,0xFF,0xFF,0xFF,0xFF,
    0xFF,0xFF,0xFF,0x00,0x00,0x00,0x00,0x01,0x00,0x00,0x00,0x00,0xFF,0xFF,0xFF,0xFF,0xFF,0xFF,0xFF,0xFF,0xFF,0xFF,0xFF,0xFF,
    0x05,0x00,0x3A,0x00,0x17,0x00,0x0F,0x00,0x05,0x00,0x00,0x00,0x09,0x00,0x00,0x00,0x07,0x00,0x00,0xA4,0x55,0x00,0x00,0x00,
    0x09,0x00,0x00,0x00,0x01,0x00,0x0A,0x2C,0x2A,0x00,0x00,0x00,0x09,0x00,0x00,0x00,0x08,0x00,0x17,0x00,0x2E,0x00,0x00,0x00,
    0x09,0x00,0x00,0x00,0x04,0x00,0x17,0x00,0x27,0x00,0x00,0x00,0x09,0x00,0x00,0x00,0x04,0x00,0x17,0x00,0x68,0x00,0x00,0x00,
    0x61,0x00,0x00,0x00,0x0F,0x41,0x72,0x72,0x69,0x76,0x61,0x6C,0x20,0x43,0x69,0x6E,0x65,0x6D,0x61,0x74,0x69,0x63,0x20,0x53,
    0x6B,0x69,0x70,0x00,0x00,0x00,0x00,0x00,0x00,0x00,0x00,0x00,0x00,0x00,0x00,0x00,0x00,0x00,0x00,0x00,0x00,0x00,0x00,0x00,
    0x00,0x00,0x00,0x00,0x00,0x00,0x00,0x0F,0x00,0x00,0x00,0x00,0x00,0x00,0x00,0x00,0x00,0x00,0x00,0x00,0x00,0xFF,0xFF,0xFF,
    0xFF,0xFF,0xFF,0xFF,0xFF,0x00,0x00,0x00,0x00,0x01,0x00,0x00,0x00,0x00,0xFF,0xFF,0xFF,0xFF,0xFF,0xFF,0xFF,0xFF,0xFF,0xFF,
    0xFF,0xFF,0x05,0x00,0x0C,0x00,0x0A,0x2C,0x2A,0x00,0x03,0x00,0x00,0x00,0x00,0x00,0x00,0x00,0x0D,0x00,0x54,0xC5,0x63,0x00,
    0x00,0x00,0x05,0x00,0x00,0x00,0x05,0x00,0x00,0xA4,0x55,0x00,0x00,0x00,0x05,0x00,0x00,0x00,0x0D,0x00,0x17,0x00,0x1F,0x00,
    0x00,0x00,0x33,0x00,0x00,0x00,0x0F,0x48,0x6F,0x6C,0x64,0x00,0x00,0x00,0x00,0x00,0x00,0x00,0x00,0x00,0x00,0x00,0x00,0x00,
    0x00,0x00,0x00,0x00,0x00,0x00,0x00,0x00,0x00,0x00,0x00,0x00,0x00,0x40,0xE0,0x00,0x00,0x00,0x00,0x00,0x00,0x01,0x00,0x00,
    0x42,0x8C,0x00,0x00,0x01,0x00,0x05,0x00,0x18,0x00,0x00,0xA4,0x55,0x00,0x00,0x00,0x00,0x00,0x3C,0x00,0x00,0x00,0x0A,0x48,
    0x6F,0x6C,0x64,0x20,0x42,0x6C,0x61,0x63,0x6B,0x00,0x01,0x00,0x00,0x00,0x01,0x00,0x00,0x00,0x00,0x00,0x00,0x00,0x02,0x00,
    0x00,0x00,0x00,0x00,0x00,0x00,0x00,0x00,0x00,0x00,0x00,0x00,0x00,0x00,0x00,0x3F,0x80,0x00,0x00,0x00,0x00,0x00,0x00,0x3F,
    0x00,0x00,0x00,0xFF,0xFF,0xFF,0xFF,0x05,0x00,0x05,0x00,0x18,0x00,0x55,0x00,0x01,0x00,0x00,0x00,0x09,0x00,0x00,0x00,0x08,
    0x00,0x17,0x00,0x1E,0x00,0x00,0x00,0x2B,0x00,0x00,0x00,0x06,0x43,0x75,0x74,0x73,0x63,0x65,0x6E,0x65,0x20,0x53,0x6B,0x69,
    0x70,0x20,0x32,0x20,0x46,0x72,0x61,0x6D,0x65,0x20,0x44,0x65,0x6C,0x61,0x79,0x00,0x3C,0xA3,0xD7,0x0A,0x00,0x00,0x00,0x00,
    0x00,0x00,0x01,0x05,0x00,0x05,0x00,0x0A,0x2B,0xBB,0x00,0x01,0x00,0x00,0x00,0x09,0x00,0x00,0x00,0x04,0x00,0x0A,0x2C,0x2A,
    0x00,0x00,0x00,0x1A,0x00,0x00,0x00,0x06,0x4C,0x6F,0x61,0x64,0x20,0x54,0x69,0x6D,0x65,0x72,0x00,0x3A,0x83,0x12,0x6F,0x00,
    0x00,0x00,0x00,0x01,0x01,0x00,0x03,0x00,0x17,0x00,0x20,0x00,0x00,0x00,0x00,0x00,0x00,0x00,0x07,0x00,0x17,0x00,0x45,0x03,
    0x00,0x17,0x00,0x20,0x00,0x00,0x00,0x00,0x00,0x00,0x00,0x01,0x00,0x17,0x00,0x21,0x03,0x00,0x17,0x00,0x20,0x00,0x00,0x00,
    0x00,0x00,0x00,0x00,0x14,0x00,0x17,0x00,0x50,0x03,0x00,0x17,0x00,0x27,0x00,0x00,0x00,0x05,0x00,0x00,0x00,0x04,0x00,0x17,
    0x00,0x21,0x03,0x00,0x17,0x00,0x27,0x00,0x00,0x00,0x05,0x00,0x00,0x00,0x05,0x00,0x17,0x00,0x45,0x03,0x00,0x17,0x00,0x27,
    0x00,0x00,0x00,0x05,0x00,0x00,0x00,0x0D,0x00,0x17,0x00,0x4D,0x03,0x00,0x17,0x00,0x27,0x00,0x00,0x00,0x05,0x00,0x00,0x00,
    0x0D,0x00,0x17,0x00,0x2F,0x04,0x00,0x17,0x00,0x01,0x00,0x00,0x00,0x07,0x00,0x00,0x00,0x01,0x00,0x0A,0x2B,0xBB,0x04,0x00,
    0x17,0x00,0x1F,0x00,0x00,0x00,0x09,0x00,0x00,0x00,0x05,0x00,0x17,0x00,0x0F,0x04,0x00,0x17,0x00,0x1F,0x00,0x00,0x00,0x09,
    0x00,0x00,0x00,0x04,0x00,0x17,0x00,0x21,0x04,0x00,0x17,0x00,0x1F,0x00,0x00,0x00,0x09,0x00,0x00,0x00,0x05,0x00,0x17,0x00,
    0x45,0x04,0x00,0x17,0x00,0x1F,0x00,0x00,0x00,0x09,0x00,0x00,0x00,0x0D,0x00,0x17,0x00,0x4D,0x04,0x00,0x17,0x00,0x1F,0x00,
    0x00,0x00,0x09,0x00,0x00,0x00,0x0D,0x00,0x17,0x00,0x2F,0x04,0x00,0x17,0x00,0x25,0x00,0x00,0x00,0x09,0x00,0x00,0x00,0x07,
    0x00,0x17,0x00,0x0F,0x04,0x00,0x17,0x00,0x25,0x00,0x00,0x00,0x09,0x00,0x00,0x00,0x07,0x00,0x17,0x00,0x45,0x04,0x00,0x17,
    0x00,0x25,0x00,0x00,0x00,0x09,0x00,0x00,0x00,0x01,0x00,0x17,0x00,0x21,0x04,0x00,0x17,0x00,0x25,0x00,0x00,0x00,0x09,0x00,
    0x00,0x00,0x14,0x00,0x17,0x00,0x50,0x04,0x00,0x17,0x00,0x27,0x00,0x00,0x00,0x05,0x00,0x00,0x00,0x0D,0x00,0x17,0x00,0x1F,
    0x04,0x00,0x17,0x00,0x3D,0x00,0x00,0x00,0x09,0x00,0x00,0x00,0x07,0x00,0x17,0x00,0x03,0x04,0x00,0x17,0x00,0x3E,0x00,0x00,
    0x00,0x09,0x00,0x00,0x00,0x05,0x00,0x17,0x00,0x03,0x06,0x00,0x17,0x00,0x26,0x05,0x00,0x15,0x00,0x13,0x00,0x09,0x00,0x05,
    0x00,0x00,0x00,0x09,0x00,0x00,0x00,0x01,0x00,0x13,0x01,0x2F,0x00,0x00,0x00,0x09,0x00,0x00,0x00,0x07,0x00,0x13,0x00,0x08,
    0x00,0x00,0x00,0x09,0x00,0x00,0x00,0x07,0x00,0x13,0x01,0x30,0x00,0x00,0x00,0x09,0x00,0x00,0x00,0x0D,0x00,0x13,0x02,0x43,
    0x00,0x00,0x00,0x09,0x00,0x00,0x00,0x0D,0x00,0x13,0x02,0x57,0x00,0x00,0x00,0x1B,0x00,0x00,0x00,0x02,0x52,0x65,0x6C,0x61,
    0x79,0x20,0x53,0x74,0x61,0x72,0x74,0x20,0x6F,0x66,0x20,0x43,0x69,0x6E,0x65,0x6D,0x61,0x00,0x01,0x05,0x00,0x15,0x00,0x13,
    0x00,0x0A,0x00,0x04,0x00,0x00,0x00,0x09,0x00,0x00,0x00,0x05,0x00,0x13,0x00,0x08,0x00,0x00,0x00,0x09,0x00,0x00,0x00,0x04,
    0x00,0x13,0x01,0x30,0x00,0x00,0x00,0x09,0x00,0x00,0x00,0x04,0x00,0x13,0x02,0x45,0x00,0x00,0x00,0x09,0x00,0x00,0x00,0x04,
    0x00,0x13,0x02,0x42,0x00,0x00,0x00,0x19,0x00,0x00,0x00,0x02,0x52,0x65,0x6C,0x61,0x79,0x20,0x45,0x6E,0x64,0x20,0x6F,0x66,
    0x20,0x43,0x69,0x6E,0x65,0x6D,0x61,0x00,0x01,0x05,0x00,0x3A,0x00,0x13,0x00,0x08,0x00,0x08,0x00,0x00,0x00,0x09,0x00,0x00,
    0x00,0x0D,0x00,0x13,0x00,0x0A,0x00,0x00,0x00,0x09,0x00,0x00,0x00,0x13,0x00,0x13,0x01,0x57,0x00,0x00,0x00,0x09,0x00,0x00,
    0x00,0x01,0x00,0x13,0x01,0x32,0x00,0x00,0x00,0x09,0x00,0x00,0x00,0x0D,0x00,0x13,0x02,0x40,0x00,0x00,0x00,0x09,0x00,0x00,
    0x00,0x0F,0x00,0x13,0x02,0x46,0x00,0x00,0x00,0x09,0x00,0x00,0x00,0x0F,0x00,0x13,0x01,0x31,0x00,0x00,0x00,0x09,0x00,0x00,
    0x00,0x0F,0x00,0x13,0x01,0x41,0x00,0x00,0x00,0x09,0x00,0x00,0x00,0x0E,0x00,0x13,0x01,0x75,0x00,0x00,0x00,0x5E,0x00,0x00,
    0x00,0x0F,0x47,0x61,0x74,0x65,0x20,0x43,0x69,0x6E,0x65,0x6D,0x61,0x74,0x69,0x63,0x20,0x53,0x6B,0x69,0x70,0x00,0x00,0x00,
    0x00,0x00,0x00,0x00,0x00,0x00,0x00,0x00,0x00,0x00,0x00,0x00,0x00,0x00,0x00,0x00,0x00,0x00,0x00,0x00,0x00,0x00,0x00,0x00,
    0x00,0x0F,0x00,0x00,0x00,0x00,0x00,0x00,0x00,0x00,0x00,0x00,0x00,0x00,0x00,0xFF,0xFF,0xFF,0xFF,0xFF,0xFF,0xFF,0xFF,0x00,
    0x00,0x00,0x00,0x01,0x00,0x00,0x00,0x00,0xFF,0xFF,0xFF,0xFF,0xFF,0xFF,0xFF,0xFF,0xFF,0xFF,0xFF,0xFF,0x05,0x00,0x1D,0x00,
    0x13,0x01,0x57,0x00,0x01,0x00,0x00,0x00,0x12,0x00,0x00,0x00,0x14,0x00,0x13,0x01,0x40,0x00,0x00,0x00,0x32,0x00,0x00,0x00,
    0x07,0x43,0x75,0x74,0x73,0x63,0x65,0x6E,0x65,0x20,0x53,0x6B,0x69,0x70,0x20,0x47,0x61,0x74,0x65,0x20,0x4D,0x6F,0x76,0x65,
    0x6D,0x65,0x6E,0x74,0x00,0x00,0x00,0x00,0x00,0x00,0x00,0x00,0x00,0x00,0x01,0x00,0x00,0x00,0x00,0x41,0xF0,0x00,0x00,0x05,
    0x00,0x05,0x00,0x13,0x01,0x75,0x00,0x01,0x00,0x00,0x00,0x09,0x00,0x00,0x00,0x04,0x00,0x13,0x01,0x40,0x00,0x00,0x00,0x28,
    0x00,0x00,0x00,0x06,0x46,0x61,0x73,0x74,0x65,0x72,0x20,0x47,0x61,0x74,0x65,0x20,0x44,0x65,0x61,0x63,0x74,0x69,0x76,0x61,
    0x74,0x69,0x6F,0x6E,0x00,0x3E,0x4C,0xCC,0xCD,0x00,0x00,0x00,0x00,0x00,0x00,0x01,0x02,0x00,0x13,0x02,0x40,0x00,0x0B,0x47,
    0x61,0x74,0x65,0x20,0x53,0x70,0x61,0x77,0x6E,0x00,0x00,0x01,0x00,0x8D,0x00,0x01,0x00,0x03,0x00,0x13,0x01,0x2E,0x00,0x00,
    0x00,0x09,0x00,0x00,0x00,0x01,0x00,0x13,0x01,0x2F,0x03,0x00,0x13,0x01,0x2F,0x00,0x00,0x00,0x00,0x00,0x00,0x00,0x07,0x00,
    0x13,0x01,0x30,0x03,0x00,0x13,0x01,0x2F,0x00,0x00,0x00,0x05,0x00,0x00,0x00,0x05,0x00,0x13,0x01,0x30,0x03,0x00,0x13,0x01,
    0x2F,0x00,0x00,0x00,0x00,0x00,0x00,0x00,0x0D,0x00,0x13,0x02,0x43,0x03,0x00,0x13,0x01,0x2F,0x00,0x00,0x00,0x00,0x00,0x00,
    0x00,0x0D,0x00,0x13,0x02,0x57,0x03,0x00,0x13,0x01,0x2F,0x00,0x00,0x00,0x05,0x00,0x00,0x00,0x04,0x00,0x13,0x02,0x45,0x03,
    0x00,0x13,0x01,0x2F,0x00,0x00,0x00,0x05,0x00,0x00,0x00,0x04,0x00,0x13,0x02,0x42,0x04,0x00,0x13,0x01,0x2E,0x00,0x00,0x00,
    0x09,0x00,0x00,0x00,0x0D,0x00,0x13,0x00,0x09,0x04,0x00,0x13,0x01,0x2F,0x00,0x00,0x00,0x05,0x00,0x00,0x00,0x0D,0x00,0x13,
    0x00,0x0A,0x04,0x00,0x13,0x02,0x3F,0x00,0x00,0x00,0x09,0x00,0x00,0x00,0x01,0x00,0x13,0x02,0x40,0x05,0x00,0x08,0x00,0x0F,
    0x00,0x1C,0x00,0x02,0x00,0x00,0x00,0x12,0x00,0x00,0x00,0x01,0x00,0x0F,0x01,0x69,0x00,0x00,0x00,0x12,0x00,0x00,0x00,0x06,
    0x00,0x0F,0x00,0x18,0x00,0x00,0x01,0x72,0x00,0x00,0x00,0x13,0x57,0x61,0x74,0x65,0x72,0x20,0x43,0x6F,0x6E,0x74,0x72,0x6F,
    0x6C,0x00,0x40,0x0D,0xE5,0x79,0xC3,0xEB,0x5C,0xC7,0x41,0x8D,0x8D,0x32,0x00,0x00,0x00,0x00,0x00,0x00,0x00,0x00,0x00,0x00,
    0x00,0x00,0x3F,0x80,0x00,0x00,0x3F,0x80,0x00,0x00,0x3F,0x80,0x00,0x00,0x00,0x00,0x00,0x00,0x00,0x00,0x00,0x00,0x00,0x00,
    0x00,0x00,0x00,0x00,0x00,0x00,0x00,0x00,0x00,0x00,0x00,0x00,0x00,0x00,0x38,0x01,0xDE,0x98,0xFF,0xFF,0xFF,0xFF,0x00,0x00,
    0x00,0x00,0xFF,0xFF,0xFF,0xFF,0x00,0x00,0x00,0x0E,0x00,0x00,0x00,0x0E,0x01,0x3F,0x80,0x00,0x00,0x00,0x00,0x00,0x00,0x3F,
    0x80,0x00,0x00,0x41,0xA0,0x00,0x00,0x3F,0x80,0x00,0x00,0x3F,0x80,0x00,0x00,0x3F,0x80,0x00,0x00,0x3F,0x80,0x00,0x00,0x01,
    0x00,0x00,0x00,0x01,0x00,0x00,0x00,0x01,0x00,0x00,0x00,0x00,0x00,0x00,0x00,0x00,0x00,0x00,0x00,0x00,0x00,0x00,0x00,0x04,
    0x00,0x00,0x00,0x04,0x00,0x00,0x00,0x00,0x00,0x00,0x00,0x00,0x01,0xFF,0xFF,0xFF,0xFF,0xFF,0xFF,0xFF,0xFF,0xFF,0xFF,0xFF,
    0xFF,0xFF,0xFF,0xFF,0xFF,0xFF,0xFF,0xFF,0xFF,0x01,0x3F,0x80,0x00,0x00,0x3F,0x80,0x00,0x00,0x00,0x00,0x00,0x03,0x00,0x00,
    0x00,0x00,0x00,0x0F,0x01,0x00,0x00,0x3F,0x80,0x00,0x00,0x40,0xA0,0x00,0x00,0x01,0xF4,0xBE,0xE2,0x43,0x00,0x00,0x00,0x02,
    0x3F,0x80,0x00,0x00,0x3F,0x80,0x00,0x00,0x00,0x00,0x00,0x12,0x00,0x00,0x00,0x03,0x00,0x00,0x00,0x03,0x00,0x00,0x00,0x03,
    0x00,0x00,0x00,0x03,0x00,0x00,0x00,0x03,0x00,0x00,0x00,0x03,0x00,0x00,0x00,0x03,0x00,0x00,0x00,0x03,0x00,0x00,0x00,0x03,
    0x00,0x00,0x00,0x03,0x00,0x00,0x00,0x03,0x00,0x00,0x00,0x03,0x00,0x00,0x00,0x03,0x00,0x00,0x00,0x02,0x00,0x00,0x00,0x02,
    0x00,0x00,0x00,0x01,0x00,0x00,0x00,0x05,0x00,0x00,0x00,0x03,0x00,0x00,0x00,0x03,0x00,0x00,0x00,0x03,0x00,0x00,0x00,0x03,
    0x00,0x00,0x00,0x03,0x00,0x00,0x00,0x05,0x00,0x00,0x00,0x03,0x00,0x00,0x00,0x03,0x00,0x00,0x00,0x03,0x00,0x00,0x00,0x03,
    0x00,0x00,0x00,0x03,0x00,0x3F,0x80,0x00,0x00,0x00,0x00,0x00,0x00,0xC8,0x00,0x00,0x00,0x14,0x05,0x00,0x15,0x00,0x0F,0x00,
    0x13,0x00,0x00,0x00,0x00,0x00,0x1E,0x00,0x00,0x00,0x02,0x43,0x75,0x74,0x73,0x63,0x65,0x6E,0x65,0x20,0x53,0x6B,0x69,0x70,
    0x20,0x57,0x61,0x74,0x65,0x72,0x20,0x52,0x69,0x73,0x65,0x00,0x01,0x05,0x00,0x15,0x00,0x0F,0x00,0x1B,0x00,0x01,0x00,0x00,
    0x00,0x09,0x00,0x00,0x00,0x05,0x00,0x0F,0x00,0x49,0x00,0x00,0x00,0x1A,0x00,0x00,0x00,0x02,0x44,0x65,0x63,0x72,0x65,0x6D,
    0x65,0x6E,0x74,0x20,0x42,0x6C,0x61,0x63,0x6B,0x20,0x42,0x61,0x72,0x73,0x00,0x01,0x05,0x00,0x3A,0x00,0x0F,0x00,0x01,0x00,
    0x02,0x00,0x00,0x00,0x09,0x00,0x00,0x00,0x0D,0x00,0x0F,0x01,0x2B,0x00,0x00,0x00,0x09,0x00,0x00,0x00,0x0D,0x00,0x0F,0x01,
    0x44,0x00,0x00,0x00,0x63,0x00,0x00,0x00,0x0F,0x53,0x70,0x69,0x6E,0x6E,0x65,0x72,0x20,0x31,0x20,0x43,0x69,0x6E,0x65,0x6D,
    0x61,0x74,0x69,0x63,0x20,0x53,0x6B,0x69,0x70,0x00,0x00,0x00,0x00,0x00,0x00,0x00,0x00,0x00,0x00,0x00,0x00,0x00,0x00,0x00,
    0x00,0x00,0x00,0x00,0x00,0x00,0x00,0x00,0x00,0x00,0x00,0x00,0x00,0x0F,0x00,0x00,0x00,0x00,0x00,0x00,0x00,0x00,0x00,0x00,
    0x00,0x00,0x00,0xFF,0xFF,0xFF,0xFF,0xFF,0xFF,0xFF,0xFF,0x00,0x00,0x00,0x00,0x01,0x00,0x00,0x00,0x00,0xFF,0xFF,0xFF,0xFF,
    0xFF,0xFF,0xFF,0xFF,0xFF,0xFF,0xFF,0xFF,0x05,0x00,0x3A,0x00,0x0F,0x00,0x02,0x00,0x03,0x00,0x00,0x00,0x09,0x00,0x00,0x00,
    0x0D,0x00,0x0F,0x01,0x41,0x00,0x00,0x00,0x09,0x00,0x00,0x00,0x04,0x00,0x0F,0x01,0x3B,0x00,0x00,0x00,0x09,0x00,0x00,0x00,
    0x0D,0x00,0x0F,0x01,0x44,0x00,0x00,0x00,0x63,0x00,0x00,0x00,0x0F,0x53,0x70,0x69,0x6E,0x6E,0x65,0x72,0x20,0x32,0x20,0x43,
    0x69,0x6E,0x65,0x6D,0x61,0x74,0x69,0x63,0x20,0x53,0x6B,0x69,0x70,0x00,0x00,0x00,0x00,0x00,0x00,0x00,0x00,0x00,0x00,0x00,
    0x00,0x00,0x00,0x00,0x00,0x00,0x00,0x00,0x00,0x00,0x00,0x00,0x00,0x00,0x00,0x00,0x00,0x0F,0x00,0x00,0x00,0x00,0x00,0x00,
    0x00,0x00,0x00,0x00,0x00,0x00,0x00,0xFF,0xFF,0xFF,0xFF,0xFF,0xFF,0xFF,0xFF,0x00,0x00,0x00,0x00,0x01,0x00,0x00,0x00,0x00,
    0xFF,0xFF,0xFF,0xFF,0xFF,0xFF,0xFF,0xFF,0xFF,0xFF,0xFF,0xFF,0x05,0x00,0x3A,0x00,0x0F,0x00,0x07,0x00,0x02,0x00,0x00,0x00,
    0x09,0x00,0x00,0x00,0x0D,0x00,0x0F,0x01,0x45,0x00,0x00,0x00,0x09,0x00,0x00,0x00,0x04,0x00,0x0F,0x01,0x43,0x00,0x00,0x00,
    0x6E,0x00,0x00,0x00,0x0F,0x42,0x6F,0x6D,0x62,0x20,0x53,0x6C,0x6F,0x74,0x20,0x41,0x63,0x74,0x69,0x76,0x61,0x74,0x69,0x6F,
    0x6E,0x20,0x43,0x69,0x6E,0x65,0x6D,0x61,0x74,0x69,0x63,0x20,0x53,0x6B,0x69,0x70,0x00,0x00,0x00,0x00,0x00,0x00,0x00,0x00,
    0x00,0x00,0x00,0x00,0x00,0x00,0x00,0x00,0x00,0x00,0x00,0x00,0x00,0x00,0x00,0x00,0x00,0x00,0x00,0x00,0x0F,0x00,0x00,0x00,
    0x00,0x00,0x00,0x00,0x00,0x00,0x00,0x00,0x00,0x00,0xFF,0xFF,0xFF,0xFF,0xFF,0xFF,0xFF,0xFF,0x00,0x00,0x00,0x00,0x01,0x00,
    0x00,0x00,0x00,0xFF,0xFF,0xFF,0xFF,0xFF,0xFF,0xFF,0xFF,0xFF,0xFF,0xFF,0xFF,0x05,0x00,0x3A,0x00,0x0F,0x00,0x03,0x00,0x18,
    0x00,0x00,0x00,0x09,0x00,0x00,0x00,0x0D,0x00,0x0F,0x01,0x49,0x00,0x00,0x00,0x09,0x00,0x00,0x00,0x08,0x00,0x0F,0x00,0x1C,
    0x00,0x00,0x00,0x09,0x00,0x00,0x00,0x08,0x00,0x0F,0x00,0x0A,0x00,0x00,0x00,0x09,0x00,0x00,0x00,0x08,0x00,0x0F,0x00,0x3E,
    0x00,0x00,0x00,0x09,0x00,0x00,0x00,0x08,0x00,0x0F,0x00,0x41,0x00,0x00,0x00,0x09,0x00,0x00,0x00,0x08,0x00,0x0F,0x00,0x44,
    0x00,0x00,0x00,0x09,0x00,0x00,0x00,0x0F,0x00,0x0F,0x01,0xF5,0x00,0x00,0x00,0x09,0x00,0x00,0x00,0x0F,0x00,0x0F,0x00,0x36,
    0x00,0x00,0x00,0x09,0x00,0x00,0x00,0x0D,0x00,0x0F,0x00,0x93,0x00,0x00,0x00,0x09,0x00,0x00,0x00,0x0D,0x00,0x0F,0x00,0xED,
    0x00,0x00,0x00,0x09,0x00,0x00,0x00,0x0D,0x00,0x0F,0x00,0x48,0x00,0x00,0x00,0x09,0x00,0x00,0x00,0x0D,0x00,0x0F,0x00,0xC4,
    0x00,0x00,0x00,0x09,0x00,0x00,0x00,0x0D,0x00,0x0F,0x02,0x83,0x00,0x00,0x00,0x09,0x00,0x00,0x00,0x0B,0x00,0x0F,0x02,0x16,
    0x00,0x00,0x00,0x09,0x00,0x00,0x00,0x0F,0x00,0x0F,0x02,0x1D,0x00,0x00,0x00,0x09,0x00,0x00,0x00,0x0B,0x00,0x0F,0x02,0x1A,
    0x00,0x00,0x00,0x09,0x00,0x00,0x00,0x01,0x00,0x0F,0x00,0x8C,0x00,0x00,0x00,0x09,0x00,0x00,0x00,0x01,0x00,0x0F,0x00,0x84,
    0x00,0x00,0x00,0x09,0x00,0x00,0x00,0x01,0x00,0x0F,0x00,0x9D,0x00,0x00,0x00,0x09,0x00,0x00,0x00,0x01,0x00,0x0F,0x00,0x95,
    0x00,0x00,0x00,0x09,0x00,0x00,0x00,0x01,0x00,0x0F,0x00,0x8B,0x00,0x00,0x00,0x09,0x00,0x00,0x00,0x01,0x00,0x0F,0x00,0x83,
    0x00,0x00,0x00,0x09,0x00,0x00,0x00,0x01,0x00,0x0F,0x00,0x9C,0x00,0x00,0x00,0x09,0x00,0x00,0x00,0x01,0x00,0x0F,0x00,0x94,
    0x00,0x00,0x00,0x66,0x00,0x00,0x00,0x0F,0x57,0x61,0x74,0x65,0x72,0x20,0x52,0x69,0x73,0x69,0x6E,0x67,0x20,0x43,0x69,0x6E,
    0x65,0x6D,0x61,0x74,0x69,0x63,0x20,0x53,0x6B,0x69,0x70,0x00,0x00,0x00,0x00,0x00,0x00,0x00,0x00,0x00,0x00,0x00,0x00,0x00,
    0x00,0x00,0x00,0x00,0x00,0x00,0x00,0x00,0x00,0x00,0x00,0x00,0x00,0x00,0x00,0x0F,0x00,0x00,0x00,0x00,0x00,0x00,0x00,0x00,
    0x00,0x00,0x00,0x00,0x00,0xFF,0xFF,0xFF,0xFF,0xFF,0xFF,0xFF,0xFF,0x00,0x00,0x00,0x00,0x01,0x00,0x00,0x00,0x00,0xFF,0xFF,
    0xFF,0xFF,0xFF,0xFF,0xFF,0xFF,0xFF,0xFF,0xFF,0xFF,0x05,0x00,0x3A,0x00,0x0F,0x00,0x1F,0x00,0x02,0x00,0x00,0x00,0x12,0x00,
    0x00,0x00,0x04,0x00,0x0F,0x28,0xC1,0x00,0x00,0x00,0x12,0x00,0x00,0x00,0x01,0x00,0x0F,0x00,0x1C,0x00,0x00,0x00,0x61,0x00,
    0x00,0x00,0x0F,0x57,0x61,0x74,0x65,0x72,0x20,0x46,0x6F,0x6C,0x6C,0x6F,0x77,0x73,0x20,0x50,0x6C,0x61,0x74,0x66,0x6F,0x72,
    0x6D,0x00,0x00,0x00,0x00,0x00,0x00,0x00,0x00,0x00,0x00,0x00,0x00,0x00,0x00,0x00,0x00,0x00,0x00,0x00,0x00,0x00,0x00,0x00,
    0x00,0x00,0x00,0x00,0x00,0x13,0x00,0x00,0x00,0x00,0x00,0x00,0x00,0x00,0x00,0x00,0x00,0x00,0x00,0xFF,0xFF,0xFF,0xFF,0xFF,
    0xFF,0xFF,0xFF,0x00,0x00,0x00,0x00,0x01,0x00,0x00,0x00,0x00,0xFF,0xFF,0xFF,0xFF,0xFF,0xFF,0xFF,0xFF,0xFF,0xFF,0xFF,0xFF,
    0x05,0x00,0x02,0x00,0x0F,0x00,0x18,0x00,0x02,0x00,0x00,0x00,0x01,0x00,0x00,0x00,0x08,0x00,0x0F,0x00,0x19,0x00,0x00,0x00,
    0x01,0x00,0x00,0x00,0x0F,0x00,0x0F,0x00,0x1C,0x00,0x00,0x00,0x4C,0x00,0x00,0x00,0x0D,0x50,0x6F,0x73,0x69,0x74,0x69,0x6F,
    0x6E,0x20,0x31,0x00,0x40,0x0D,0xE5,0x79,0xC3,0xEB,0x5C,0xC7,0x41,0x8D,0x8D,0x32,0x00,0x00,0x00,0x00,0x00,0x00,0x00,0x00,
    0x00,0x00,0x00,0x00,0x01,0x3F,0x7B,0x52,0xDB,0x00,0x00,0x00,0x00,0x00,0x00,0x00,0x00,0x00,0x00,0x00,0x00,0x00,0x00,0x00,
    0x00,0x00,0x00,0x00,0x00,0x00,0x00,0x00,0x00,0x00,0x00,0x00,0x00,0x00,0x00,0x00,0x00,0x05,0x00,0x02,0x00,0x0F,0x00,0x19,
    0x00,0x01,0x00,0x00,0x00,0x01,0x00,0x00,0x00,0x08,0x00,0x0F,0x00,0x1A,0x00,0x00,0x00,0x4C,0x00,0x00,0x00,0x0D,0x50,0x6F,
    0x73,0x69,0x74,0x69,0x6F,0x6E,0x20,0x32,0x00,0xBF,0xC8,0x8A,0xC6,0xC3,0xEB,0x5C,0xC7,0x41,0xCD,0x7C,0xEE,0x00,0x00,0x00,
    0x00,0x00,0x00,0x00,0x00,0x00,0x00,0x00,0x00,0x01,0x3F,0x7B,0x52,0xDB,0x00,0x00,0x00,0x00,0x00,0x00,0x00,0x00,0x00,0x00,
    0x00,0x00,0x00,0x00,0x00,0x00,0x00,0x00,0x00,0x00,0x00,0x00,0x00,0x00,0x00,0x00,0x00,0x00,0x00,0x00,0x00,0x00,0x05,0x00,
    0x02,0x00,0x0F,0x00,0x1A,0x00,0x02,0x00,0x00,0x00,0x01,0x00,0x00,0x00,0x08,0x00,0x0F,0x00,0x18,0x00,0x00,0x00,0x01,0x00,
    0x00,0x00,0x0F,0x00,0x0F,0x00,0x1C,0x00,0x00,0x00,0x4C,0x00,0x00,0x00,0x0D,0x50,0x6F,0x73,0x69,0x74,0x69,0x6F,0x6E,0x20,
    0x33,0x00,0xC0,0x82,0x9A,0x28,0xC3,0xEB,0x5C,0xC7,0x41,0xF8,0x03,0x42,0x00,0x00,0x00,0x00,0x00,0x00,0x00,0x00,0x00,0x00,
    0x00,0x00,0x01,0x3F,0x7B,0x52,0xDB,0x00,0x00,0x00,0x00,0x00,0x00,0x00,0x00,0x00,0x00,0x00,0x00,0x00,0x00,0x00,0x00,0x00,
    0x00,0x00,0x00,0x00,0x00,0x00,0x00,0x00,0x00,0x00,0x00,0x00,0x00,0x00,0x00,0x05,0x00,0x02,0x00,0x0F,0x00,0x21,0x00,0x01,
    0x00,0x00,0x00,0x01,0x00,0x00,0x00,0x08,0x00,0x0F,0x00,0x3D,0x00,0x00,0x00,0x53,0x00,0x00,0x00,0x0D,0x50,0x6F,0x73,0x69,
    0x74,0x69,0x6F,0x6E,0x20,0x31,0x20,0x4D,0x69,0x64,0x64,0x6C,0x65,0x00,0xC1,0xDA,0x56,0x9A,0xC3,0xEA,0x98,0xA3,0x42,0x09,
    0xD9,0x46,0x00,0x00,0x00,0x00,0x00,0x00,0x00,0x00,0x00,0x00,0x00,0x00,0x01,0x3F,0x71,0x98,0x7C,0x00,0x00,0x00,0x00,0x00,
    0x00,0x00,0x00,0x00,0x00,0x00,0x00,0x00,0x00,0x00,0x00,0x00,0x00,0x00,0x00,0x00,0x00,0x00,0x00,0x00,0x00,0x00,0x00,0x00,
    0x00,0x00,0x00,0x05,0x00,0x02,0x00,0x0F,0x00,0x22,0x00,0x01,0x00,0x00,0x00,0x01,0x00,0x00,0x00,0x08,0x00,0x0F,0x00,0x40,
    0x00,0x00,0x00,0x53,0x00,0x00,0x00,0x0D,0x50,0x6F,0x73,0x69,0x74,0x69,0x6F,0x6E,0x20,0x32,0x20,0x4D,0x69,0x64,0x64,0x6C,
    0x65,0x00,0xC0,0x76,0x9D,0xA1,0xC3,0xF0,0x15,0xBC,0x42,0x09,0x49,0xD9,0x00,0x00,0x00,0x00,0x00,0x00,0x00,0x00,0x00,0x00,
    0x00,0x00,0x01,0x3F,0x71,0x98,0x7C,0x00,0x00,0x00,0x00,0x00,0x00,0x00,0x00,0x00,0x00,0x00,0x00,0x00,0x00,0x00,0x00,0x00,
    0x00,0x00,0x00,0x00,0x00,0x00,0x00,0x00,0x00,0x00,0x00,0x00,0x00,0x00,0x00,0x05,0x00,0x02,0x00,0x0F,0x00,0x23,0x00,0x01,
    0x00,0x00,0x00,0x01,0x00,0x00,0x00,0x08,0x00,0x0F,0x00,0x43,0x00,0x00,0x00,0x53,0x00,0x00,0x00,0x0D,0x50,0x6F,0x73,0x69,
    0x74,0x69,0x6F,0x6E,0x20,0x33,0x20,0x4D,0x69,0x64,0x64,0x6C,0x65,0x00,0x41,0x3D,0x3E,0x2F,0xC3,0xF1,0x9D,0x31,0x42,0x0A,
    0x87,0xB4,0x00,0x00,0x00,0x00,0x00,0x00,0x00,0x00,0x00,0x00,0x00,0x00,0x01,0x3F,0x71,0x98,0x7C,0x00,0x00,0x00,0x00,0x00,
    0x00,0x00,0x00,0x00,0x00,0x00,0x00,0x00,0x00,0x00,0x00,0x00,0x00,0x00,0x00,0x00,0x00,0x00,0x00,0x00,0x00,0x00,0x00,0x00,
    0x00,0x00,0x00,0x05,0x00,0x02,0x00,0x0F,0x00,0x25,0x00,0x01,0x00,0x00,0x00,0x01,0x00,0x00,0x00,0x08,0x00,0x0F,0x00,0x46,
    0x00,0x00,0x00,0x53,0x00,0x00,0x00,0x0D,0x50,0x6F,0x73,0x69,0x74,0x69,0x6F,0x6E,0x20,0x34,0x20,0x4D,0x69,0x64,0x64,0x6C,
    0x65,0x00,0x41,0x9F,0x7A,0x2B,0xC3,0xEC,0x1A,0x1E,0x42,0x0A,0x1F,0xDC,0x00,0x00,0x00,0x00,0x00,0x00,0x00,0x00,0x00,0x00,
    0x00,0x00,0x01,0x3F,0x71,0x98,0x7C,0x00,0x00,0x00,0x00,0x00,0x00,0x00,0x00,0x00,0x00,0x00,0x00,0x00,0x00,0x00,0x00,0x00,
    0x00,0x00,0x00,0x00,0x00,0x00,0x00,0x00,0x00,0x00,0x00,0x00,0x00,0x00,0x00,0x05,0x00,0x20,0x00,0x0F,0x28,0xC1,0x00,0x00,
    0x00,0x00,0x01,0xA5,0x00,0x00,0x00,0x3F,0x73,0x74,0x75,0x70,0x69,0x64,0x20,0x77,0x61,0x74,0x65,0x72,0x20,0x28,0x69,0x74,
    0x20,0x6D,0x61,0x6B,0x65,0x73,0x20,0x79,0x6F,0x75,0x20,0x73,0x74,0x75,0x70,0x69,0x64,0x20,0x6F,0x6E,0x20,0x65,0x6E,0x74,
    0x72,0x79,0x29,0x00,0x40,0x0D,0xE5,0x79,0xC3,0xEB,0x5C,0xC7,0x41,0x8D,0x8D,0x32,0x42,0xB4,0x00,0x01,0x42,0x82,0x00,0x00,
    0x41,0x88,0x00,0x00,0x00,0x00,0x00,0x04,0x00,0x00,0x00,0x00,0x00,0x00,0x00,0x00,0x00,0x00,0x00,0x00,0x00,0x00,0x00,0x00,
    0x00,0x00,0x00,0x00,0x00,0x00,0x00,0x00,0x00,0x00,0x00,0x00,0x00,0x00,0x07,0xFF,0x00,0x01,0xA9,0x19,0xCF,0x17,0x98,0xF1,
    0xD5,0x8A,0xB2,0xE9,0x79,0x27,0xFF,0xFF,0xFF,0xFF,0xFF,0xFF,0xFF,0xFF,0x71,0x32,0xDC,0x18,0x40,0x40,0x00,0x00,0x40,0x40,
    0x00,0x00,0xBF,0x80,0x00,0x00,0x42,0x0C,0x00,0x00,0x41,0x70,0x00,0x00,0x41,0x70,0x00,0x00,0x01,0x00,0x00,0x00,0x00,0x00,
    0x3F,0x26,0x66,0x66,0x00,0x00,0x00,0x00,0x41,0xA0,0x00,0x00,0x00,0x00,0x00,0x00,0x3E,0x19,0x99,0x9A,0x41,0xA0,0x00,0x00,
    0x00,0x00,0x00,0x00,0x41,0x70,0x00,0x00,0x00,0x00,0x00,0x00,0x3E,0x19,0x99,0x9A,0x41,0x20,0x00,0x00,0x00,0x00,0x00,0x00,
    0x41,0xF0,0x00,0x00,0x00,0x00,0x00,0x00,0x3E,0x19,0x99,0x9A,0x41,0xA0,0x00,0x00,0x42,0x8C,0x00,0x00,0x00,0x00,0x00,0x00,
    0x41,0xA0,0x00,0x00,0x42,0xC8,0x00,0x00,0x3F,0x80,0x00,0x00,0x40,0x40,0x00,0x00,0x00,0x00,0x00,0x00,0x42,0xB4,0x00,0x00,
    0x00,0x00,0x00,0x00,0x00,0x00,0x00,0x00,0x3F,0x80,0x00,0x00,0x3F,0x80,0x00,0x00,0x3F,0x80,0x00,0x00,0x3F,0x80,0x00,0x00,
    0x3E,0xE2,0xE2,0xDA,0x3F,0x11,0x91,0x8A,0x3F,0x1F,0x9F,0x99,0x3F,0x80,0x00,0x00,0xEF,0x54,0x6C,0x27,0x97,0xF2,0x51,0x28,
    0xB0,0xA9,0x56,0xC5,0x6E,0xD6,0x48,0x6E,0x52,0xE2,0xD0,0xFB,0x00,0x00,0x09,0xC3,0x00,0x00,0x09,0xC3,0x00,0x00,0x01,0xCF,
    0x00,0x00,0x01,0xD0,0x00,0x00,0x01,0xD1,0x40,0x19,0x99,0x9A,0x00,0x00,0x00,0x06,0x00,0x00,0x00,0x00,0x3F,0x80,0x00,0x00,
    0x3F,0x00,0x00,0x00,0x3F,0x4C,0xCC,0xCD,0x3F,0x00,0x00,0x00,0x00,0x00,0x00,0x00,0x00,0x00,0x00,0x00,0x3F,0x80,0x00,0x00,
    0x3F,0x80,0x00,0x00,0x3F,0x80,0x00,0x00,0x3F,0x80,0x00,0x00,0x3F,0x80,0x00,0x00,0x0D,0xD1,0xD9,0xEE,0x3E,0x99,0x99,0x9A,
    0x00,0x00,0x00,0x00,0x00,0x00,0x00,0x00,0x00,0x00,0x00,0x00,0x00,0x00,0x00,0x00,0x00,0x05,0x00,0x05,0x00,0x0F,0x00,0x12,
    0x00,0x01,0x00,0x00,0x00,0x09,0x00,0x00,0x00,0x07,0x00,0x0F,0x00,0x07,0x00,0x00,0x00,0x1B,0x00,0x00,0x00,0x06,0x4B,0x65,
    0x65,0x70,0x20,0x54,0x72,0x79,0x69,0x6E,0x67,0x00,0x3A,0x83,0x12,0x6F,0x00,0x00,0x00,0x00,0x01,0x01,0x00,0x05,0x00,0x05,
    0x00,0x0F,0x02,0x16,0x00,0x03,0x00,0x00,0x00,0x09,0x00,0x00,0x00,0x0D,0x00,0x0F,0x00,0x4F,0x00,0x00,0x00,0x09,0x00,0x00,
    0x00,0x0B,0x00,0x0F,0x00,0x32,0x00,0x00,0x00,0x09,0x00,0x00,0x00,0x0D,0x00,0x0F,0x00,0xC3,0x00,0x00,0x00,0x2C,0x00,0x00,
    0x00,0x06,0x53,0x6B,0x69,0x70,0x70,0x65,0x64,0x20,0x43,0x75,0x74,0x73,0x63,0x65,0x6E,0x65,0x20,0x57,0x61,0x74,0x65,0x72,
    0x20,0x54,0x69,0x6D,0x65,0x72,0x00,0x40,0xC3,0x33,0x33,0x00,0x00,0x00,0x00,0x00,0x00,0x01,0x05,0x00,0x05,0x00,0x0F,0x02,
    0x1A,0x00,0x01,0x00,0x00,0x00,0x09,0x00,0x00,0x00,0x0D,0x00,0x0F,0x01,0x4B,0x00,0x00,0x00,0x36,0x00,0x00,0x00,0x06,0x53,
    0x6B,0x69,0x70,0x70,0x65,0x64,0x20,0x43,0x75,0x74,0x73,0x63,0x65,0x6E,0x65,0x20,0x57,0x61,0x74,0x65,0x72,0x66,0x61,0x6C,
    0x6C,0x20,0x53,0x74,0x75,0x66,0x66,0x20,0x54,0x69,0x6D,0x65,0x72,0x00,0x40,0xA3,0x33,0x33,0x00,0x00,0x00,0x00,0x00,0x00,
    0x01,0x05,0x00,0x05,0x00,0x0F,0x02,0x1D,0x00,0x01,0x00,0x00,0x00,0x09,0x00,0x00,0x00,0x0D,0x00,0x0F,0x01,0x4B,0x00,0x00,
    0x00,0x25,0x00,0x00,0x00,0x06,0x57,0x61,0x74,0x65,0x72,0x66,0x61,0x6C,0x6C,0x20,0x53,0x74,0x75,0x66,0x66,0x20,0x54,0x69,
    0x6D,0x65,0x72,0x00,0x41,0x88,0xCC,0xCD,0x00,0x00,0x00,0x00,0x00,0x00,0x01,0x05,0x00,0x05,0x00,0x0F,0x02,0x2F,0x00,0x01,
    0x00,0x00,0x00,0x09,0x00,0x00,0x00,0x08,0x00,0x0F,0x28,0xC1,0x00,0x00,0x00,0x24,0x00,0x00,0x00,0x06,0x55,0x70,0x64,0x61,
    0x74,0x65,0x20,0x57,0x61,0x74,0x65,0x72,0x20,0x43,0x75,0x6C,0x6C,0x69,0x6E,0x67,0x00,0x3F,0x80,0x00,0x00,0x00,0x00,0x00,
    0x00,0x01,0x01,0x01,0x03,0x00,0x0F,0x00,0x3C,0x00,0x00,0x00,0x01,0x00,0x00,0x00,0x08,0x00,0x0F,0x00,0x3D,0x03,0x00,0x0F,
    0x00,0x3F,0x00,0x00,0x00,0x01,0x00,0x00,0x00,0x08,0x00,0x0F,0x00,0x40,0x03,0x00,0x0F,0x00,0x42,0x00,0x00,0x00,0x01,0x00,
    0x00,0x00,0x08,0x00,0x0F,0x00,0x43,0x03,0x00,0x0F,0x00,0x45,0x00,0x00,0x00,0x01,0x00,0x00,0x00,0x08,0x00,0x0F,0x00,0x46,
    0x03,0x00,0x0F,0x00,0x35,0x00,0x00,0x00,0x00,0x00,0x00,0x00,0x07,0x00,0x0F,0x00,0x49,0x03,0x00,0x0F,0x00,0x35,0x00,0x00,
    0x00,0x05,0x00,0x00,0x00,0x05,0x00,0x0F,0x00,0x49,0x03,0x00,0x0F,0x01,0x22,0x00,0x00,0x00,0x00,0x00,0x00,0x00,0x07,0x00,
    0x0F,0x00,0x49,0x03,0x00,0x0F,0x01,0x22,0x00,0x00,0x00,0x05,0x00,0x00,0x00,0x05,0x00,0x0F,0x00,0x49,0x03,0x00,0x0F,0x01,
    0x3B,0x00,0x00,0x00,0x00,0x00,0x00,0x00,0x07,0x00,0x0F,0x00,0x49,0x03,0x00,0x0F,0x01,0x3B,0x00,0x00,0x00,0x05,0x00,0x00,
    0x00,0x05,0x00,0x0F,0x00,0x49,0x03,0x00,0x0F,0x01,0x43,0x00,0x00,0x00,0x00,0x00,0x00,0x00,0x07,0x00,0x0F,0x00,0x49,0x03,
    0x00,0x0F,0x01,0x43,0x00,0x00,0x00,0x05,0x00,0x00,0x00,0x05,0x00,0x0F,0x00,0x49,0x03,0x00,0x0F,0x01,0x49,0x00,0x00,0x00,
    0x09,0x00,0x00,0x00,0x0B,0x00,0x0F,0x01,0xF6,0x04,0x00,0x0F,0x00,0x3C,0x00,0x00,0x00,0x01,0x00,0x00,0x00,0x08,0x00,0x0F,
    0x00,0x21,0x04,0x00,0x0F,0x00,0x3F,0x00,0x00,0x00,0x01,0x00,0x00,0x00,0x08,0x00,0x0F,0x00,0x22,0x04,0x00,0x0F,0x00,0x42,
    0x00,0x00,0x00,0x01,0x00,0x00,0x00,0x08,0x00,0x0F,0x00,0x23,0x04,0x00,0x0F,0x00,0x45,0x00,0x00,0x00,0x01,0x00,0x00,0x00,
    0x08,0x00,0x0F,0x00,0x25,0x04,0x00,0x0F,0x00,0x47,0x00,0x00,0x00,0x09,0x00,0x00,0x00,0x0E,0x00,0x0F,0x00,0x1C,0x04,0x00,
    0x0F,0x00,0x47,0x00,0x00,0x00,0x09,0x00,0x00,0x00,0x08,0x00,0x0F,0x28,0xC1,0x04,0x00,0x0F,0x00,0x48,0x00,0x00,0x00,0x09,
    0x00,0x00,0x00,0x01,0x00,0x0F,0x02,0x2F,0x04,0x00,0x0F,0x00,0x4F,0x00,0x00,0x00,0x09,0x00,0x00,0x00,0x04,0x00,0x0F,0x02,
    0x2F,0x04,0x00,0x0F,0x00,0x93,0x00,0x00,0x00,0x09,0x00,0x00,0x00,0x0B,0x00,0x0F,0x02,0x1D,0x04,0x00,0x0F,0x01,0x26,0x00,
    0x00,0x00,0x09,0x00,0x00,0x00,0x07,0x00,0x0F,0x00,0x01,0x04,0x00,0x0F,0x01,0x26,0x00,0x00,0x00,0x09,0x00,0x00,0x00,0x07,
    0x00,0x0F,0x00,0x49,0x04,0x00,0x0F,0x01,0x2B,0x00,0x00,0x00,0x09,0x00,0x00,0x00,0x05,0x00,0x0F,0x00,0x01,0x04,0x00,0x0F,
    0x01,0x2B,0x00,0x00,0x00,0x09,0x00,0x00,0x00,0x0D,0x00,0x0F,0x00,0x1B,0x04,0x00,0x0F,0x01,0x2B,0x00,0x00,0x00,0x09,0x00,
    0x00,0x00,0x05,0x00,0x0F,0x00,0x49,0x04,0x00,0x0F,0x01,0x2C,0x00,0x00,0x00,0x07,0x00,0x00,0x00,0x04,0x00,0x0F,0x00,0x1B,
    0x04,0x00,0x0F,0x01,0x3F,0x00,0x00,0x00,0x09,0x00,0x00,0x00,0x07,0x00,0x0F,0x00,0x02,0x04,0x00,0x0F,0x01,0x3F,0x00,0x00,
    0x00,0x09,0x00,0x00,0x00,0x07,0x00,0x0F,0x00,0x49,0x04,0x00,0x0F,0x01,0x41,0x00,0x00,0x00,0x09,0x00,0x00,0x00,0x05,0x00,
    0x0F,0x00,0x02,0x04,0x00,0x0F,0x01,0x41,0x00,0x00,0x00,0x09,0x00,0x00,0x00,0x0D,0x00,0x0F,0x00,0x1B,0x04,0x00,0x0F,0x01,
    0x44,0x00,0x00,0x00,0x09,0x00,0x00,0x00,0x05,0x00,0x0F,0x00,0x02,0x04,0x00,0x0F,0x01,0x44,0x00,0x00,0x00,0x09,0x00,0x00,
    0x00,0x01,0x00,0x0F,0x00,0x12,0x04,0x00,0x0F,0x01,0x44,0x00,0x00,0x00,0x09,0x00,0x00,0x00,0x07,0x00,0x0F,0x00,0x07,0x04,
    0x00,0x0F,0x01,0x44,0x00,0x00,0x00,0x09,0x00,0x00,0x00,0x07,0x00,0x0F,0x00,0x49,0x04,0x00,0x0F,0x01,0x45,0x00,0x00,0x00,
    0x09,0x00,0x00,0x00,0x04,0x00,0x0F,0x00,0x12,0x04,0x00,0x0F,0x01,0x45,0x00,0x00,0x00,0x09,0x00,0x00,0x00,0x05,0x00,0x0F,
    0x00,0x07,0x04,0x00,0x0F,0x01,0x45,0x00,0x00,0x00,0x09,0x00,0x00,0x00,0x05,0x00,0x0F,0x00,0x49,0x04,0x00,0x0F,0x01,0x49,
    0x00,0x00,0x00,0x09,0x00,0x00,0x00,0x05,0x00,0x0F,0x00,0x03,0x04,0x00,0x0F,0x01,0x49,0x00,0x00,0x00,0x09,0x00,0x00,0x00,
    0x05,0x00,0x0F,0x00,0x49,0x04,0x00,0x0F,0x01,0x4A,0x00,0x00,0x00,0x09,0x00,0x00,0x00,0x07,0x00,0x0F,0x00,0x03,0x04,0x00,
    0x0F,0x01,0x4A,0x00,0x00,0x00,0x09,0x00,0x00,0x00,0x07,0x00,0x0F,0x00,0x49,0x06,0x00,0x0F,0x00,0x05,0x06,0x00,0x0F,0x01,
    0x6A,0x06,0x00,0x0F,0x02,0x2B,0x05,0x00,0x15,0x00,0x0B,0x00,0x08,0x00,0x03,0x00,0x00,0x00,0x09,0x00,0x00,0x00,0x05,0x00,
    0x0B,0x00,0x07,0x00,0x00,0x00,0x09,0x00,0x00,0x00,0x05,0x00,0x0B,0x01,0xAE,0x00,0x00,0x00,0x09,0x00,0x00,0x00,0x13,0x00,
    0x0B,0x00,0x82,0x00,0x00,0x00,0x13,0x00,0x00,0x00,0x02,0x45,0x4E,0x44,0x5F,0x49,0x4E,0x56,0x49,0x53,0x4F,0x43,0x41,0x4D,
    0x00,0x01,0x05,0x00,0x0F,0x00,0x0B,0x00,0x1D,0x00,0x00,0x00,0x00,0x00,0xAC,0x00,0x00,0x00,0x23,0x43,0x75,0x74,0x73,0x63,
    0x65,0x6E,0x65,0x20,0x53,0x6B,0x69,0x70,0x20,0x53,0x70,0x61,0x77,0x6E,0x50,0x6F,0x69,0x6E,0x74,0x00,0x42,0x31,0xA5,0xC9,
    0xC3,0x85,0x51,0x36,0xC3,0xBB,0xB5,0x13,0x00,0x00,0x00,0x00,0x00,0x00,0x00,0x00,0xC3,0x33,0x81,0xD0,0x00,0x00,0x00,0x00,
    0x00,0x00,0x00,0x00,0x00,0x00,0x00,0x00,0x00,0x00,0x00,0x00,0x00,0x00,0x00,0x00,0x00,0x00,0x00,0x00,0x00,0x00,0x00,0x00,
    0x00,0x00,0x00,0x00,0x00,0x00,0x00,0x00,0x00,0x00,0x00,0x00,0x00,0x00,0x00,0x00,0x00,0x00,0x00,0x00,0x00,0x00,0x00,0x00,
    0x00,0x00,0x00,0x00,0x00,0x00,0x00,0x00,0x00,0x00,0x00,0x00,0x00,0x00,0x00,0x00,0x00,0x00,0x00,0x00,0x00,0x00,0x00,0x00,
    0x00,0x00,0x00,0x00,0x00,0x00,0x00,0x00,0x00,0x00,0x00,0x00,0x00,0x00,0x00,0x00,0x00,0x00,0x00,0x00,0x00,0x00,0x00,0x00,
    0x00,0x00,0x00,0x00,0x00,0x00,0x00,0x00,0x00,0x00,0x00,0x00,0x00,0x00,0x00,0x00,0x00,0x01,0x00,0x05,0x00,0x3A,0x00,0x0B,
    0x00,0x07,0x00,0x01,0x00,0x00,0x00,0x09,0x00,0x00,0x00,0x0D,0x00,0x0B,0x00,0x08,0x00,0x00,0x00,0x6B,0x00,0x00,0x00,0x0F,
    0x49,0x6E,0x76,0x69,0x73,0x69,0x62,0x6C,0x65,0x20,0x45,0x73,0x73,0x65,0x6E,0x63,0x65,0x20,0x43,0x69,0x6E,0x65,0x6D,0x61,
    0x74,0x69,0x63,0x20,0x53,0x6B,0x69,0x70,0x00,0x00,0x00,0x00,0x00,0x00,0x00,0x00,0x00,0x00,0x00,0x00,0x00,0x00,0x00,0x00,
    0x00,0x00,0x00,0x00,0x00,0x00,0x00,0x00,0x00,0x00,0x00,0x00,0x0F,0x00,0x00,0x00,0x00,0x00,0x00,0x00,0x00,0x00,0x00,0x00,
    0x00,0x00,0xFF,0xFF,0xFF,0xFF,0xFF,0xFF,0xFF,0xFF,0x00,0x00,0x00,0x00,0x01,0x00,0x00,0x00,0x00,0xFF,0xFF,0xFF,0xFF,0xFF,
    0xFF,0xFF,0xFF,0xFF,0xFF,0xFF,0xFF,0x05,0x00,0x3A,0x00,0x0B,0x00,0x09,0x00,0x03,0x00,0x00,0x00,0x09,0x00,0x00,0x00,0x01,
    0x00,0x0B,0x00,0x17,0x00,0x00,0x00,0x09,0x00,0x00,0x00,0x0E,0x00,0x0B,0x00,0x32,0x00,0x00,0x00,0x09,0x00,0x00,0x00,0x14,
    0x00,0x0B,0x00,0x33,0x00,0x00,0x00,0x67,0x00,0x00,0x00,0x0F,0x45,0x73,0x73,0x65,0x6E,0x63,0x65,0x20,0x44,0x65,0x61,0x74,
    0x68,0x20,0x43,0x69,0x6E,0x65,0x6D,0x61,0x74,0x69,0x63,0x20,0x53,0x6B,0x69,0x70,0x00,0x00,0x00,0x00,0x00,0x00,0x00,0x00,
    0x00,0x00,0x00,0x00,0x00,0x00,0x00,0x00,0x00,0x00,0x00,0x00,0x00,0x00,0x00,0x00,0x00,0x00,0x00,0x00,0x0F,0x00,0x00,0x00,
    0x00,0x00,0x00,0x00,0x00,0x00,0x00,0x00,0x00,0x00,0xFF,0xFF,0xFF,0xFF,0xFF,0xFF,0xFF,0xFF,0x00,0x00,0x00,0x00,0x01,0x00,
    0x00,0x00,0x00,0xFF,0xFF,0xFF,0xFF,0xFF,0xFF,0xFF,0xFF,0xFF,0xFF,0xFF,0xFF,0x05,0x00,0x3E,0x00,0x0B,0x00,0xA8,0x00,0x00,
    0x00,0x00,0x00,0x58,0x00,0x00,0x00,0x06,0x44,0x69,0x73,0x61,0x62,0x6C,0x65,0x20,0x43,0x6F,0x6E,0x74,0x72,0x6F,0x6C,0x73,
    0x20,0x66,0x6F,0x72,0x20,0x43,0x72,0x61,0x73,0x68,0x20,0x46,0x61,0x69,0x6C,0x73,0x61,0x66,0x65,0x00,0x00,0x00,0x00,0x00,
    0x00,0x00,0x00,0x00,0x00,0x00,0x00,0x00,0x00,0x00,0x00,0x00,0x00,0x00,0x00,0x00,0x00,0x00,0x00,0x00,0x01,0x00,0x00,0x00,
    0x0F,0x01,0x00,0x00,0x00,0x00,0x00,0x00,0x01,0x00,0x00,0x00,0x00,0x00,0x00,0x00,0x00,0x00,0x00,0x0A,0x05,0x00,0x0C,0x00,
    0x0B,0x00,0x17,0x00,0x00,0x00,0x00,0x00,0x44,0x00,0x00,0x00,0x0F,0x43,0x69,0x6E,0x65,0x6D,0x61,0x74,0x69,0x63,0x20,0x43,
    0x61,0x6D,0x65,0x72,0x61,0x20,0x48,0x6F,0x6C,0x64,0x00,0x43,0x04,0x00,0x00,0xC3,0x5F,0x00,0x00,0xC3,0xAD,0x00,0x00,0x00,
    0x00,0x00,0x00,0x00,0x00,0x00,0x00,0x00,0x00,0x00,0x00,0x00,0x44,0x00,0x00,0x00,0x00,0x00,0x00,0x00,0x01,0x00,0x00,0x42,
    0x8C,0x00,0x00,0x01,0x00,0x05,0x00,0x18,0x00,0x0B,0x00,0x14,0x00,0x00,0x00,0x00,0x00,0x53,0x00,0x00,0x00,0x0A,0x43,0x61,
    0x6D,0x65,0x72,0x61,0x20,0x46,0x69,0x6C,0x74,0x65,0x72,0x20,0x4B,0x65,0x79,0x66,0x72,0x61,0x6D,0x65,0x20,0x48,0x6F,0x6C,
    0x64,0x20,0x42,0x6C,0x61,0x63,0x6B,0x00,0x01,0x00,0x00,0x00,0x01,0x00,0x00,0x00,0x00,0x00,0x00,0x00,0x02,0x00,0x00,0x00,
    0x00,0x00,0x00,0x00,0x00,0x00,0x00,0x00,0x00,0x00,0x00,0x00,0x00,0x3F,0x80,0x00,0x00,0x00,0x00,0x00,0x00,0x3F,0x00,0x00,
    0x00,0xFF,0xFF,0xFF,0xFF,0x05,0x00,0x61,0x00,0x0B,0x00,0x33,0x00,0x00,0x00,0x00,0x00,0x61,0x00,0x00,0x00,0x09,0x45,0x73,
    0x73,0x65,0x6E,0x63,0x65,0x20,0x4D,0x75,0x73,0x69,0x63,0x20,0x62,0x75,0x74,0x20,0x4E,0x6F,0x20,0x46,0x61,0x64,0x65,0x00,
    0x01,0x2F,0x61,0x75,0x64,0x69,0x6F,0x2F,0x63,0x72,0x61,0x5F,0x6D,0x70,0x72,0x69,0x6D,0x65,0x32,0x4C,0x2E,0x64,0x73,0x70,
    0x7C,0x2F,0x61,0x75,0x64,0x69,0x6F,0x2F,0x63,0x72,0x61,0x5F,0x6D,0x70,0x72,0x69,0x6D,0x65,0x32,0x52,0x2E,0x64,0x73,0x70,
    0x00,0x01,0x3D,0xCC,0xCC,0xCD,0x00,0x00,0x00,0x00,0x00,0x00,0x00,0x5A,0x00,0x00,0x00,0x00,0x01,0x05,0x00,0x05,0x00,0x0B,
    0x00,0x32,0x00,0x02,0x00,0x00,0x00,0x09,0x00,0x00,0x00,0x0F,0x00,0x0B,0x00,0x33,0x00,0x00,0x00,0x09,0x00,0x00,0x00,0x0D,
    0x00,0x0B,0x01,0x82,0x00,0x00,0x00,0x22,0x00,0x00,0x00,0x06,0x57,0x61,0x72,0x70,0x20,0x32,0x20,0x46,0x72,0x61,0x6D,0x65,
    0x20,0x44,0x65,0x6C,0x61,0x79,0x00,0x3C,0xA3,0xD7,0x0A,0x00,0x00,0x00,0x00,0x00,0x00,0x01,0x05,0x00,0x05,0x00,0x0B,0x00,
    0x34,0x00,0x05,0x00,0x00,0x00,0x09,0x00,0x00,0x00,0x05,0x00,0x0B,0x00,0x14,0x00,0x00,0x00,0x09,0x00,0x00,0x00,0x04,0x00,
    0x0B,0x00,0x17,0x00,0x00,0x00,0x09,0x00,0x00,0x00,0x01,0x00,0x0B,0x00,0x82,0x00,0x00,0x00,0x09,0x00,0x00,0x00,0x0D,0x00,
    0x0B,0x00,0x1D,0x00,0x00,0x00,0x09,0x00,0x00,0x00,0x14,0x00,0x0B,0x01,0x9E,0x00,0x00,0x00,0x2B,0x00,0x00,0x00,0x06,0x44,
    0x65,0x6C,0x61,0x79,0x20,0x62,0x65,0x66,0x6F,0x72,0x65,0x20,0x72,0x65,0x74,0x75,0x72,0x6E,0x20,0x74,0x6F,0x20,0x67,0x61,
    0x6D,0x65,0x00,0x3F,0x00,0x00,0x00,0x00,0x00,0x00,0x00,0x00,0x00,0x01,0x05,0x00,0x05,0x00,0x0B,0x00,0xB3,0x00,0x01,0x00,
    0x00,0x00,0x09,0x00,0x00,0x00,0x05,0x00,0x0B,0x00,0xA8,0x00,0x00,0x00,0x20,0x00,0x00,0x00,0x06,0x44,0x69,0x73,0x61,0x62,
    0x6C,0x65,0x20,0x46,0x61,0x69,0x6C,0x73,0x61,0x66,0x65,0x00,0x3F,0x00,0x00,0x00,0x00,0x00,0x00,0x00,0x00,0x00,0x01,0x02,
    0x00,0x0B,0x01,0xDA,0x00,0x1C,0x4D,0x6F,0x72,0x70,0x68,0x65,0x64,0x20,0x53,0x70,0x61,0x77,0x6E,0x20,0x66,0x6F,0x72,0x20,
    0x48,0x55,0x44,0x20,0x52,0x65,0x73,0x65,0x74,0x00,0x00,0x01,0x00,0x8E,0x00,0x01,0x01,0x03,0x00,0x0B,0x00,0xBA,0x00,0x00,
    0x00,0x05,0x00,0x00,0x00,0x04,0x00,0x0B,0x00,0xC3,0x03,0x00,0x0B,0x00,0xBA,0x00,0x00,0x00,0x00,0x00,0x00,0x00,0x07,0x00,
    0x0B,0x01,0xAE,0x03,0x00,0x0B,0x00,0xBA,0x00,0x00,0x00,0x05,0x00,0x00,0x00,0x05,0x00,0x0B,0x01,0xAE,0x03,0x00,0x0B,0x00,
    0xBA,0x00,0x00,0x00,0x05,0x00,0x00,0x00,0x13,0x00,0x0B,0x00,0x82,0x04,0x00,0x0B,0x00,0xBA,0x00,0x00,0x00,0x05,0x00,0x00,
    0x00,0x0D,0x00,0x0B,0x00,0x08,0x04,0x00,0x0B,0x00,0xC3,0x00,0x00,0x00,0x09,0x00,0x00,0x00,0x07,0x00,0x0B,0x01,0xAE,0x04,
    0x00,0x0B,0x00,0xC3,0x00,0x00,0x00,0x09,0x00,0x00,0x00,0x07,0x00,0x0B,0x00,0x07,0x04,0x00,0x0B,0x00,0xEC,0x00,0x00,0x00,
    0x09,0x00,0x00,0x00,0x07,0x00,0x0B,0x00,0x09,0x04,0x00,0x0B,0x01,0x9D,0x00,0x00,0x00,0x09,0x00,0x00,0x00,0x07,0x00,0x0B,
    0x00,0xA8,0x04,0x00,0x0B,0x01,0x9D,0x00,0x00,0x00,0x09,0x00,0x00,0x00,0x0E,0x00,0x0B,0x00,0xB3,0x04,0x00,0x0B,0x01,0xDA,
    0x00,0x00,0x00,0x09,0x00,0x00,0x00,0x04,0x00,0x0A,0x00,0x28,0x04,0x00,0x0B,0x01,0xDA,0x00,0x00,0x00,0x09,0x00,0x00,0x00,
    0x01,0x00,0x0B,0x00,0x17,0x04,0x00,0x0B,0x01,0xDA,0x00,0x00,0x00,0x09,0x00,0x00,0x00,0x0E,0x00,0x0B,0x01,0x7C,0x04,0x00,
    0x0B,0x01,0xDA,0x00,0x00,0x00,0x09,0x00,0x00,0x00,0x0E,0x00,0x0B,0x00,0x34,0x04,0x00,0x0B,0x01,0xDA,0x00,0x00,0x00,0x09,
    0x00,0x00,0x00,0x04,0x00,0x0B,0x00,0x05,0x04,0x00,0x0B,0x01,0xDC,0x00,0x00,0x00,0x09,0x00,0x00,0x00,0x04,0x00,0x0B,0x00,
    0x05,0x05,0x04,0x15,0x00,0x33,0x00,0x01,0x00,0x06,0x00,0x00,0x00,0x09,0x00,0x00,0x00,0x01,0x00,0x33,0x03,0x1A,0x00,0x00,
    0x00,0x09,0x00,0x00,0x00,0x01,0x00,0x33,0x00,0x89,0x00,0x00,0x00,0x09,0x00,0x00,0x00,0x05,0x00,0x33,0x03,0x42,0x00,0x00,
    0x00,0x09,0x00,0x00,0x00,0x07,0x00,0x33,0x03,0x3F,0x00,0x00,0x00,0x09,0x00,0x00,0x00,0x0D,0x00,0x33,0x03,0x40,0x00,0x00,
    0x00,0x09,0x00,0x00,0x00,0x07,0x00,0x33,0x00,0x06,0x00,0x00,0x00,0x1D,0x00,0x00,0x00,0x02,0x52,0x65,0x6C,0x61,0x79,0x20,
    0x2D,0x20,0x73,0x74,0x61,0x72,0x74,0x20,0x6F,0x66,0x20,0x63,0x69,0x6E,0x65,0x6D,0x61,0x00,0x01,0x05,0x04,0x15,0x00,0x33,
    0x00,0x02,0x00,0x03,0x00,0x00,0x00,0x09,0x00,0x00,0x00,0x05,0x00,0x33,0x03,0x3F,0x00,0x00,0x00,0x09,0x00,0x00,0x00,0x04,
    0x00,0x33,0x03,0x18,0x00,0x00,0x00,0x09,0x00,0x00,0x00,0x05,0x00,0x33,0x00,0x06,0x00,0x00,0x00,0x1B,0x00,0x00,0x00,0x02,
    0x52,0x65,0x6C,0x61,0x79,0x20,0x2D,0x20,0x65,0x6E,0x64,0x20,0x6F,0x66,0x20,0x63,0x69,0x6E,0x65,0x6D,0x61,0x00,0x01,0x05,
    0x04,0x3A,0x00,0x33,0x00,0x06,0x00,0x01,0x00,0x00,0x00,0x09,0x00,0x00,0x00,0x0D,0x00,0x33,0x00,0x02,0x00,0x00,0x00,0x69,
    0x00,0x00,0x00,0x0F,0x53,0x70,0x65,0x63,0x69,0x61,0x6C,0x46,0x75,0x6E,0x63,0x74,0x69,0x6F,0x6E,0x20,0x43,0x69,0x6E,0x65,
    0x6D,0x61,0x74,0x69,0x63,0x20,0x53,0x6B,0x69,0x70,0x00,0x00,0x00,0x00,0x00,0x00,0x00,0x00,0x00,0x00,0x00,0x00,0x00,0x00,
    0x00,0x00,0x00,0x00,0x00,0x00,0x00,0x00,0x00,0x00,0x00,0x00,0x00,0x00,0x0F,0x00,0x00,0x00,0x00,0x00,0x00,0x00,0x00,0x00,
    0x00,0x00,0x00,0x00,0xFF,0xFF,0xFF,0xFF,0xFF,0xFF,0xFF,0xFF,0x00,0x00,0x00,0x00,0x01,0x00,0x00,0x00,0x00,0xFF,0xFF,0xFF,
    0xFF,0xFF,0xFF,0xFF,0xFF,0xFF,0xFF,0xFF,0xFF,0x03,0x10,0x33,0x03,0x1A,0x00,0x00,0x00,0x00,0x00,0x00,0x00,0x07,0x10,0x33,
    0x03,0x3F,0x03,0x10,0x33,0x03,0x37,0x00,0x00,0x00,0x05,0x00,0x00,0x00,0x05,0x10,0x33,0x03,0x3F,0x03,0x10,0x33,0x03,0x37,
    0x00,0x00,0x00,0x05,0x00,0x00,0x00,0x04,0x10,0x33,0x03,0x18,0x03,0x10,0x33,0x03,0x37,0x00,0x00,0x00,0x05,0x00,0x00,0x00,
    0x0D,0x10,0x33,0x03,0x40,0x03,0x14,0x33,0x03,0x17,0x00,0x00,0x00,0x03,0x00,0x00,0x00,0x01,0x10,0x33,0x03,0x1A,0x03,0x14,
    0x33,0x03,0x17,0x00,0x00,0x00,0x03,0x00,0x00,0x00,0x01,0x14,0x33,0x00,0x89,0x03,0x14,0x33,0x03,0x17,0x00,0x00,0x00,0x03,
    0x00,0x00,0x00,0x05,0x00,0x33,0x03,0x42,0x04,0x00,0x33,0x02,0xCD,0x00,0x00,0x00,0x03,0x00,0x00,0x00,0x0D,0x00,0x33,0x03,
    0x53,0x04,0x10,0x33,0x03,0x37,0x00,0x00,0x00,0x05,0x00,0x00,0x00,0x0D,0x00,0x33,0x00,0x02,0x04,0x14,0x33,0x03,0x17,0x00,
    0x00,0x00,0x03,0x00,0x00,0x00,0x0D,0x00,0x33,0x00,0x01,0x05,0x00,0x0F,0x00,0x54,0xC5,0x63,0x00,0x00,0x00,0x00,0x00,0x99,
    0x00,0x00,0x00,0x23,0x4D,0x6F,0x72,0x70,0x68,0x00,0x00,0x00,0x00,0x00,0x00,0x00,0x00,0x00,0x00,0x00,0x00,0x00,0x00,0x00,
    0x00,0x00,0x00,0x00,0x00,0x00,0x00,0x00,0x00,0x00,0x00,0x00,0x00,0x00,0x00,0x00,0x00,0x00,0x00,0x00,0x00,0x00,0x00,0x00,
    0x00,0x00,0x00,0x00,0x00,0x00,0x00,0x00,0x00,0x00,0x00,0x00,0x00,0x00,0x00,0x00,0x00,0x00,0x00,0x00,0x00,0x00,0x00,0x00,
    0x00,0x00,0x00,0x00,0x00,0x00,0x00,0x00,0x00,0x00,0x00,0x00,0x00,0x00,0x00,0x00,0x00,0x00,0x00,0x00,0x00,0x00,0x00,0x00,
    0x00,0x00,0x00,0x00,0x00,0x00,0x00,0x00,0x00,0x00,0x00,0x00,0x00,0x00,0x00,0x00,0x00,0x00,0x00,0x00,0x00,0x00,0x00,0x00,
    0x00,0x00,0x00,0x00,0x00,0x00,0x00,0x00,0x00,0x00,0x00,0x00,0x00,0x00,0x00,0x00,0x00,0x00,0x00,0x00,0x00,0x00,0x00,0x00,
    0x00,0x00,0x00,0x00,0x00,0x00,0x00,0x01,0x01,0x05,0x00,0x3A,0x00,0x3F,0x00,0x03,0x00,0x05,0x00,0x00,0x00,0x09,0x00,0x00,
    0x00,0x0B,0x00,0x18,0x00,0x55,0x00,0x00,0x00,0x09,0x00,0x00,0x00,0x04,0x00,0x3F,0x00,0x38,0x00,0x00,0x00,0x09,0x00,0x00,
    0x00,0x14,0x00,0x3F,0x00,0x28,0x00,0x00,0x00,0x09,0x00,0x00,0x00,0x01,0x00,0x3F,0x00,0x36,0x00,0x00,0x00,0x09,0x00,0x00,
    0x00,0x07,0x00,0x00,0xA4,0x55,0x00,0x00,0x00,0x63,0x00,0x00,0x00,0x0F,0x44,0x65,0x70,0x61,0x72,0x74,0x75,0x72,0x65,0x20,
    0x43,0x69,0x6E,0x65,0x6D,0x61,0x74,0x69,0x63,0x20,0x53,0x6B,0x69,0x70,0x00,0x00,0x00,0x00,0x00,0x00,0x00,0x00,0x00,0x00,
    0x00,0x00,0x00,0x00,0x00,0x00,0x00,0x00,0x00,0x00,0x00,0x00,0x00,0x00,0x00,0x00,0x00,0x00,0x0F,0x00,0x00,0x00,0x00,0x00,
    0x00,0x00,0x00,0x00,0x00,0x00,0x00,0x00,0xFF,0xFF,0xFF,0xFF,0xFF,0xFF,0xFF,0xFF,0x00,0x00,0x00,0x00,0x01,0x00,0x00,0x00,
    0x00,0xFF,0xFF,0xFF,0xFF,0xFF,0xFF,0xFF,0xFF,0xFF,0xFF,0xFF,0xFF,0x05,0x00,0x3A,0x00,0x3F,0x00,0x0B,0x00,0x05,0x00,0x00,
    0x00,0x09,0x00,0x00,0x00,0x01,0x00,0x0A,0x2C,0x2A,0x00,0x00,0x00,0x09,0x00,0x00,0x00,0x07,0x00,0x00,0xA4,0x55,0x00,0x00,
    0x00,0x09,0x00,0x00,0x00,0x08,0x00,0x3F,0x00,0x24,0x00,0x00,0x00,0x09,0x00,0x00,0x00,0x04,0x00,0x3F,0x00,0x1D,0x00,0x00,
    0x00,0x09,0x00,0x00,0x00,0x04,0x00,0x3F,0x00,0x58,0x00,0x00,0x00,0x61,0x00,0x00,0x00,0x0F,0x41,0x72,0x72,0x69,0x76,0x61,
    0x6C,0x20,0x43,0x69,0x6E,0x65,0x6D,0x61,0x74,0x69,0x63,0x20,0x53,0x6B,0x69,0x70,0x00,0x00,0x00,0x00,0x00,0x00,0x00,0x00,
    0x00,0x00,0x00,0x00,0x00,0x00,0x00,0x00,0x00,0x00,0x00,0x00,0x00,0x00,0x00,0x00,0x00,0x00,0x00,0x00,0x0F,0x00,0x00,0x00,
    0x00,0x00,0x00,0x00,0x00,0x00,0x00,0x00,0x00,0x00,0xFF,0xFF,0xFF,0xFF,0xFF,0xFF,0xFF,0xFF,0x00,0x00,0x00,0x00,0x01,0x00,
    0x00,0x00,0x00,0xFF,0xFF,0xFF,0xFF,0xFF,0xFF,0xFF,0xFF,0xFF,0xFF,0xFF,0xFF,0x05,0x00,0x0C,0x00,0x0A,0x2C,0x2A,0x00,0x03,
    0x00,0x00,0x00,0x00,0x00,0x00,0x00,0x0D,0x00,0x54,0xC5,0x63,0x00,0x00,0x00,0x05,0x00,0x00,0x00,0x0D,0x00,0x3F,0x00,0x15,
    0x00,0x00,0x00,0x05,0x00,0x00,0x00,0x05,0x00,0x00,0xA4,0x55,0x00,0x00,0x00,0x33,0x00,0x00,0x00,0x0F,0x48,0x6F,0x6C,0x64,
    0x00,0x00,0x00,0x00,0x00,0x00,0x00,0x00,0x00,0x00,0x00,0x00,0x00,0x00,0x00,0x00,0x00,0x00,0x00,0x00,0x00,0x00,0x00,0x00,
    0x00,0x00,0x40,0xE0,0x00,0x00,0x00,0x00,0x00,0x00,0x01,0x00,0x00,0x42,0x8C,0x00,0x00,0x01,0x00,0x05,0x00,0x18,0x00,0x00,
    0xA4,0x55,0x00,0x00,0x00,0x00,0x00,0x3C,0x00,0x00,0x00,0x0A,0x48,0x6F,0x6C,0x64,0x20,0x42,0x6C,0x61,0x63,0x6B,0x00,0x01,
    0x00,0x00,0x00,0x01,0x00,0x00,0x00,0x00,0x00,0x00,0x00,0x02,0x00,0x00,0x00,0x00,0x00,0x00,0x00,0x00,0x00,0x00,0x00,0x00,
    0x00,0x00,0x00,0x00,0x3F,0x80,0x00,0x00,0x00,0x00,0x00,0x00,0x3F,0x00,0x00,0x00,0xFF,0xFF,0xFF,0xFF,0x05,0x00,0x05,0x00,
    0x18,0x00,0x55,0x00,0x01,0x00,0x00,0x00,0x09,0x00,0x00,0x00,0x08,0x00,0x3F,0x00,0x14,0x00,0x00,0x00,0x2B,0x00,0x00,0x00,
    0x06,0x43,0x75,0x74,0x73,0x63,0x65,0x6E,0x65,0x20,0x53,0x6B,0x69,0x70,0x20,0x32,0x20,0x46,0x72,0x61,0x6D,0x65,0x20,0x44,
    0x65,0x6C,0x61,0x79,0x00,0x3C,0xA3,0xD7,0x0A,0x00,0x00,0x00,0x00,0x00,0x00,0x01,0x05,0x00,0x05,0x00,0x0A,0x2B,0xBB,0x00,
    0x01,0x00,0x00,0x00,0x09,0x00,0x00,0x00,0x04,0x00,0x0A,0x2C,0x2A,0x00,0x00,0x00,0x1A,0x00,0x00,0x00,0x06,0x4C,0x6F,0x61,
    0x64,0x20,0x54,0x69,0x6D,0x65,0x72,0x00,0x3A,0x83,0x12,0x6F,0x00,0x00,0x00,0x00,0x01,0x01,0x00,0x03,0x00,0x3F,0x00,0x16,
    0x00,0x00,0x00,0x00,0x00,0x00,0x00,0x07,0x00,0x3F,0x00,0x3B,0x03,0x00,0x3F,0x00,0x16,0x00,0x00,0x00,0x00,0x00,0x00,0x00,
    0x01,0x00,0x3F,0x00,0x17,0x03,0x00,0x3F,0x00,0x16,0x00,0x00,0x00,0x00,0x00,0x00,0x00,0x14,0x00,0x3F,0x00,0x48,0x03,0x00,
    0x3F,0x00,0x1D,0x00,0x00,0x00,0x05,0x00,0x00,0x00,0x04,0x00,0x3F,0x00,0x17,0x03,0x00,0x3F,0x00,0x1D,0x00,0x00,0x00,0x05,
    0x00,0x00,0x00,0x05,0x00,0x3F,0x00,0x3B,0x03,0x00,0x3F,0x00,0x1D,0x00,0x00,0x00,0x05,0x00,0x00,0x00,0x0D,0x00,0x3F,0x00,
    0x45,0x03,0x00,0x3F,0x00,0x1D,0x00,0x00,0x00,0x05,0x00,0x00,0x00,0x0D,0x00,0x3F,0x00,0x25,0x04,0x00,0x3F,0x00,0x01,0x00,
    0x00,0x00,0x07,0x00,0x00,0x00,0x01,0x00,0x0A,0x2B,0xBB,0x04,0x00,0x3F,0x00,0x15,0x00,0x00,0x00,0x09,0x00,0x00,0x00,0x05,
    0x00,0x3F,0x00,0x0B,0x04,0x00,0x3F,0x00,0x15,0x00,0x00,0x00,0x09,0x00,0x00,0x00,0x04,0x00,0x3F,0x00,0x17,0x04,0x00,0x3F,
    0x00,0x15,0x00,0x00,0x00,0x09,0x00,0x00,0x00,0x05,0x00,0x3F,0x00,0x3B,0x04,0x00,0x3F,0x00,0x15,0x00,0x00,0x00,0x09,0x00,
    0x00,0x00,0x0D,0x00,0x3F,0x00,0x45,0x04,0x00,0x3F,0x00,0x15,0x00,0x00,0x00,0x09,0x00,0x00,0x00,0x0D,0x00,0x3F,0x00,0x25,
    0x04,0x00,0x3F,0x00,0x1B,0x00,0x00,0x00,0x09,0x00,0x00,0x00,0x07,0x00,0x3F,0x00,0x0B,0x04,0x00,0x3F,0x00,0x1B,0x00,0x00,
    0x00,0x09,0x00,0x00,0x00,0x07,0x00,0x3F,0x00,0x3B,0x04,0x00,0x3F,0x00,0x1B,0x00,0x00,0x00,0x09,0x00,0x00,0x00,0x01,0x00,
    0x3F,0x00,0x17,0x04,0x00,0x3F,0x00,0x1B,0x00,0x00,0x00,0x09,0x00,0x00,0x00,0x14,0x00,0x3F,0x00,0x48,0x04,0x00,0x3F,0x00,
    0x1D,0x00,0x00,0x00,0x05,0x00,0x00,0x00,0x0D,0x00,0x3F,0x00,0x15,0x04,0x00,0x3F,0x00,0x33,0x00,0x00,0x00,0x09,0x00,0x00,
    0x00,0x07,0x00,0x3F,0x00,0x03,0x04,0x00,0x3F,0x00,0x34,0x00,0x00,0x00,0x09,0x00,0x00,0x00,0x05,0x00,0x3F,0x00,0x03,0x06,
    0x00,0x3F,0x00,0x1C,0x05,0x00,0x15,0x00,0x10,0x00,0x14,0x00,0x03,0x00,0x00,0x00,0x09,0x00,0x00,0x00,0x05,0x00,0x10,0x00,
    0x15,0x00,0x00,0x00,0x09,0x00,0x00,0x00,0x04,0x00,0x10,0x02,0xB8,0x00,0x00,0x00,0x09,0x00,0x00,0x00,0x05,0x00,0x10,0x02,
    0xB9,0x00,0x00,0x00,0x1B,0x00,0x00,0x00,0x02,0x45,0x6E,0x64,0x20,0x41,0x72,0x72,0x69,0x76,0x69,0x6E,0x67,0x20,0x43,0x75,
    0x74,0x73,0x63,0x65,0x6E,0x65,0x00,0x01,0x05,0x00,0x3A,0x00,0x10,0x00,0x13,0x00,0x05,0x00,0x00,0x00,0x09,0x00,0x00,0x00,
    0x10,0x00,0x10,0x02,0xD9,0x00,0x00,0x00,0x09,0x00,0x00,0x00,0x0E,0x00,0x18,0x00,0x55,0x00,0x00,0x00,0x09,0x00,0x00,0x00,
    0x01,0x00,0x10,0x05,0x8A,0x00,0x00,0x00,0x09,0x00,0x00,0x00,0x07,0x00,0x00,0xA4,0x55,0x00,0x00,0x00,0x09,0x00,0x00,0x00,
    0x04,0x00,0x10,0x02,0xCF,0x00,0x00,0x00,0x60,0x00,0x00,0x00,0x0F,0x4C,0x65,0x61,0x76,0x69,0x6E,0x67,0x20,0x43,0x75,0x74,
    0x73,0x63,0x65,0x6E,0x65,0x20,0x53,0x6B,0x69,0x70,0x00,0x00,0x00,0x00,0x00,0x00,0x00,0x00,0x00,0x00,0x00,0x00,0x00,0x00,
    0x00,0x00,0x00,0x00,0x00,0x00,0x00,0x00,0x00,0x00,0x00,0x00,0x00,0x00,0x0F,0x00,0x00,0x00,0x00,0x00,0x00,0x00,0x00,0x00,
    0x00,0x00,0x00,0x00,0xFF,0xFF,0xFF,0xFF,0xFF,0xFF,0xFF,0xFF,0x00,0x00,0x00,0x00,0x01,0x00,0x00,0x00,0x00,0xFF,0xFF,0xFF,
    0xFF,0xFF,0xFF,0xFF,0xFF,0xFF,0xFF,0xFF,0xFF,0x05,0x00,0x3A,0x00,0x10,0x00,0x15,0x00,0x05,0x00,0x00,0x00,0x09,0x00,0x00,
    0x00,0x04,0x00,0x10,0x02,0xC0,0x00,0x00,0x00,0x09,0x00,0x00,0x00,0x0D,0x00,0x10,0x02,0xC4,0x00,0x00,0x00,0x09,0x00,0x00,
    0x00,0x04,0x00,0x10,0x02,0xC1,0x00,0x00,0x00,0x09,0x00,0x00,0x00,0x0D,0x00,0x10,0x02,0xC2,0x00,0x00,0x00,0x09,0x00,0x00,
    0x00,0x0D,0x00,0x10,0x00,0x14,0x00,0x00,0x00,0x61,0x00,0x00,0x00,0x0F,0x41,0x72,0x72,0x69,0x76,0x69,0x6E,0x67,0x20,0x43,
    0x75,0x74,0x73,0x63,0x65,0x6E,0x65,0x20,0x53,0x6B,0x69,0x70,0x00,0x00,0x00,0x00,0x00,0x00,0x00,0x00,0x00,0x00,0x00,0x00,
    0x00,0x00,0x00,0x00,0x00,0x00,0x00,0x00,0x00,0x00,0x00,0x00,0x00,0x00,0x00,0x00,0x0F,0x00,0x00,0x00,0x00,0x00,0x00,0x00,
    0x00,0x00,0x00,0x00,0x00,0x00,0xFF,0xFF,0xFF,0xFF,0xFF,0xFF,0xFF,0xFF,0x00,0x00,0x00,0x00,0x01,0x00,0x00,0x00,0x00,0xFF,
    0xFF,0xFF,0xFF,0xFF,0xFF,0xFF,0xFF,0xFF,0xFF,0xFF,0xFF,0x05,0x00,0x0C,0x00,0x10,0x05,0x8A,0x00,0x00,0x00,0x00,0x00,0x33,
    0x00,0x00,0x00,0x0F,0x48,0x6F,0x6C,0x64,0x00,0xC3,0xBA,0x88,0x5E,0x42,0x04,0x3D,0x90,0xC2,0x1B,0xD3,0x4E,0x00,0x00,0x00,
    0x00,0x00,0x00,0x00,0x00,0x00,0x00,0x00,0x00,0x00,0x41,0x20,0x00,0x00,0x00,0x00,0x00,0x00,0x01,0x00,0x00,0x42,0x8C,0x00,
    0x00,0x01,0x00,0x05,0x00,0x18,0x00,0x00,0xA4,0x55,0x00,0x00,0x00,0x00,0x00,0x3C,0x00,0x00,0x00,0x0A,0x48,0x6F,0x6C,0x64,
    0x20,0x42,0x6C,0x61,0x63,0x6B,0x00,0x01,0x00,0x00,0x00,0x01,0x00,0x00,0x00,0x00,0x00,0x00,0x00,0x02,0x00,0x00,0x00,0x00,
    0x00,0x00,0x00,0x00,0x00,0x00,0x00,0x00,0x00,0x00,0x00,0x00,0x3F,0x80,0x00,0x00,0x00,0x00,0x00,0x00,0x3F,0x00,0x00,0x00,
    0xFF,0xFF,0xFF,0xFF,0x05,0x00,0x05,0x00,0x18,0x00,0x55,0x00,0x01,0x00,0x00,0x00,0x09,0x00,0x00,0x00,0x0D,0x00,0x10,0x02,
    0xDA,0x00,0x00,0x00,0x2B,0x00,0x00,0x00,0x06,0x43,0x75,0x74,0x73,0x63,0x65,0x6E,0x65,0x20,0x53,0x6B,0x69,0x70,0x20,0x32,
    0x20,0x46,0x72,0x61,0x6D,0x65,0x20,0x44,0x65,0x6C,0x61,0x79,0x00,0x3C,0xA3,0xD7,0x0A,0x00,0x00,0x00,0x00,0x00,0x00,0x01,
    0x05,0x01,0x15,0x00,0x10,0x00,0x0D,0x00,0x03,0x00,0x00,0x00,0x09,0x00,0x00,0x00,0x05,0x00,0x10,0x00,0x12,0x00,0x00,0x00,
    0x09,0x00,0x00,0x00,0x05,0x00,0x10,0x04,0xD0,0x00,0x00,0x00,0x09,0x00,0x00,0x00,0x0D,0x00,0x10,0x04,0xC0,0x00,0x00,0x00,
    0x1E,0x00,0x00,0x00,0x02,0x42,0x75,0x72,0x6E,0x20,0x57,0x69,0x6E,0x67,0x73,0x20,0x43,0x69,0x6E,0x65,0x6D,0x61,0x74,0x69,
    0x63,0x20,0x45,0x6E,0x64,0x00,0x01,0x05,0x01,0x15,0x00,0x10,0x00,0x27,0x00,0x0C,0x00,0x00,0x00,0x09,0x00,0x00,0x00,0x04,
    0x00,0x10,0x00,0x11,0x00,0x00,0x00,0x09,0x00,0x00,0x00,0x04,0x00,0x10,0x00,0x24,0x00,0x00,0x00,0x09,0x00,0x00,0x00,0x04,
    0x00,0x10,0x00,0x37,0x00,0x00,0x00,0x09,0x00,0x00,0x00,0x04,0x00,0x10,0x00,0x4A,0x00,0x00,0x00,0x09,0x00,0x00,0x00,0x04,
    0x00,0x10,0x00,0x5D,0x00,0x00,0x00,0x09,0x00,0x00,0x00,0x04,0x00,0x10,0x00,0x70,0x00,0x00,0x00,0x09,0x00,0x00,0x00,0x04,
    0x00,0x10,0x00,0x83,0x00,0x00,0x00,0x09,0x00,0x00,0x00,0x04,0x00,0x10,0x00,0x96,0x00,0x00,0x00,0x09,0x00,0x00,0x00,0x04,
    0x00,0x10,0x00,0xA9,0x00,0x00,0x00,0x09,0x00,0x00,0x00,0x04,0x00,0x10,0x00,0xBC,0x00,0x00,0x00,0x09,0x00,0x00,0x00,0x04,
    0x00,0x10,0x00,0xCF,0x00,0x00,0x00,0x09,0x00,0x00,0x00,0x04,0x00,0x10,0x00,0xE2,0x00,0x00,0x00,0x14,0x00,0x00,0x00,0x02,
    0x4E,0x75,0x6B,0x65,0x20,0x4D,0x6F,0x6E,0x6F,0x6C,0x69,0x74,0x68,0x73,0x00,0x00,0x05,0x01,0x3A,0x00,0x10,0x00,0x0C,0x00,
    0x5F,0x00,0x00,0x00,0x09,0x00,0x00,0x00,0x0D,0x00,0x10,0x02,0x8F,0x00,0x00,0x00,0x09,0x00,0x00,0x00,0x0D,0x00,0x10,0x05,
    0x41,0x00,0x00,0x00,0x09,0x00,0x00,0x00,0x04,0x00,0x10,0x02,0x8D,0x00,0x00,0x00,0x09,0x00,0x00,0x00,0x04,0x00,0x10,0x02,
    0x8C,0x00,0x00,0x00,0x09,0x00,0x00,0x00,0x04,0x00,0x10,0x04,0x43,0x00,0x00,0x00,0x09,0x00,0x00,0x00,0x04,0x00,0x10,0x04,
    0x3F,0x00,0x00,0x00,0x09,0x00,0x00,0x00,0x05,0x00,0x10,0x04,0x86,0x00,0x00,0x00,0x09,0x00,0x00,0x00,0x04,0x00,0x10,0x02,
    0x90,0x00,0x00,0x00,0x09,0x00,0x00,0x00,0x04,0x00,0x10,0x02,0xE5,0x00,0x00,0x00,0x09,0x00,0x00,0x00,0x0F,0x00,0x10,0x05,
    0x56,0x00,0x00,0x00,0x09,0x00,0x00,0x00,0x04,0x00,0x10,0x02,0x91,0x00,0x00,0x00,0x09,0x00,0x00,0x00,0x04,0x00,0x10,0x02,
    0xE8,0x00,0x00,0x00,0x09,0x00,0x00,0x00,0x0F,0x00,0x10,0x05,0x54,0x00,0x00,0x00,0x09,0x00,0x00,0x00,0x04,0x00,0x10,0x02,
    0x92,0x00,0x00,0x00,0x09,0x00,0x00,0x00,0x04,0x00,0x10,0x02,0xE9,0x00,0x00,0x00,0x09,0x00,0x00,0x00,0x0F,0x00,0x10,0x05,
    0x55,0x00,0x00,0x00,0x09,0x00,0x00,0x00,0x0F,0x00,0x10,0x05,0x6E,0x00,0x00,0x00,0x09,0x00,0x00,0x00,0x04,0x00,0x10,0x02,
    0x93,0x00,0x00,0x00,0x09,0x00,0x00,0x00,0x04,0x00,0x10,0x02,0xEA,0x00,0x00,0x00,0x09,0x00,0x00,0x00,0x04,0x00,0x10,0x02,
    0xEB,0x00,0x00,0x00,0x09,0x00,0x00,0x00,0x04,0x00,0x10,0x02,0x94,0x00,0x00,0x00,0x09,0x00,0x00,0x00,0x04,0x00,0x10,0x02,
    0xE1,0x00,0x00,0x00,0x09,0x00,0x00,0x00,0x04,0x00,0x10,0x05,0x3F,0x00,0x00,0x00,0x09,0x00,0x00,0x00,0x04,0x00,0x10,0x05,
    0x06,0x00,0x00,0x00,0x09,0x00,0x00,0x00,0x0F,0x00,0x10,0x03,0x06,0x00,0x00,0x00,0x09,0x00,0x00,0x00,0x0F,0x00,0x10,0x02,
    0xF6,0x00,0x00,0x00,0x09,0x00,0x00,0x00,0x0F,0x00,0x10,0x05,0x59,0x00,0x00,0x00,0x09,0x00,0x00,0x00,0x0F,0x00,0x10,0x05,
    0x58,0x00,0x00,0x00,0x09,0x00,0x00,0x00,0x0F,0x00,0x10,0x05,0x57,0x00,0x00,0x00,0x09,0x00,0x00,0x00,0x0F,0x00,0x10,0x03,
    0x07,0x00,0x00,0x00,0x09,0x00,0x00,0x00,0x04,0x00,0x10,0x03,0x08,0x00,0x00,0x00,0x09,0x00,0x00,0x00,0x0F,0x00,0x10,0x05,
    0x69,0x00,0x00,0x00,0x09,0x00,0x00,0x00,0x0F,0x00,0x10,0x05,0x68,0x00,0x00,0x00,0x09,0x00,0x00,0x00,0x0F,0x00,0x10,0x05,
    0x67,0x00,0x00,0x00,0x09,0x00,0x00,0x00,0x04,0x00,0x10,0x03,0x03,0x00,0x00,0x00,0x09,0x00,0x00,0x00,0x04,0x00,0x10,0x03,
    0x04,0x00,0x00,0x00,0x09,0x00,0x00,0x00,0x04,0x00,0x10,0x03,0x02,0x00,0x00,0x00,0x09,0x00,0x00,0x00,0x04,0x00,0x10,0x03,
    0x05,0x00,0x00,0x00,0x09,0x00,0x00,0x00,0x04,0x00,0x10,0x02,0xFE,0x00,0x00,0x00,0x09,0x00,0x00,0x00,0x04,0x00,0x10,0x04,
    0x45,0x00,0x00,0x00,0x09,0x00,0x00,0x00,0x04,0x00,0x10,0x03,0x0E,0x00,0x00,0x00,0x09,0x00,0x00,0x00,0x0F,0x00,0x10,0x05,
    0x6C,0x00,0x00,0x00,0x09,0x00,0x00,0x00,0x0F,0x00,0x10,0x05,0x6B,0x00,0x00,0x00,0x09,0x00,0x00,0x00,0x04,0x00,0x10,0x04,
    0x46,0x00,0x00,0x00,0x09,0x00,0x00,0x00,0x04,0x00,0x10,0x04,0x72,0x00,0x00,0x00,0x09,0x00,0x00,0x00,0x04,0x00,0x10,0x04,
    0x88,0x00,0x00,0x00,0x09,0x00,0x00,0x00,0x0F,0x00,0x10,0x04,0xB4,0x00,0x00,0x00,0x09,0x00,0x00,0x00,0x0F,0x00,0x10,0x05,
    0x3E,0x00,0x00,0x00,0x09,0x00,0x00,0x00,0x04,0x00,0x10,0x05,0x3D,0x00,0x00,0x00,0x09,0x00,0x00,0x00,0x04,0x00,0x10,0x04,
    0xB5,0x00,0x00,0x00,0x09,0x00,0x00,0x00,0x04,0x00,0x10,0x05,0x2B,0x00,0x00,0x00,0x09,0x00,0x00,0x00,0x0F,0x00,0x10,0x05,
    0x70,0x00,0x00,0x00,0x09,0x00,0x00,0x00,0x04,0x00,0x10,0x04,0x47,0x00,0x00,0x00,0x09,0x00,0x00,0x00,0x04,0x00,0x10,0x05,
    0x2C,0x00,0x00,0x00,0x09,0x00,0x00,0x00,0x04,0x00,0x10,0x05,0x2D,0x00,0x00,0x00,0x09,0x00,0x00,0x00,0x04,0x00,0x10,0x05,
    0x42,0x00,0x00,0x00,0x09,0x00,0x00,0x00,0x04,0x00,0x10,0x04,0xA5,0x00,0x00,0x00,0x09,0x00,0x00,0x00,0x04,0x00,0x10,0x05,
    0x2E,0x00,0x00,0x00,0x09,0x00,0x00,0x00,0x0F,0x00,0x10,0x05,0x05,0x00,0x00,0x00,0x09,0x00,0x00,0x00,0x0F,0x00,0x10,0x05,
    0x04,0x00,0x00,0x00,0x09,0x00,0x00,0x00,0x0F,0x00,0x10,0x04,0xB3,0x00,0x00,0x00,0x09,0x00,0x00,0x00,0x04,0x00,0x10,0x05,
    0x08,0x00,0x00,0x00,0x09,0x00,0x00,0x00,0x04,0x00,0x10,0x05,0x0F,0x00,0x00,0x00,0x09,0x00,0x00,0x00,0x04,0x00,0x10,0x05,
    0x10,0x00,0x00,0x00,0x09,0x00,0x00,0x00,0x0F,0x00,0x10,0x05,0x31,0x00,0x00,0x00,0x09,0x00,0x00,0x00,0x0B,0x00,0x10,0x03,
    0x9A,0x00,0x00,0x00,0x09,0x00,0x00,0x00,0x0B,0x00,0x10,0x05,0x12,0x00,0x00,0x00,0x09,0x00,0x00,0x00,0x0F,0x00,0x10,0x05,
    0x3C,0x00,0x00,0x00,0x09,0x00,0x00,0x00,0x04,0x00,0x10,0x05,0x3B,0x00,0x00,0x00,0x09,0x00,0x00,0x00,0x04,0x00,0x10,0x05,
    0x2F,0x00,0x00,0x00,0x09,0x00,0x00,0x00,0x0F,0x00,0x10,0x05,0x4A,0x00,0x00,0x00,0x09,0x00,0x00,0x00,0x14,0x00,0x10,0x03,
    0x44,0x00,0x00,0x00,0x09,0x00,0x00,0x00,0x14,0x00,0x10,0x05,0x66,0x00,0x00,0x00,0x09,0x00,0x00,0x00,0x04,0x00,0x10,0x05,
    0x6D,0x00,0x00,0x00,0x09,0x00,0x00,0x00,0x0D,0x00,0x10,0x04,0xF5,0x00,0x00,0x00,0x09,0x00,0x00,0x00,0x0B,0x00,0x10,0x00,
    0x19,0x00,0x00,0x00,0x09,0x00,0x00,0x00,0x0D,0x00,0x10,0x05,0x0E,0x00,0x00,0x00,0x09,0x00,0x00,0x00,0x0B,0x00,0x10,0x00,
    0x1A,0x00,0x00,0x00,0x09,0x00,0x00,0x00,0x0D,0x00,0x10,0x00,0x27,0x00,0x00,0x00,0x09,0x00,0x00,0x00,0x05,0x00,0x10,0x04,
    0xA8,0x00,0x00,0x00,0x09,0x00,0x00,0x00,0x05,0x00,0x10,0x04,0xA9,0x00,0x00,0x00,0x09,0x00,0x00,0x00,0x05,0x00,0x10,0x04,
    0xAA,0x00,0x00,0x00,0x09,0x00,0x00,0x00,0x05,0x00,0x10,0x04,0xAB,0x00,0x00,0x00,0x09,0x00,0x00,0x00,0x05,0x00,0x10,0x04,
    0xA6,0x00,0x00,0x00,0x09,0x00,0x00,0x00,0x05,0x00,0x10,0x04,0xA7,0x00,0x00,0x00,0x09,0x00,0x00,0x00,0x05,0x00,0x10,0x04,
    0xB1,0x00,0x00,0x00,0x09,0x00,0x00,0x00,0x05,0x00,0x10,0x04,0xAC,0x00,0x00,0x00,0x09,0x00,0x00,0x00,0x05,0x00,0x10,0x04,
    0xAD,0x00,0x00,0x00,0x09,0x00,0x00,0x00,0x05,0x00,0x10,0x04,0xAE,0x00,0x00,0x00,0x09,0x00,0x00,0x00,0x05,0x00,0x10,0x04,
    0xAF,0x00,0x00,0x00,0x09,0x00,0x00,0x00,0x05,0x00,0x10,0x04,0xB0,0x00,0x00,0x00,0x09,0x00,0x00,0x00,0x0F,0x00,0x10,0x04,
    0xB6,0x00,0x00,0x00,0x09,0x00,0x00,0x00,0x0F,0x00,0x10,0x05,0x47,0x00,0x00,0x00,0x09,0x00,0x00,0x00,0x0F,0x00,0x10,0x05,
    0x48,0x00,0x00,0x00,0x09,0x00,0x00,0x00,0x0F,0x00,0x10,0x05,0x49,0x00,0x00,0x00,0x65,0x00,0x00,0x00,0x0F,0x52,0x69,0x64,
    0x6C,0x65,0x79,0x20,0x44,0x65,0x61,0x74,0x68,0x20,0x43,0x75,0x74,0x73,0x63,0x65,0x6E,0x65,0x20,0x53,0x6B,0x69,0x70,0x00,
    0x00,0x00,0x00,0x00,0x00,0x00,0x00,0x00,0x00,0x00,0x00,0x00,0x00,0x00,0x00,0x00,0x00,0x00,0x00,0x00,0x00,0x00,0x00,0x00,
    0x00,0x00,0x00,0x0F,0x00,0x00,0x00,0x00,0x00,0x00,0x00,0x00,0x00,0x00,0x00,0x00,0x00,0xFF,0xFF,0xFF,0xFF,0xFF,0xFF,0xFF,
    0xFF,0x00,0x00,0x00,0x00,0x01,0x00,0x00,0x00,0x00,0xFF,0xFF,0xFF,0xFF,0xFF,0xFF,0xFF,0xFF,0xFF,0xFF,0xFF,0xFF,0x05,0x01,
    0x3A,0x00,0x10,0x00,0x12,0x00,0x02,0x00,0x00,0x00,0x09,0x00,0x00,0x00,0x0D,0x00,0x10,0x00,0x0D,0x00,0x00,0x00,0x09,0x00,
    0x00,0x00,0x04,0x00,0x10,0x04,0xC1,0x00,0x00,0x00,0x64,0x00,0x00,0x00,0x0F,0x42,0x75,0x72,0x6E,0x20,0x57,0x69,0x6E,0x67,
    0x73,0x20,0x43,0x69,0x6E,0x65,0x6D,0x61,0x74,0x69,0x63,0x20,0x53,0x6B,0x69,0x70,0x00,0x00,0x00,0x00,0x00,0x00,0x00,0x00,
    0x00,0x00,0x00,0x00,0x00,0x00,0x00,0x00,0x00,0x00,0x00,0x00,0x00,0x00,0x00,0x00,0x00,0x00,0x00,0x00,0x0F,0x00,0x00,0x00,
    0x00,0x00,0x00,0x00,0x00,0x00,0x00,0x00,0x00,0x00,0xFF,0xFF,0xFF,0xFF,0xFF,0xFF,0xFF,0xFF,0x00,0x00,0x00,0x00,0x01,0x00,
    0x00,0x00,0x00,0xFF,0xFF,0xFF,0xFF,0xFF,0xFF,0xFF,0xFF,0xFF,0xFF,0xFF,0xFF,0x05,0x01,0x08,0x00,0x10,0x01,0x4F,0x00,0x00,
    0x00,0x00,0x01,0x82,0x00,0x00,0x00,0x13,0x50,0x6C,0x61,0x74,0x66,0x6F,0x72,0x6D,0x20,0x53,0x74,0x61,0x67,0x65,0x20,0x31,
    0x20,0x28,0x49,0x6E,0x74,0x61,0x6E,0x67,0x69,0x62,0x6C,0x65,0x29,0x00,0xC3,0xBA,0xA3,0x59,0x42,0x03,0x48,0xA6,0xC2,0x09,
    0x1D,0x35,0x00,0x00,0x00,0x00,0x00,0x00,0x00,0x00,0xC3,0x33,0xBB,0x93,0x3F,0x80,0x00,0x00,0x3F,0x80,0x00,0x00,0x3F,0x80,
    0x00,0x00,0x3F,0x80,0x00,0x00,0x3F,0x80,0x00,0x00,0x3F,0x80,0x00,0x00,0x00,0x00,0x00,0x00,0x00,0x00,0x00,0x00,0xC5,0x9C,
    0x40,0x00,0xFB,0x87,0x26,0x2C,0xFF,0xFF,0xFF,0xFF,0x00,0x00,0x00,0x00,0xFF,0xFF,0xFF,0xFF,0x00,0x00,0x00,0x0E,0x00,0x00,
    0x00,0x0E,0x01,0x3F,0x80,0x00,0x00,0x00,0x00,0x00,0x00,0x3F,0x80,0x00,0x00,0x41,0xA0,0x00,0x00,0x3F,0x80,0x00,0x00,0x3F,
    0x80,0x00,0x00,0x3F,0x80,0x00,0x00,0x3F,0x80,0x00,0x00,0x01,0x00,0x00,0x00,0x02,0x00,0x00,0x00,0x01,0x00,0x00,0x00,0x00,
    0x00,0x00,0x00,0x00,0x00,0x00,0x00,0x00,0x00,0x00,0x00,0x04,0x00,0x00,0x00,0x04,0x01,0x00,0x00,0x00,0x00,0x00,0x00,0x00,
    0x01,0xFF,0xFF,0xFF,0xFF,0xFF,0xFF,0xFF,0xFF,0xFF,0xFF,0xFF,0xFF,0xFF,0xFF,0xFF,0xFF,0xFF,0xFF,0xFF,0xFF,0x01,0x40,0x00,
    0x00,0x00,0x40,0x00,0x00,0x00,0x00,0x00,0x00,0x03,0x00,0x00,0x00,0x00,0x00,0x0F,0x00,0x00,0x00,0x3F,0x80,0x00,0x00,0x3F,
    0x80,0x00,0x00,0x00,0xFF,0xFF,0xFF,0xFF,0x00,0x00,0x00,0x02,0x42,0x48,0x00,0x00,0x3F,0x80,0x00,0x00,0x00,0x00,0x00,0x12,
    0x00,0x00,0x00,0x03,0x00,0x00,0x00,0x03,0x00,0x00,0x00,0x03,0x00,0x00,0x00,0x03,0x00,0x00,0x00,0x03,0x00,0x00,0x00,0x03,
    0x00,0x00,0x00,0x01,0x00,0x00,0x00,0x03,0x00,0x00,0x00,0x03,0x00,0x00,0x00,0x01,0x00,0x00,0x00,0x02,0x00,0x00,0x00,0x02,
    0x00,0x00,0x00,0x02,0x00,0x00,0x00,0x02,0x00,0x00,0x00,0x02,0x00,0x00,0x00,0x00,0x00,0x00,0x00,0x05,0x00,0x00,0x00,0x03,
    0x00,0x00,0x00,0x03,0x00,0x00,0x00,0x03,0x00,0x00,0x00,0x03,0x00,0x00,0x00,0x00,0x00,0x00,0x00,0x05,0x00,0x00,0x00,0x03,
    0x00,0x00,0x00,0x03,0x00,0x00,0x00,0x03,0x00,0x00,0x00,0x03,0x00,0x00,0x00,0x00,0x00,0x3F,0x80,0x00,0x00,0x00,0x00,0x00,
    0x00,0xC8,0x00,0x00,0x00,0x14,0x05,0x01,0x05,0x00,0x10,0x00,0x19,0x00,0x01,0x00,0x00,0x00,0x09,0x00,0x00,0x00,0x04,0x00,
    0x10,0x04,0xF6,0x00,0x00,0x00,0x23,0x00,0x00,0x00,0x06,0x44,0x65,0x63,0x72,0x65,0x6D,0x65,0x6E,0x74,0x20,0x4D,0x6F,0x6E,
    0x6F,0x6C,0x69,0x74,0x68,0x73,0x00,0x3F,0x00,0x00,0x00,0x00,0x00,0x00,0x00,0x00,0x00,0x01,0x05,0x01,0x05,0x00,0x10,0x00,
    0x1A,0x00,0x0D,0x00,0x00,0x00,0x09,0x00,0x00,0x00,0x04,0x00,0x10,0x00,0x11,0x00,0x00,0x00,0x09,0x00,0x00,0x00,0x04,0x00,
    0x10,0x00,0x24,0x00,0x00,0x00,0x09,0x00,0x00,0x00,0x04,0x00,0x10,0x00,0x37,0x00,0x00,0x00,0x09,0x00,0x00,0x00,0x04,0x00,
    0x10,0x00,0x4A,0x00,0x00,0x00,0x09,0x00,0x00,0x00,0x04,0x00,0x10,0x00,0x5D,0x00,0x00,0x00,0x09,0x00,0x00,0x00,0x04,0x00,
    0x10,0x00,0x70,0x00,0x00,0x00,0x09,0x00,0x00,0x00,0x04,0x00,0x10,0x01,0x4F,0x00,0x00,0x00,0x09,0x00,0x00,0x00,0x04,0x00,
    0x10,0x00,0x83,0x00,0x00,0x00,0x09,0x00,0x00,0x00,0x04,0x00,0x10,0x00,0x96,0x00,0x00,0x00,0x09,0x00,0x00,0x00,0x04,0x00,
    0x10,0x00,0xA9,0x00,0x00,0x00,0x09,0x00,0x00,0x00,0x04,0x00,0x10,0x00,0xBC,0x00,0x00,0x00,0x09,0x00,0x00,0x00,0x04,0x00,
    0x10,0x00,0xCF,0x00,0x00,0x00,0x09,0x00,0x00,0x00,0x04,0x00,0x10,0x00,0xE2,0x00,0x00,0x00,0x24,0x00,0x00,0x00,0x06,0x44,
    0x65,0x61,0x63,0x74,0x69,0x76,0x61,0x74,0x65,0x20,0x4D,0x6F,0x6E,0x6F,0x6C,0x69,0x74,0x68,0x73,0x00,0x40,0x00,0x00,0x00,
    0x00,0x00,0x00,0x00,0x00,0x00,0x01,0x02,0x38,0x10,0x05,0x0E,0x00,0x00,0x00,0x01,0x00,0x00,0x00,0x01,0x00,0x03,0x38,0x10,
    0x02,0x8D,0x00,0x00,0x00,0x00,0x00,0x00,0x00,0x01,0x38,0x10,0x02,0x8C,0x03,0x38,0x10,0x02,0x8D,0x00,0x00,0x00,0x00,0x00,
    0x00,0x00,0x07,0x38,0x10,0x02,0x96,0x03,0x38,0x10,0x02,0x8D,0x00,0x00,0x00,0x00,0x00,0x00,0x00,0x13,0x38,0x10,0x02,0x9A,
    0x03,0x38,0x10,0x02,0x8D,0x00,0x00,0x00,0x00,0x00,0x00,0x00,0x01,0x38,0x10,0x04,0x43,0x03,0x38,0x10,0x04,0xF5,0x00,0x00,
    0x00,0x09,0x00,0x00,0x00,0x07,0x04,0x10,0x00,0x70,0x03,0x38,0x10,0x04,0xF7,0x00,0x00,0x00,0x12,0x00,0x00,0x00,0x01,0x04,
    0x10,0x00,0x70,0x03,0x38,0x10,0x05,0x0E,0x00,0x00,0x00,0x09,0x00,0x00,0x00,0x05,0x04,0x10,0x00,0x70,0x03,0x38,0x10,0x05,
    0x2F,0x00,0x00,0x00,0x05,0x00,0x00,0x00,0x04,0x38,0x10,0x05,0x11,0x03,0x38,0x10,0x05,0x2F,0x00,0x00,0x00,0x05,0x00,0x00,
    0x00,0x0D,0x38,0x10,0x05,0x2A,0x03,0x38,0x10,0x05,0x2F,0x00,0x00,0x00,0x05,0x00,0x00,0x00,0x05,0x38,0x10,0x02,0x96,0x04,
    0x00,0x10,0x02,0xB7,0x00,0x00,0x00,0x09,0x00,0x00,0x00,0x07,0x00,0x10,0x00,0x15,0x04,0x00,0x10,0x02,0xC7,0x00,0x00,0x00,
    0x09,0x00,0x00,0x00,0x07,0x00,0x10,0x00,0x13,0x04,0x00,0x10,0x04,0xC1,0x00,0x00,0x00,0x05,0x00,0x00,0x00,0x0D,0x00,0x10,
    0x00,0x0D,0x04,0x04,0x10,0x01,0x01,0x00,0x00,0x00,0x14,0x00,0x00,0x00,0x05,0x00,0x10,0x00,0x5F,0x04,0x04,0x10,0x04,0x8F,
    0x00,0x00,0x00,0x09,0x00,0x00,0x00,0x07,0x00,0x10,0x00,0x12,0x04,0x38,0x10,0x02,0x8E,0x00,0x00,0x00,0x09,0x00,0x00,0x00,
    0x07,0x00,0x10,0x00,0x0C,0x04,0x38,0x10,0x02,0x8E,0x00,0x00,0x00,0x09,0x00,0x00,0x00,0x01,0x00,0x10,0x02,0x8C,0x04,0x38,
    0x10,0x02,0x8E,0x00,0x00,0x00,0x09,0x00,0x00,0x00,0x07,0x00,0x10,0x02,0x96,0x04,0x38,0x10,0x02,0x8E,0x00,0x00,0x00,0x09,
    0x00,0x00,0x00,0x13,0x00,0x10,0x02,0x9A,0x04,0x38,0x10,0x02,0x8E,0x00,0x00,0x00,0x09,0x00,0x00,0x00,0x01,0x00,0x10,0x04,
    0x43,0x04,0x38,0x10,0x04,0xF5,0x00,0x00,0x00,0x09,0x00,0x00,0x00,0x04,0x00,0x10,0x00,0x70,0x04,0x38,0x10,0x04,0xF5,0x00,
    0x00,0x00,0x09,0x00,0x00,0x00,0x07,0x00,0x10,0x01,0x4F,0x04,0x38,0x10,0x04,0xF7,0x00,0x00,0x00,0x12,0x00,0x00,0x00,0x01,
    0x00,0x10,0x01,0x4F,0x04,0x38,0x10,0x05,0x04,0x00,0x00,0x00,0x09,0x00,0x00,0x00,0x01,0x00,0x10,0x05,0x0E,0x04,0x38,0x10,
    0x05,0x05,0x00,0x00,0x00,0x09,0x00,0x00,0x00,0x01,0x00,0x10,0x00,0x27,0x04,0x38,0x10,0x05,0x0E,0x00,0x00,0x00,0x09,0x00,
    0x00,0x00,0x05,0x00,0x10,0x01,0x4F,0x04,0x38,0x10,0x05,0x41,0x00,0x00,0x00,0x09,0x00,0x00,0x00,0x05,0x00,0x10,0x00,0x0C,
    0x04,0x38,0x10,0x05,0x41,0x00,0x00,0x00,0x09,0x00,0x00,0x00,0x04,0x00,0x10,0x05,0x11,0x04,0x38,0x10,0x05,0x41,0x00,0x00,
    0x00,0x09,0x00,0x00,0x00,0x0D,0x00,0x10,0x05,0x2A,0x04,0x38,0x10,0x05,0x41,0x00,0x00,0x00,0x09,0x00,0x00,0x00,0x05,0x00,
    0x10,0x02,0x96,0x05,0x00,0x15,0x00,0x0A,0x00,0x5D,0x00,0x05,0x00,0x00,0x00,0x09,0x00,0x00,0x00,0x05,0x00,0x0A,0x00,0x5E,
    0x00,0x00,0x00,0x09,0x00,0x00,0x00,0x04,0x00,0x0A,0x00,0x46,0x00,0x00,0x00,0x09,0x00,0x00,0x00,0x05,0x00,0x0A,0x00,0x49,
    0x00,0x00,0x00,0x09,0x00,0x00,0x00,0x0D,0x00,0x0A,0x00,0x58,0x00,0x00,0x00,0x09,0x00,0x00,0x00,0x01,0x00,0x0A,0x00,0x63,
    0x00,0x00,0x00,0x1C,0x00,0x00,0x00,0x02,0x52,0x65,0x6C,0x61,0x79,0x20,0x45,0x6E,0x64,0x20,0x6F,0x66,0x20,0x43,0x69,0x6E,
    0x65,0x6D,0x61,0x74,0x69,0x63,0x00,0x01,0x05,0x00,0x3A,0x00,0x0A,0x00,0x5E,0x00,0x02,0x00,0x00,0x00,0x09,0x00,0x00,0x00,
    0x0D,0x00,0x0A,0x00,0x5D,0x00,0x00,0x00,0x09,0x00,0x00,0x00,0x04,0x00,0x0A,0x00,0x24,0x00,0x00,0x00,0x69,0x00,0x00,0x00,
    0x0F,0x53,0x70,0x65,0x63,0x69,0x61,0x6C,0x46,0x75,0x6E,0x63,0x74,0x69,0x6F,0x6E,0x20,0x43,0x69,0x6E,0x65,0x6D,0x61,0x74,
    0x69,0x63,0x20,0x53,0x6B,0x69,0x70,0x00,0x00,0x00,0x00,0x00,0x00,0x00,0x00,0x00,0x00,0x00,0x00,0x00,0x00,0x00,0x00,0x00,
    0x00,0x00,0x00,0x00,0x00,0x00,0x00,0x00,0x00,0x00,0x00,0x0F,0x00,0x00,0x00,0x00,0x00,0x00,0x00,0x00,0x00,0x00,0x00,0x00,
    0x00,0xFF,0xFF,0xFF,0xFF,0xFF,0xFF,0xFF,0xFF,0x00,0x00,0x00,0x00,0x01,0x00,0x00,0x00,0x00,0xFF,0xFF,0xFF,0xFF,0xFF,0xFF,
    0xFF,0xFF,0xFF,0xFF,0xFF,0xFF,0x03,0x00,0x0A,0x00,0x24,0x00,0x00,0x00,0x00,0x00,0x00,0x00,0x01,0x00,0x0A,0x00,0x46,0x03,
    0x00,0x0A,0x00,0x24,0x00,0x00,0x00,0x05,0x00,0x00,0x00,0x04,0x00,0x0A,0x00,0x46,0x03,0x00,0x0A,0x00,0x24,0x00,0x00,0x00,
    0x00,0x00,0x00,0x00,0x07,0x00,0x0A,0x00,0x49,0x03,0x00,0x0A,0x00,0x24,0x00,0x00,0x00,0x05,0x00,0x00,0x00,0x05,0x00,0x0A,
    0x00,0x49,0x03,0x00,0x0A,0x00,0x24,0x00,0x00,0x00,0x05,0x00,0x00,0x00,0x0D,0x00,0x0A,0x00,0x58,0x03,0x00,0x0A,0x00,0x24,
    0x00,0x00,0x00,0x00,0x00,0x00,0x00,0x0D,0x00,0x0A,0x00,0x33,0x03,0x00,0x0A,0x00,0x24,0x00,0x00,0x00,0x05,0x00,0x00,0x00,
    0x0D,0x00,0x0A,0x00,0x33,0x04,0x00,0x0A,0x00,0x24,0x00,0x00,0x00,0x05,0x00,0x00,0x00,0x0D,0x00,0x0A,0x00,0x5D,0x04,0x00,
    0x0A,0x00,0x4B,0x00,0x00,0x00,0x09,0x00,0x00,0x00,0x07,0x00,0x0A,0x00,0x5E,0x04,0x00,0x0A,0x00,0x4B,0x00,0x00,0x00,0x09,
    0x00,0x00,0x00,0x01,0x00,0x0A,0x00,0x46,0x04,0x00,0x0A,0x00,0x4B,0x00,0x00,0x00,0x09,0x00,0x00,0x00,0x07,0x00,0x0A,0x00,
    0x49,0x04,0x00,0x0A,0x00,0x4B,0x00,0x00,0x00,0x09,0x00,0x00,0x00,0x0D,0x00,0x0A,0x00,0x33,0x05,0x00,0x15,0x00,0x1B,0x00,
    0x09,0x00,0x03,0x00,0x00,0x00,0x09,0x00,0x00,0x00,0x07,0x00,0x1B,0x00,0x0F,0x00,0x00,0x00,0x09,0x00,0x00,0x00,0x07,0x00,
    0x1B,0x00,0x92,0x00,0x00,0x00,0x09,0x00,0x00,0x00,0x01,0x00,0x1B,0x00,0x91,0x00,0x00,0x00,0x1B,0x00,0x00,0x00,0x02,0x52,
    0x65,0x6C,0x61,0x79,0x2D,0x73,0x74,0x61,0x72,0x74,0x20,0x6F,0x66,0x20,0x63,0x69,0x6E,0x65,0x6D,0x61,0x00,0x01,0x05,0x00,
    0x15,0x00,0x1B,0x00,0x0A,0x00,0x02,0x00,0x00,0x00,0x09,0x00,0x00,0x00,0x05,0x00,0x1B,0x00,0x0F,0x00,0x00,0x00,0x09,0x00,
    0x00,0x00,0x05,0x00,0x1B,0x00,0x92,0x00,0x00,0x00,0x19,0x00,0x00,0x00,0x02,0x52,0x65,0x6C,0x61,0x79,0x2D,0x65,0x6E,0x64,
    0x20,0x6F,0x66,0x20,0x63,0x69,0x6E,0x65,0x6D,0x61,0x00,0x01,0x05,0x00,0x3A,0x00,0x1B,0x00,0x0F,0x00,0x05,0x00,0x00,0x00,
    0x09,0x00,0x00,0x00,0x0D,0x00,0x1B,0x00,0x0A,0x00,0x00,0x00,0x09,0x00,0x00,0x00,0x04,0x00,0x1B,0x00,0x91,0x00,0x00,0x00,
    0x09,0x00,0x00,0x00,0x05,0x00,0x1B,0x00,0x92,0x00,0x00,0x00,0x09,0x00,0x00,0x00,0x0F,0x00,0x1B,0x01,0x00,0x00,0x00,0x00,
    0x09,0x00,0x00,0x00,0x0D,0x00,0x1B,0x00,0x85,0x00,0x00,0x00,0x69,0x00,0x00,0x00,0x0F,0x53,0x70,0x65,0x63,0x69,0x61,0x6C,
    0x46,0x75,0x6E,0x63,0x74,0x69,0x6F,0x6E,0x20,0x43,0x69,0x6E,0x65,0x6D,0x61,0x74,0x69,0x63,0x20,0x53,0x6B,0x69,0x70,0x00,
    0x00,0x00,0x00,0x00,0x00,0x00,0x00,0x00,0x00,0x00,0x00,0x00,0x00,0x00,0x00,0x00,0x00,0x00,0x00,0x00,0x00,0x00,0x00,0x00,
    0x00,0x00,0x00,0x0F,0x00,0x00,0x00,0x00,0x00,0x00,0x00,0x00,0x00,0x00,0x00,0x00,0x00,0xFF,0xFF,0xFF,0xFF,0xFF,0xFF,0xFF,
    0xFF,0x00,0x00,0x00,0x00,0x01,0x00,0x00,0x00,0x00,0xFF,0xFF,0xFF,0xFF,0xFF,0xFF,0xFF,0xFF,0xFF,0xFF,0xFF,0xFF,0x03,0x00,
    0x1B,0x00,0x91,0x00,0x00,0x00,0x00,0x00,0x00,0x00,0x07,0x00,0x1B,0x00,0x92,0x03,0x00,0x1B,0x00,0x91,0x00,0x00,0x00,0x05,
    0x00,0x00,0x00,0x05,0x00,0x1B,0x00,0x92,0x03,0x00,0x1B,0x01,0x33,0x00,0x00,0x00,0x09,0x00,0x00,0x00,0x01,0x00,0x1B,0x00,
    0x91,0x04,0x00,0x1B,0x00,0x91,0x00,0x00,0x00,0x05,0x00,0x00,0x00,0x0D,0x00,0x1B,0x00,0x0A,0x04,0x00,0x1B,0x01,0x33,0x00,
    0x00,0x00,0x09,0x00,0x00,0x00,0x0D,0x00,0x1B,0x00,0x09,0x07,0x00,0x04,0x1A,0x02,0xB6,0x05,0x01,0x3A,0x00,0x1A,0x00,0x01,
    0x00,0x2D,0x00,0x00,0x00,0x09,0x00,0x00,0x00,0x0D,0x00,0x1A,0x02,0x96,0x00,0x00,0x00,0x09,0x00,0x00,0x00,0x0D,0x00,0x1A,
    0x04,0xC4,0x00,0x00,0x00,0x09,0x00,0x00,0x00,0x04,0x00,0x1A,0x04,0x6D,0x00,0x00,0x00,0x09,0x00,0x00,0x00,0x04,0x00,0x1A,
    0x03,0xAD,0x00,0x00,0x00,0x09,0x00,0x00,0x00,0x04,0x00,0x1A,0x02,0x97,0x00,0x00,0x00,0x09,0x00,0x00,0x00,0x0F,0x00,0x1A,
    0x04,0xA7,0x00,0x00,0x00,0x09,0x00,0x00,0x00,0x0F,0x00,0x1A,0x04,0x8A,0x00,0x00,0x00,0x09,0x00,0x00,0x00,0x04,0x00,0x1A,
    0x02,0xA5,0x00,0x00,0x00,0x09,0x00,0x00,0x00,0x04,0x00,0x1A,0x03,0xBA,0x00,0x00,0x00,0x09,0x00,0x00,0x00,0x04,0x00,0x1A,
    0x02,0x98,0x00,0x00,0x00,0x09,0x00,0x00,0x00,0x04,0x00,0x1A,0x02,0xAE,0x00,0x00,0x00,0x09,0x00,0x00,0x00,0x0F,0x00,0x1A,
    0x03,0xAF,0x00,0x00,0x00,0x09,0x00,0x00,0x00,0x04,0x00,0x1A,0x03,0xAE,0x00,0x00,0x00,0x09,0x00,0x00,0x00,0x0F,0x00,0x1A,
    0x03,0xB2,0x00,0x00,0x00,0x09,0x00,0x00,0x00,0x04,0x00,0x1A,0x03,0xB1,0x00,0x00,0x00,0x09,0x00,0x00,0x00,0x10,0x00,0x1A,
    0x04,0x8E,0x00,0x00,0x00,0x09,0x00,0x00,0x00,0x0F,0x00,0x1A,0x04,0x8D,0x00,0x00,0x00,0x09,0x00,0x00,0x00,0x04,0x00,0x1A,
    0x02,0x99,0x00,0x00,0x00,0x09,0x00,0x00,0x00,0x04,0x00,0x1A,0x04,0x5B,0x00,0x00,0x00,0x09,0x00,0x00,0x00,0x04,0x00,0x1A,
    0x04,0x79,0x00,0x00,0x00,0x09,0x00,0x00,0x00,0x0F,0x00,0x1A,0x04,0x8F,0x00,0x00,0x00,0x09,0x00,0x00,0x00,0x10,0x00,0x1A,
    0x04,0x77,0x00,0x00,0x00,0x09,0x00,0x00,0x00,0x04,0x00,0x1A,0x04,0x6E,0x00,0x00,0x00,0x09,0x00,0x00,0x00,0x10,0x00,0x1A,
    0x04,0x81,0x00,0x00,0x00,0x09,0x00,0x00,0x00,0x04,0x00,0x1A,0x04,0x80,0x00,0x00,0x00,0x09,0x00,0x00,0x00,0x04,0x00,0x1A,
    0x02,0xAF,0x00,0x00,0x00,0x09,0x00,0x00,0x00,0x10,0x00,0x1A,0x03,0xB7,0x00,0x00,0x00,0x09,0x00,0x00,0x00,0x10,0x00,0x1A,
    0x03,0xB8,0x00,0x00,0x00,0x09,0x00,0x00,0x00,0x04,0x00,0x1A,0x02,0x9B,0x00,0x00,0x00,0x09,0x00,0x00,0x00,0x04,0x00,0x1A,
    0x02,0xA6,0x00,0x00,0x00,0x09,0x00,0x00,0x00,0x0F,0x00,0x1A,0x02,0xA9,0x00,0x00,0x00,0x09,0x00,0x00,0x00,0x0F,0x00,0x1A,
    0x02,0xA8,0x00,0x00,0x00,0x09,0x00,0x00,0x00,0x04,0x00,0x1A,0x04,0x7A,0x00,0x00,0x00,0x09,0x00,0x00,0x00,0x10,0x00,0x1A,
    0x04,0x7F,0x00,0x00,0x00,0x09,0x00,0x00,0x00,0x04,0x00,0x1A,0x04,0x83,0x00,0x00,0x00,0x09,0x00,0x00,0x00,0x0F,0x00,0x1A,
    0x04,0x90,0x00,0x00,0x00,0x09,0x00,0x00,0x00,0x0F,0x00,0x1A,0x04,0x8B,0x00,0x00,0x00,0x09,0x00,0x00,0x00,0x04,0x00,0x1A,
    0x03,0xBD,0x00,0x00,0x00,0x09,0x00,0x00,0x00,0x04,0x00,0x1A,0x04,0x82,0x00,0x00,0x00,0x09,0x00,0x00,0x00,0x04,0x00,0x1A,
    0x04,0x87,0x00,0x00,0x00,0x09,0x00,0x00,0x00,0x0F,0x00,0x1A,0x04,0xA6,0x00,0x00,0x00,0x09,0x00,0x00,0x00,0x04,0x00,0x1A,
    0x03,0xC2,0x00,0x00,0x00,0x09,0x00,0x00,0x00,0x04,0x00,0x1A,0x04,0x84,0x00,0x00,0x00,0x09,0x00,0x00,0x00,0x0F,0x00,0x1A,
    0x04,0x91,0x00,0x00,0x00,0x09,0x00,0x00,0x00,0x04,0x00,0x1A,0x02,0xAA,0x00,0x00,0x00,0x69,0x00,0x00,0x00,0x0F,0x53,0x70,
    0x65,0x63,0x69,0x61,0x6C,0x46,0x75,0x6E,0x63,0x74,0x69,0x6F,0x6E,0x20,0x43,0x69,0x6E,0x65,0x6D,0x61,0x74,0x69,0x63,0x20,
    0x53,0x6B,0x69,0x70,0x00,0x00,0x00,0x00,0x00,0x00,0x00,0x00,0x00,0x00,0x00,0x00,0x00,0x00,0x00,0x00,0x00,0x00,0x00,0x00,
    0x00,0x00,0x00,0x00,0x00,0x00,0x00,0x00,0x0F,0x00,0x00,0x00,0x00,0x00,0x00,0x00,0x00,0x00,0x00,0x00,0x00,0x00,0xFF,0xFF,
    0xFF,0xFF,0xFF,0xFF,0xFF,0xFF,0x00,0x00,0x00,0x00,0x01,0x00,0x00,0x00,0x00,0xFF,0xFF,0xFF,0xFF,0xFF,0xFF,0xFF,0xFF,0xFF,
    0xFF,0xFF,0xFF,0x03,0x04,0x1A,0x02,0xAA,0x00,0x00,0x00,0x05,0x00,0x00,0x00,0x0D,0x04,0x1A,0x02,0x96,0x03,0x04,0x1A,0x03,
    0xC2,0x00,0x00,0x00,0x05,0x00,0x00,0x00,0x05,0x04,0x1A,0x02,0x9A,0x03,0x04,0x1A,0x03,0xC2,0x00,0x00,0x00,0x05,0x00,0x00,
    0x00,0x0D,0x04,0x1A,0x02,0xA7,0x03,0x04,0x1A,0x03,0xC2,0x00,0x00,0x00,0x05,0x00,0x00,0x00,0x0D,0x04,0x1A,0x03,0xC9,0x03,
    0x04,0x1A,0x03,0xC2,0x00,0x00,0x00,0x05,0x00,0x00,0x00,0x04,0x04,0x1A,0x02,0xAF,0x03,0x04,0x1A,0x03,0xC2,0x00,0x00,0x00,
    0x05,0x00,0x00,0x00,0x0D,0x04,0x1A,0x03,0x47,0x03,0x04,0x1A,0x03,0xC2,0x00,0x00,0x00,0x05,0x00,0x00,0x00,0x0D,0x04,0x1A,
    0x04,0xC4,0x03,0x04,0x1A,0x03,0xC2,0x00,0x00,0x00,0x05,0x00,0x00,0x00,0x01,0x04,0x1A,0x04,0xB4,0x03,0x04,0x1A,0x03,0xC2,
    0x00,0x00,0x00,0x05,0x00,0x00,0x00,0x01,0x04,0x1A,0x04,0xB5,0x03,0x04,0x1A,0x03,0xC2,0x00,0x00,0x00,0x05,0x00,0x00,0x00,
    0x01,0x04,0x1A,0x04,0xB6,0x03,0x04,0x1A,0x03,0xC2,0x00,0x00,0x00,0x05,0x00,0x00,0x00,0x01,0x04,0x1A,0x04,0xB7,0x03,0x04,
    0x1A,0x03,0xC2,0x00,0x00,0x00,0x05,0x00,0x00,0x00,0x01,0x04,0x1A,0x04,0xC5,0x03,0x04,0x1A,0x03,0xC2,0x00,0x00,0x00,0x05,
    0x00,0x00,0x00,0x04,0x00,0x1A,0x04,0xC6,0x03,0x04,0x1A,0x03,0xC2,0x00,0x00,0x00,0x05,0x00,0x00,0x00,0x01,0x00,0x1A,0x04,
    0xB8,0x04,0x04,0x1A,0x02,0x95,0x00,0x00,0x00,0x09,0x00,0x00,0x00,0x07,0x00,0x1A,0x00,0x01,0x04,0x04,0x1A,0x02,0x96,0x00,
    0x00,0x00,0x09,0x00,0x00,0x00,0x05,0x00,0x1A,0x02,0x9A,0x04,0x04,0x1A,0x02,0x96,0x00,0x00,0x00,0x09,0x00,0x00,0x00,0x0D,
    0x00,0x1A,0x02,0xA7,0x04,0x04,0x1A,0x02,0x96,0x00,0x00,0x00,0x09,0x00,0x00,0x00,0x0D,0x00,0x1A,0x03,0xC9,0x04,0x04,0x1A,
    0x02,0x96,0x00,0x00,0x00,0x09,0x00,0x00,0x00,0x04,0x00,0x1A,0x02,0xAF,0x04,0x04,0x1A,0x02,0x96,0x00,0x00,0x00,0x09,0x00,
    0x00,0x00,0x0D,0x00,0x1A,0x04,0xC4,0x04,0x04,0x1A,0x02,0x96,0x00,0x00,0x00,0x09,0x00,0x00,0x00,0x01,0x00,0x1A,0x04,0xB4,
    0x04,0x04,0x1A,0x02,0x96,0x00,0x00,0x00,0x09,0x00,0x00,0x00,0x01,0x00,0x1A,0x04,0xB5,0x04,0x04,0x1A,0x02,0x96,0x00,0x00,
    0x00,0x09,0x00,0x00,0x00,0x01,0x00,0x1A,0x04,0xB6,0x04,0x04,0x1A,0x02,0x96,0x00,0x00,0x00,0x09,0x00,0x00,0x00,0x01,0x00,
    0x1A,0x04,0xB7,0x04,0x04,0x1A,0x02,0x96,0x00,0x00,0x00,0x09,0x00,0x00,0x00,0x01,0x00,0x1A,0x04,0xC5,0x04,0x04,0x1A,0x02,
    0x96,0x00,0x00,0x00,0x09,0x00,0x00,0x00,0x04,0x00,0x1A,0x04,0xC6,0x04,0x04,0x1A,0x02,0x96,0x00,0x00,0x00,0x09,0x00,0x00,
    0x00,0x01,0x00,0x1A,0x04,0xB8,0x04,0x04,0x1A,0x02,0x96,0x00,0x00,0x00,0x09,0x00,0x00,0x00,0x14,0x00,0x1A,0x03,0x4C,0x04,
    0x04,0x1A,0x02,0x96,0x00,0x00,0x00,0x09,0x00,0x00,0x00,0x05,0x00,0x1A,0x00,0x01,0x04,0x04,0x1A,0x02,0xAA,0x00,0x00,0x00,
    0x05,0x00,0x00,0x00,0x14,0x00,0x1A,0x04,0x6C,0x04,0x04,0x1A,0x02,0xAA,0x00,0x00,0x00,0x05,0x00,0x00,0x00,0x14,0x00,0x1A,
    0x04,0x6C,0x04,0x04,0x1A,0x03,0xC2,0x00,0x00,0x00,0x05,0x00,0x00,0x00,0x0D,0x00,0x1A,0x02,0x96,0x05,0x00,0x0F,0x00,0x54,
    0xC5,0x63,0x00,0x00,0x00,0x00,0x00,0x99,0x00,0x00,0x00,0x23,0x4D,0x6F,0x72,0x70,0x68,0x00,0x00,0x00,0x00,0x00,0x00,0x00,
    0x00,0x00,0x00,0x00,0x00,0x00,0x00,0x00,0x00,0x00,0x00,0x00,0x00,0x00,0x00,0x00,0x00,0x00,0x00,0x00,0x00,0x00,0x00,0x00,
    0x00,0x00,0x00,0x00,0x00,0x00,0x00,0x00,0x00,0x00,0x00,0x00,0x00,0x00,0x00,0x00,0x00,0x00,0x00,0x00,0x00,0x00,0x00,0x00,
    0x00,0x00,0x00,0x00,0x00,0x00,0x00,0x00,0x00,0x00,0x00,0x00,0x00,0x00,0x00,0x00,0x00,0x00,0x00,0x00,0x00,0x00,0x00,0x00,
    0x00,0x00,0x00,0x00,0x00,0x00,0x00,0x00,0x00,0x00,0x00,0x00,0x00,0x00,0x00,0x00,0x00,0x00,0x00,0x00,0x00,0x00,0x00,0x00,
    0x00,0x00,0x00,0x00,0x00,0x00,0x00,0x00,0x00,0x00,0x00,0x00,0x00,0x00,0x00,0x00,0x00,0x00,0x00,0x00,0x00,0x00,0x00,0x00,
    0x00,0x00,0x00,0x00,0x00,0x00,0x00,0x00,0x00,0x00,0x00,0x00,0x00,0x00,0x00,0x01,0x01,0x05,0x00,0x3A,0x00,0x00,0x01,0x4D,
    0x00,0x07,0x00,0x00,0x00,0x09,0x00,0x00,0x00,0x01,0x00,0x0A,0x2C,0x2A,0x00,0x00,0x00,0x09,0x00,0x00,0x00,0x07,0x00,0x00,
    0xA4,0x55,0x00,0x00,0x00,0x09,0x00,0x00,0x00,0x08,0x00,0x00,0x00,0x36,0x00,0x00,0x00,0x09,0x00,0x00,0x00,0x04,0x00,0x00,
    0x00,0x26,0x00,0x00,0x00,0x09,0x00,0x00,0x00,0x04,0x00,0x00,0x00,0x2A,0x00,0x00,0x00,0x09,0x00,0x00,0x00,0x04,0x00,0x00,
    0x00,0x2F,0x00,0x00,0x00,0x09,0x00,0x00,0x00,0x04,0x00,0x00,0x00,0x5C,0x00,0x00,0x00,0x61,0x00,0x00,0x00,0x0F,0x41,0x72,
    0x72,0x69,0x76,0x61,0x6C,0x20,0x43,0x69,0x6E,0x65,0x6D,0x61,0x74,0x69,0x63,0x20,0x53,0x6B,0x69,0x70,0x00,0x00,0x00,0x00,
    0x00,0x00,0x00,0x00,0x00,0x00,0x00,0x00,0x00,0x00,0x00,0x00,0x00,0x00,0x00,0x00,0x00,0x00,0x00,0x00,0x00,0x00,0x00,0x00,
    0x0F,0x00,0x00,0x00,0x00,0x00,0x00,0x00,0x00,0x00,0x00,0x00,0x00,0x00,0xFF,0xFF,0xFF,0xFF,0xFF,0xFF,0xFF,0xFF,0x00,0x00,
    0x00,0x00,0x01,0x00,0x00,0x00,0x00,0xFF,0xFF,0xFF,0xFF,0xFF,0xFF,0xFF,0xFF,0xFF,0xFF,0xFF,0xFF,0x05,0x00,0x3A,0x00,0x00,
    0x00,0x04,0x00,0x05,0x00,0x00,0x00,0x09,0x00,0x00,0x00,0x0B,0x00,0x18,0x00,0x55,0x00,0x00,0x00,0x09,0x00,0x00,0x00,0x0D,
    0x00,0x00,0x00,0x17,0x00,0x00,0x00,0x09,0x00,0x00,0x00,0x14,0x00,0x00,0x00,0x1F,0x00,0x00,0x00,0x09,0x00,0x00,0x00,0x01,
    0x00,0x00,0x00,0x1B,0x00,0x00,0x00,0x09,0x00,0x00,0x00,0x07,0x00,0x00,0xA4,0x55,0x00,0x00,0x00,0x63,0x00,0x00,0x00,0x0F,
    0x44,0x65,0x70,0x61,0x72,0x74,0x75,0x72,0x65,0x20,0x43,0x69,0x6E,0x65,0x6D,0x61,0x74,0x69,0x63,0x20,0x53,0x6B,0x69,0x70,
    0x00,0x00,0x00,0x00,0x00,0x00,0x00,0x00,0x00,0x00,0x00,0x00,0x00,0x00,0x00,0x00,0x00,0x00,0x00,0x00,0x00,0x00,0x00,0x00,
    0x00,0x00,0x00,0x00,0x0F,0x00,0x00,0x00,0x00,0x00,0x00,0x00,0x00,0x00,0x00,0x00,0x00,0x00,0xFF,0xFF,0xFF,0xFF,0xFF,0xFF,
    0xFF,0xFF,0x00,0x00,0x00,0x00,0x01,0x00,0x00,0x00,0x00,0xFF,0xFF,0xFF,0xFF,0xFF,0xFF,0xFF,0xFF,0xFF,0xFF,0xFF,0xFF,0x05,
    0x00,0x0C,0x00,0x0A,0x2C,0x2A,0x00,0x03,0x00,0x00,0x00,0x00,0x00,0x00,0x00,0x0D,0x00,0x54,0xC5,0x63,0x00,0x00,0x00,0x05,
    0x00,0x00,0x00,0x05,0x00,0x00,0xA4,0x55,0x00,0x00,0x00,0x05,0x00,0x00,0x00,0x0D,0x00,0x00,0x00,0x24,0x00,0x00,0x00,0x33,
    0x00,0x00,0x00,0x0F,0x48,0x6F,0x6C,0x64,0x00,0x00,0x00,0x00,0x00,0x00,0x00,0x00,0x00,0x00,0x00,0x00,0x00,0x00,0x00,0x00,
    0x00,0x00,0x00,0x00,0x00,0x00,0x00,0x00,0x00,0x00,0x40,0xE0,0x00,0x00,0x00,0x00,0x00,0x00,0x01,0x00,0x00,0x42,0x8C,0x00,
    0x00,0x01,0x00,0x05,0x00,0x18,0x00,0x00,0xA4,0x55,0x00,0x00,0x00,0x00,0x00,0x3C,0x00,0x00,0x00,0x0A,0x48,0x6F,0x6C,0x64,
    0x20,0x42,0x6C,0x61,0x63,0x6B,0x00,0x01,0x00,0x00,0x00,0x01,0x00,0x00,0x00,0x00,0x00,0x00,0x00,0x02,0x00,0x00,0x00,0x00,
    0x00,0x00,0x00,0x00,0x00,0x00,0x00,0x00,0x00,0x00,0x00,0x00,0x3F,0x80,0x00,0x00,0x00,0x00,0x00,0x00,0x3F,0x00,0x00,0x00,
    0xFF,0xFF,0xFF,0xFF,0x05,0x00,0x05,0x00,0x18,0x00,0x55,0x00,0x01,0x00,0x00,0x00,0x09,0x00,0x00,0x00,0x08,0x00,0x00,0x00,
    0x12,0x00,0x00,0x00,0x2B,0x00,0x00,0x00,0x06,0x43,0x75,0x74,0x73,0x63,0x65,0x6E,0x65,0x20,0x53,0x6B,0x69,0x70,0x20,0x32,
    0x20,0x46,0x72,0x61,0x6D,0x65,0x20,0x44,0x65,0x6C,0x61,0x79,0x00,0x3C,0xA3,0xD7,0x0A,0x00,0x00,0x00,0x00,0x00,0x00,0x01,
    0x05,0x00,0x05,0x00,0x0A,0x2B,0xBB,0x00,0x01,0x00,0x00,0x00,0x09,0x00,0x00,0x00,0x04,0x00,0x0A,0x2C,0x2A,0x00,0x00,0x00,
    0x1A,0x00,0x00,0x00,0x06,0x4C,0x6F,0x61,0x64,0x20,0x54,0x69,0x6D,0x65,0x72,0x00,0x3A,0x83,0x12,0x6F,0x00,0x00,0x00,0x00,
    0x01,0x01,0x00,0x03,0x00,0x00,0x00,0x26,0x00,0x00,0x00,0x00,0x00,0x00,0x00,0x07,0x00,0x00,0x00,0x3D,0x03,0x00,0x00,0x00,
    0x26,0x00,0x00,0x00,0x00,0x00,0x00,0x00,0x01,0x00,0x00,0x00,0x25,0x03,0x00,0x00,0x00,0x2F,0x00,0x00,0x00,0x05,0x00,0x00,
    0x00,0x0D,0x00,0x00,0x00,0x46,0x03,0x00,0x00,0x00,0x2F,0x00,0x00,0x00,0x05,0x00,0x00,0x00,0x05,0x00,0x00,0x00,0x3D,0x03,
    0x00,0x00,0x00,0x2F,0x00,0x00,0x00,0x05,0x00,0x00,0x00,0x04,0x00,0x00,0x00,0x25,0x03,0x00,0x00,0x00,0x2F,0x00,0x00,0x00,
    0x05,0x00,0x00,0x00,0x0D,0x00,0x00,0x00,0x3A,0x04,0x00,0x00,0x00,0x01,0x00,0x00,0x00,0x07,0x00,0x00,0x00,0x01,0x00,0x0A,
    0x2B,0xBB,0x04,0x00,0x00,0x00,0x15,0x00,0x00,0x00,0x09,0x00,0x00,0x00,0x07,0x00,0x00,0x00,0x04,0x04,0x00,0x00,0x00,0x17,
    0x00,0x00,0x00,0x09,0x00,0x00,0x00,0x05,0x00,0x00,0x00,0x04,0x04,0x00,0x00,0x00,0x23,0x00,0x00,0x00,0x09,0x00,0x00,0x00,
    0x07,0x00,0x00,0x01,0x4D,0x04,0x00,0x00,0x00,0x23,0x00,0x00,0x00,0x09,0x00,0x00,0x00,0x07,0x00,0x00,0x00,0x3D,0x04,0x00,
    0x00,0x00,0x23,0x00,0x00,0x00,0x09,0x00,0x00,0x00,0x01,0x00,0x00,0x00,0x25,0x04,0x00,0x00,0x00,0x24,0x00,0x00,0x00,0x09,
    0x00,0x00,0x00,0x05,0x00,0x00,0x01,0x4D,0x04,0x00,0x00,0x00,0x24,0x00,0x00,0x00,0x09,0x00,0x00,0x00,0x04,0x00,0x00,0x00,
    0x25,0x04,0x00,0x00,0x00,0x24,0x00,0x00,0x00,0x09,0x00,0x00,0x00,0x05,0x00,0x00,0x00,0x3D,0x04,0x00,0x00,0x00,0x24,0x00,
    0x00,0x00,0x09,0x00,0x00,0x00,0x0D,0x00,0x00,0x00,0x46,0x04,0x00,0x00,0x00,0x24,0x00,0x00,0x00,0x09,0x00,0x00,0x00,0x0D,
    0x00,0x00,0x00,0x3A,0x04,0x00,0x00,0x00,0x2F,0x00,0x00,0x00,0x05,0x00,0x00,0x00,0x0D,0x00,0x00,0x00,0x24,0x06,0x00,0x00,
    0x00,0x42,0x05,0x00,0x15,0x00,0x09,0x00,0x05,0x00,0x04,0x00,0x00,0x00,0x09,0x00,0x00,0x00,0x07,0x00,0x09,0x00,0x07,0x00,
    0x00,0x00,0x09,0x00,0x00,0x00,0x01,0x00,0x09,0x28,0xC6,0x00,0x00,0x00,0x09,0x00,0x00,0x00,0x07,0x00,0x09,0x01,0x25,0x00,
    0x00,0x00,0x09,0x00,0x00,0x00,0x0D,0x00,0x09,0x28,0xCD,0x00,0x00,0x00,0x1B,0x00,0x00,0x00,0x02,0x42,0x65,0x65,0x74,0x6C,
    0x65,0x20,0x43,0x75,0x74,0x73,0x63,0x65,0x6E,0x65,0x20,0x53,0x74,0x61,0x72,0x74,0x00,0x01,0x05,0x00,0x15,0x00,0x09,0x00,
    0x06,0x00,0x03,0x00,0x00,0x00,0x09,0x00,0x00,0x00,0x05,0x00,0x09,0x00,0x07,0x00,0x00,0x00,0x09,0x00,0x00,0x00,0x04,0x00,
    0x09,0x01,0x25,0x00,0x00,0x00,0x09,0x00,0x00,0x00,0x0B,0x00,0x0C,0x0D,0x45,0x00,0x00,0x00,0x19,0x00,0x00,0x00,0x02,0x42,
    0x65,0x65,0x74,0x6C,0x65,0x20,0x43,0x75,0x74,0x73,0x63,0x65,0x6E,0x65,0x20,0x45,0x6E,0x64,0x00,0x01,0x05,0x00,0x15,0x00,
    0x09,0x00,0x45,0x00,0x03,0x00,0x00,0x00,0x09,0x00,0x00,0x00,0x01,0x00,0x09,0x00,0x16,0x00,0x00,0x00,0x09,0x00,0x00,0x00,
    0x07,0x00,0x09,0x01,0x25,0x00,0x00,0x00,0x09,0x00,0x00,0x00,0x07,0x00,0x09,0x00,0x6C,0x00,0x00,0x00,0x1D,0x00,0x00,0x00,
    0x02,0x52,0x65,0x6C,0x61,0x79,0x20,0x2D,0x20,0x73,0x74,0x61,0x72,0x74,0x20,0x6F,0x66,0x20,0x63,0x69,0x6E,0x65,0x6D,0x61,
    0x00,0x01,0x05,0x00,0x15,0x00,0x09,0x00,0x6A,0x00,0x05,0x00,0x00,0x00,0x09,0x00,0x00,0x00,0x05,0x00,0x09,0x00,0x6C,0x00,
    0x00,0x00,0x09,0x00,0x00,0x00,0x0A,0x00,0x09,0x00,0x78,0x00,0x00,0x00,0x09,0x00,0x00,0x00,0x04,0x00,0x09,0x01,0x25,0x00,
    0x00,0x00,0x09,0x00,0x00,0x00,0x0B,0x00,0x0C,0x0D,0x45,0x00,0x00,0x00,0x09,0x00,0x00,0x00,0x01,0x00,0x09,0x01,0x25,0x00,
    0x00,0x00,0x1B,0x00,0x00,0x00,0x02,0x52,0x65,0x6C,0x61,0x79,0x20,0x2D,0x20,0x65,0x6E,0x64,0x20,0x6F,0x66,0x20,0x63,0x69,
    0x6E,0x65,0x6D,0x61,0x00,0x01,0x05,0x00,0x15,0x00,0x09,0x00,0x6F,0x00,0x01,0x00,0x00,0x00,0x09,0x00,0x00,0x00,0x0D,0x00,
    0x09,0x00,0x63,0x00,0x00,0x00,0x22,0x00,0x00,0x00,0x02,0x52,0x65,0x6C,0x61,0x79,0x20,0x53,0x6B,0x69,0x70,0x65,0x65,0x64,
    0x20,0x42,0x65,0x74,0x61,0x20,0x41,0x63,0x74,0x69,0x76,0x61,0x74,0x6F,0x72,0x00,0x01,0x05,0x00,0x15,0x00,0x09,0x00,0x71,
    0x00,0x03,0x00,0x00,0x00,0x09,0x00,0x00,0x00,0x07,0x00,0x09,0x00,0xA2,0x00,0x00,0x00,0x09,0x00,0x00,0x00,0x07,0x00,0x09,
    0x01,0x25,0x00,0x00,0x00,0x09,0x00,0x00,0x00,0x01,0x00,0x09,0x28,0xBD,0x00,0x00,0x00,0x1D,0x00,0x00,0x00,0x02,0x57,0x61,
    0x6C,0x6C,0x20,0x4C,0x6F,0x77,0x65,0x72,0x20,0x43,0x69,0x6E,0x65,0x6D,0x61,0x20,0x53,0x74,0x61,0x72,0x74,0x00,0x01,0x05,
    0x00,0x15,0x00,0x09,0x00,0x9F,0x00,0x03,0x00,0x00,0x00,0x09,0x00,0x00,0x00,0x05,0x00,0x09,0x00,0xA2,0x00,0x00,0x00,0x09,
    0x00,0x00,0x00,0x04,0x00,0x09,0x01,0x25,0x00,0x00,0x00,0x09,0x00,0x00,0x00,0x0B,0x00,0x0C,0x0D,0x45,0x00,0x00,0x00,0x1B,
    0x00,0x00,0x00,0x02,0x57,0x61,0x6C,0x6C,0x20,0x4C,0x6F,0x77,0x65,0x72,0x20,0x43,0x69,0x6E,0x65,0x6D,0x61,0x20,0x45,0x6E,
    0x64,0x00,0x01,0x05,0x00,0x3A,0x00,0x09,0x00,0x07,0x00,0x0D,0x00,0x00,0x00,0x09,0x00,0x00,0x00,0x0D,0x00,0x09,0x00,0x06,
    0x00,0x00,0x00,0x09,0x00,0x00,0x00,0x01,0x3B,0x9A,0xCA,0x01,0x00,0x00,0x00,0x09,0x00,0x00,0x00,0x0B,0x00,0x0A,0x87,0x0A,
    0x00,0x00,0x00,0x09,0x00,0x00,0x00,0x10,0x00,0x09,0x00,0x83,0x00,0x00,0x00,0x09,0x00,0x00,0x00,0x0D,0x00,0x09,0x00,0x44,
    0x00,0x00,0x00,0x09,0x00,0x00,0x00,0x0B,0x00,0x09,0x00,0x2D,0x00,0x00,0x00,0x09,0x00,0x00,0x00,0x0B,0x00,0x09,0x00,0x2F,
    0x00,0x00,0x00,0x09,0x00,0x00,0x00,0x0B,0x00,0x09,0x00,0x39,0x00,0x00,0x00,0x09,0x00,0x00,0x00,0x0B,0x00,0x09,0x00,0x3B,
    0x00,0x00,0x00,0x09,0x00,0x00,0x00,0x0B,0x00,0x09,0x01,0x1E,0x00,0x00,0x00,0x09,0x00,0x00,0x00,0x0B,0x00,0x09,0x01,0x2E,
    0x00,0x00,0x00,0x09,0x00,0x00,0x00,0x04,0x00,0x09,0x28,0xC6,0x00,0x00,0x00,0x09,0x00,0x00,0x00,0x14,0x00,0x09,0x28,0xA2,
    0x00,0x00,0x00,0x69,0x00,0x00,0x00,0x0F,0x53,0x70,0x65,0x63,0x69,0x61,0x6C,0x46,0x75,0x6E,0x63,0x74,0x69,0x6F,0x6E,0x20,
    0x43,0x69,0x6E,0x65,0x6D,0x61,0x74,0x69,0x63,0x20,0x53,0x6B,0x69,0x70,0x00,0x00,0x00,0x00,0x00,0x00,0x00,0x00,0x00,0x00,
    0x00,0x00,0x00,0x00,0x00,0x00,0x00,0x00,0x00,0x00,0x00,0x00,0x00,0x00,0x00,0x00,0x00,0x00,0x0F,0x00,0x00,0x00,0x00,0x00,
    0x00,0x00,0x00,0x00,0x00,0x00,0x00,0x00,0xFF,0xFF,0xFF,0xFF,0xFF,0xFF,0xFF,0xFF,0x00,0x00,0x00,0x00,0x01,0x00,0x00,0x00,
    0x00,0xFF,0xFF,0xFF,0xFF,0xFF,0xFF,0xFF,0xFF,0xFF,0xFF,0xFF,0xFF,0x05,0x00,0x3A,0x00,0x09,0x00,0x6C,0x00,0x02,0x00,0x00,
    0x00,0x09,0x00,0x00,0x00,0x0D,0x00,0x09,0x00,0x6A,0x00,0x00,0x00,0x09,0x00,0x00,0x00,0x0D,0x00,0x09,0x00,0x6F,0x00,0x00,
    0x00,0x69,0x00,0x00,0x00,0x0F,0x53,0x70,0x65,0x63,0x69,0x61,0x6C,0x46,0x75,0x6E,0x63,0x74,0x69,0x6F,0x6E,0x20,0x43,0x69,
    0x6E,0x65,0x6D,0x61,0x74,0x69,0x63,0x20,0x53,0x6B,0x69,0x70,0x00,0x00,0x00,0x00,0x00,0x00,0x00,0x00,0x00,0x00,0x00,0x00,
    0x00,0x00,0x00,0x00,0x00,0x00,0x00,0x00,0x00,0x00,0x00,0x00,0x00,0x00,0x00,0x00,0x0F,0x00,0x00,0x00,0x00,0x00,0x00,0x00,
    0x00,0x00,0x00,0x00,0x00,0x00,0xFF,0xFF,0xFF,0xFF,0xFF,0xFF,0xFF,0xFF,0x00,0x00,0x00,0x00,0x01,0x00,0x00,0x00,0x00,0xFF,
    0xFF,0xFF,0xFF,0xFF,0xFF,0xFF,0xFF,0xFF,0xFF,0xFF,0xFF,0x05,0x00,0x3A,0x00,0x09,0x00,0xA2,0x00,0x01,0x00,0x00,0x00,0x09,
    0x00,0x00,0x00,0x0D,0x00,0x09,0x00,0x9F,0x00,0x00,0x00,0x69,0x00,0x00,0x00,0x0F,0x53,0x70,0x65,0x63,0x69,0x61,0x6C,0x46,
    0x75,0x6E,0x63,0x74,0x69,0x6F,0x6E,0x20,0x43,0x69,0x6E,0x65,0x6D,0x61,0x74,0x69,0x63,0x20,0x53,0x6B,0x69,0x70,0x00,0x00,
    0x00,0x00,0x00,0x00,0x00,0x00,0x00,0x00,0x00,0x00,0x00,0x00,0x00,0x00,0x00,0x00,0x00,0x00,0x00,0x00,0x00,0x00,0x00,0x00,
    0x00,0x00,0x0F,0x00,0x00,0x00,0x00,0x00,0x00,0x00,0x00,0x00,0x00,0x00,0x00,0x00,0xFF,0xFF,0xFF,0xFF,0xFF,0xFF,0xFF,0xFF,
    0x00,0x00,0x00,0x00,0x01,0x00,0x00,0x00,0x00,0xFF,0xFF,0xFF,0xFF,0xFF,0xFF,0xFF,0xFF,0xFF,0xFF,0xFF,0xFF,0x05,0x00,0x05,
    0x00,0x0A,0x87,0x0A,0x00,0x01,0x00,0x00,0x00,0x09,0x00,0x00,0x00,0x04,0x3B,0x9A,0xCA,0x01,0x00,0x00,0x00,0x2B,0x00,0x00,
    0x00,0x06,0x44,0x69,0x73,0x61,0x62,0x6C,0x65,0x20,0x43,0x53,0x20,0x53,0x6B,0x69,0x70,0x20,0x4C,0x6F,0x63,0x6B,0x4F,0x6E,
    0x50,0x6F,0x69,0x6E,0x74,0x00,0x3F,0x00,0x00,0x00,0x00,0x00,0x00,0x00,0x00,0x01,0x01,0x05,0x00,0x05,0x00,0x0C,0x0D,0x45,
    0x00,0x01,0x00,0x00,0x00,0x09,0x00,0x00,0x00,0x01,0x00,0x09,0x01,0x25,0x00,0x00,0x00,0x24,0x00,0x00,0x00,0x06,0x52,0x65,
    0x2D,0x45,0x6E,0x61,0x62,0x6C,0x65,0x20,0x42,0x6C,0x61,0x63,0x6B,0x20,0x42,0x61,0x72,0x73,0x00,0x3C,0xF5,0xC2,0x8F,0x00,
    0x00,0x00,0x00,0x00,0x00,0x01,0x05,0x00,0x00,0x3B,0x9A,0xCA,0x00,0x00,0x00,0x00,0x00,0x01,0x6E,0x00,0x00,0x00,0x18,0x6D,
    0x79,0x61,0x63,0x74,0x6F,0x72,0x00,0xC2,0x81,0x3A,0x71,0xC0,0xF7,0x0C,0x87,0x00,0x00,0x00,0x00,0x00,0x00,0x00,0x00,0x00,
    0x00,0x00,0x00,0x00,0x00,0x00,0x00,0x41,0x00,0x00,0x00,0x41,0x00,0x00,0x00,0x41,0x00,0x00,0x00,0x00,0x00,0x00,0x00,0x00,
    0x00,0x00,0x00,0x00,0x00,0x00,0x00,0x00,0x00,0x00,0x00,0x00,0x00,0x00,0x00,0x00,0x00,0x00,0x00,0x3F,0x80,0x00,0x00,0x00,
    0x00,0x00,0x00,0x00,0x00,0x00,0x02,0x40,0xA0,0x00,0x00,0x3F,0x80,0x00,0x00,0x00,0x00,0x00,0x12,0x00,0x00,0x00,0x03,0x00,
    0x00,0x00,0x03,0x00,0x00,0x00,0x03,0x00,0x00,0x00,0x03,0x00,0x00,0x00,0x03,0x00,0x00,0x00,0x03,0x00,0x00,0x00,0x03,0x00,
    0x00,0x00,0x03,0x00,0x00,0x00,0x03,0x00,0x00,0x00,0x03,0x00,0x00,0x00,0x03,0x00,0x00,0x00,0x03,0x00,0x00,0x00,0x03,0x00,
    0x00,0x00,0x02,0x00,0x00,0x00,0x02,0x00,0x00,0x00,0x01,0x00,0x00,0x00,0x05,0x00,0x00,0x00,0x03,0x00,0x00,0x00,0x03,0x00,
    0x00,0x00,0x03,0x00,0x00,0x00,0x03,0x00,0x00,0x00,0x03,0x00,0x00,0x00,0x05,0x00,0x00,0x00,0x03,0x00,0x00,0x00,0x03,0x00,
    0x00,0x00,0x03,0x00,0x00,0x00,0x03,0x00,0x00,0x00,0x03,0xBF,0xE4,0xDA,0xA0,0xFF,0xFF,0xFF,0xFF,0x00,0x00,0x00,0x00,0xFF,
    0xFF,0xFF,0xFF,0x00,0x00,0x00,0x0E,0x00,0x00,0x00,0x0E,0x01,0x3F,0x80,0x00,0x00,0x00,0x00,0x00,0x00,0x3F,0x80,0x00,0x00,
    0x41,0xA0,0x00,0x00,0x3F,0x80,0x00,0x00,0x3F,0x80,0x00,0x00,0x3F,0x80,0x00,0x00,0x3F,0x80,0x00,0x00,0x01,0x00,0x00,0x00,
    0x01,0x00,0x00,0x00,0x01,0x00,0x00,0x00,0x00,0x00,0x00,0x00,0x00,0x00,0x00,0x00,0x00,0x00,0x00,0x00,0x04,0x00,0x00,0x00,
    0x04,0x00,0x00,0x00,0x00,0x00,0x00,0x00,0x00,0x01,0xFF,0xFF,0xFF,0xFF,0xFF,0xFF,0xFF,0xFF,0xFF,0xFF,0xFF,0xFF,0xFF,0xFF,
    0xFF,0xFF,0xFF,0xFF,0xFF,0xFF,0x01,0x3F,0x80,0x00,0x00,0x3F,0x80,0x00,0x00,0x00,0x00,0x00,0x03,0x00,0x01,0x00,0x00,0x00,
    0x0F,0x01,0x00,0x00,0x3F,0x80,0x00,0x00,0x01,0x01,0x00,0x01,0x00,0x00,0x00,0x00,0x00,0x3F,0x80,0x00,0x00,0x01,0x00,0x00,
    0x00,0x05,0x00,0x1A,0x3B,0x9A,0xCA,0x01,0x00,0x00,0x00,0x00,0x00,0xC4,0x00,0x00,0x00,0x0C,0x6D,0x79,0x20,0x64,0x74,0x72,
    0x69,0x67,0x67,0x65,0x72,0x00,0xC2,0x81,0x3A,0x71,0xC0,0xF7,0x0C,0x87,0x00,0x00,0x00,0x00,0x3A,0x83,0x12,0x6F,0x3A,0x83,
    0x12,0x6F,0x3A,0x83,0x12,0x6F,0x00,0x00,0x00,0x02,0x50,0x15,0x02,0xF9,0x3F,0x80,0x00,0x00,0x00,0x00,0x00,0x12,0x00,0x00,
    0x00,0x01,0x00,0x00,0x00,0x01,0x00,0x00,0x00,0x01,0x00,0x00,0x00,0x01,0x00,0x00,0x00,0x01,0x00,0x00,0x00,0x01,0x00,0x00,
    0x00,0x01,0x00,0x00,0x00,0x02,0x00,0x00,0x00,0x01,0x00,0x00,0x00,0x03,0x00,0x00,0x00,0x03,0x00,0x00,0x00,0x03,0x00,0x00,
    0x00,0x03,0x00,0x00,0x00,0x02,0x00,0x00,0x00,0x02,0x00,0x00,0x00,0x01,0x00,0x00,0x00,0x05,0x00,0x00,0x00,0x01,0x00,0x00,
    0x00,0x01,0x00,0x00,0x00,0x01,0x00,0x00,0x00,0x01,0x00,0x00,0x00,0x01,0x00,0x00,0x00,0x05,0x00,0x00,0x00,0x01,0x00,0x00,
    0x00,0x01,0x00,0x00,0x00,0x01,0x00,0x00,0x00,0x01,0x00,0x00,0x00,0x01,0x00,0x00,0x00,0x00,0xFF,0xFF,0xFF,0xFF,0xFF,0xFF,
    0xFF,0xFF,0xFF,0xFF,0xFF,0xFF,0x01,0x00,0x00,0x00,0x00,0x03,0x00,0x00,0x00,0x00,0x00,0x0F,0x03,0x04,0x09,0x01,0x15,0x00,
    0x00,0x00,0x03,0x00,0x00,0x00,0x01,0x04,0x09,0x28,0xC6,0x03,0x04,0x09,0x00,0x16,0x00,0x00,0x00,0x00,0x00,0x00,0x00,0x0D,
    0x04,0x09,0x00,0x37,0x03,0x04,0x09,0x00,0x16,0x00,0x00,0x00,0x00,0x00,0x00,0x00,0x07,0x04,0x09,0x01,0x25,0x03,0x04,0x09,
    0x01,0x04,0x00,0x00,0x00,0x05,0x00,0x00,0x00,0x05,0x04,0x09,0x01,0x25,0x03,0x04,0x09,0x28,0x7B,0x00,0x00,0x00,0x09,0x00,
    0x00,0x00,0x01,0x04,0x09,0x00,0x16,0x03,0x04,0x09,0x28,0xBD,0x00,0x00,0x00,0x00,0x00,0x00,0x00,0x07,0x04,0x09,0x01,0x25,
    0x03,0x04,0x09,0x28,0xBD,0x00,0x00,0x00,0x05,0x00,0x00,0x00,0x05,0x04,0x09,0x01,0x25,0x03,0x04,0x09,0x28,0xC6,0x00,0x00,
    0x00,0x00,0x00,0x00,0x00,0x07,0x04,0x09,0x01,0x25,0x03,0x04,0x09,0x28,0xC6,0x00,0x00,0x00,0x05,0x00,0x00,0x00,0x05,0x04,
    0x09,0x01,0x25,0x03,0x04,0x09,0x28,0xC6,0x00,0x00,0x00,0x00,0x00,0x00,0x00,0x0D,0x04,0x09,0x28,0xCD,0x03,0x04,0x09,0x28,
    0xCE,0x00,0x00,0x00,0x09,0x00,0x00,0x00,0x01,0x04,0x09,0x28,0xBD,0x04,0x04,0x09,0x01,0x15,0x00,0x00,0x00,0x03,0x00,0x00,
    0x00,0x0D,0x00,0x09,0x00,0x05,0x04,0x04,0x09,0x00,0x0C,0x00,0x00,0x00,0x09,0x00,0x00,0x00,0x04,0x00,0x09,0x00,0x6F,0x04,
    0x04,0x09,0x01,0x04,0x00,0x00,0x00,0x05,0x00,0x00,0x00,0x0D,0x00,0x09,0x00,0x6A,0x04,0x04,0x09,0x28,0x7B,0x00,0x00,0x00,
    0x09,0x00,0x00,0x00,0x0D,0x00,0x09,0x00,0x45,0x04,0x04,0x09,0x28,0xBD,0x00,0x00,0x00,0x05,0x00,0x00,0x00,0x0D,0x00,0x09,
    0x00,0x9F,0x04,0x04,0x09,0x28,0xC6,0x00,0x00,0x00,0x05,0x00,0x00,0x00,0x0D,0x00,0x09,0x00,0x06,0x04,0x04,0x09,0x28,0xCE,
    0x00,0x00,0x00,0x09,0x00,0x00,0x00,0x0D,0x00,0x09,0x00,0x71,0x05,0x00,0x0F,0x00,0x54,0xC5,0x63,0x00,0x00,0x00,0x00,0x00,
    0x99,0x00,0x00,0x00,0x23,0x4D,0x6F,0x72,0x70,0x68,0x00,0x00,0x00,0x00,0x00,0x00,0x00,0x00,0x00,0x00,0x00,0x00,0x00,0x00,
    0x00,0x00,0x00,0x00,0x00,0x00,0x00,0x00,0x00,0x00,0x00,0x00,0x00,0x00,0x00,0x00,0x00,0x00,0x00,0x00,0x00,0x00,0x00,0x00,
    0x00,0x00,0x00,0x00,0x00,0x00,0x00,0x00,0x00,0x00,0x00,0x00,0x00,0x00,0x00,0x00,0x00,0x00,0x00,0x00,0x00,0x00,0x00,0x00,
    0x00,0x00,0x00,0x00,0x00,0x00,0x00,0x00,0x00,0x00,0x00,0x00,0x00,0x00,0x00,0x00,0x00,0x00,0x00,0x00,0x00,0x00,0x00,0x00,
    0x00,0x00,0x00,0x00,0x00,0x00,0x00,0x00,0x00,0x00,0x00,0x00,0x00,0x00,0x00,0x00,0x00,0x00,0x00,0x00,0x00,0x00,0x00,0x00,
    0x00,0x00,0x00,0x00,0x00,0x00,0x00,0x00,0x00,0x00,0x00,0x00,0x00,0x00,0x00,0x00,0x00,0x00,0x00,0x00,0x00,0x00,0x00,0x00,
    0x00,0x00,0x00,0x00,0x00,0x00,0x00,0x00,0x01,0x01,0x05,0x00,0x3A,0x00,0x00,0x00,0x09,0x00,0x05,0x00,0x00,0x00,0x09,0x00,
    0x00,0x00,0x0B,0x00,0x00,0x00,0x1D,0x00,0x00,0x00,0x09,0x00,0x00,0x00,0x04,0x00,0x00,0x00,0x8D,0x00,0x00,0x00,0x09,0x00,
    0x00,0x00,0x14,0x00,0x00,0x00,0x7D,0x00,0x00,0x00,0x09,0x00,0x00,0x00,0x07,0x00,0x00,0xA4,0x55,0x00,0x00,0x00,0x09,0x00,
    0x00,0x00,0x01,0x00,0x00,0x00,0x8B,0x00,0x00,0x00,0x63,0x00,0x00,0x00,0x0F,0x44,0x65,0x70,0x61,0x72,0x74,0x75,0x72,0x65,
    0x20,0x43,0x69,0x6E,0x65,0x6D,0x61,0x74,0x69,0x63,0x20,0x53,0x6B,0x69,0x70,0x00,0x00,0x00,0x00,0x00,0x00,0x00,0x00,0x00,
    0x00,0x00,0x00,0x00,0x00,0x00,0x00,0x00,0x00,0x00,0x00,0x00,0x00,0x00,0x00,0x00,0x00,0x00,0x00,0x0F,0x00,0x00,0x00,0x00,
    0x00,0x00,0x00,0x00,0x00,0x00,0x00,0x00,0x00,0xFF,0xFF,0xFF,0xFF,0xFF,0xFF,0xFF,0xFF,0x00,0x00,0x00,0x00,0x01,0x00,0x00,
    0x00,0x00,0xFF,0xFF,0xFF,0xFF,0xFF,0xFF,0xFF,0xFF,0xFF,0xFF,0xFF,0xFF,0x05,0x00,0x3A,0x00,0x00,0x00,0x0B,0x00,0x07,0x00,
    0x00,0x00,0x09,0x00,0x00,0x00,0x01,0x00,0x0A,0x2C,0x2A,0x00,0x00,0x00,0x09,0x00,0x00,0x00,0x07,0x00,0x00,0xA4,0x55,0x00,
    0x00,0x00,0x09,0x00,0x00,0x00,0x08,0x00,0x00,0x00,0x79,0x00,0x00,0x00,0x09,0x00,0x00,0x00,0x04,0x00,0x00,0x00,0x6C,0x00,
    0x00,0x00,0x09,0x00,0x00,0x00,0x04,0x00,0x00,0x00,0x72,0x00,0x00,0x00,0x09,0x00,0x00,0x00,0x04,0x00,0x00,0x00,0x9F,0x00,
    0x00,0x00,0x09,0x00,0x00,0x00,0x05,0x00,0x00,0x00,0x90,0x00,0x00,0x00,0x61,0x00,0x00,0x00,0x0F,0x41,0x72,0x72,0x69,0x76,
    0x61,0x6C,0x20,0x43,0x69,0x6E,0x65,0x6D,0x61,0x74,0x69,0x63,0x20,0x53,0x6B,0x69,0x70,0x00,0x00,0x00,0x00,0x00,0x00,0x00,
    0x00,0x00,0x00,0x00,0x00,0x00,0x00,0x00,0x00,0x00,0x00,0x00,0x00,0x00,0x00,0x00,0x00,0x00,0x00,0x00,0x00,0x0F,0x00,0x00,
    0x00,0x00,0x00,0x00,0x00,0x00,0x00,0x00,0x00,0x00,0x00,0xFF,0xFF,0xFF,0xFF,0xFF,0xFF,0xFF,0xFF,0x00,0x00,0x00,0x00,0x01,
    0x00,0x00,0x00,0x00,0xFF,0xFF,0xFF,0xFF,0xFF,0xFF,0xFF,0xFF,0xFF,0xFF,0xFF,0xFF,0x05,0x00,0x0C,0x00,0x0A,0x2C,0x2A,0x00,
    0x04,0x00,0x00,0x00,0x00,0x00,0x00,0x00,0x0D,0x00,0x54,0xC5,0x63,0x00,0x00,0x00,0x05,0x00,0x00,0x00,0x0D,0x00,0x00,0x00,
    0x6A,0x00,0x00,0x00,0x05,0x00,0x00,0x00,0x05,0x00,0x00,0xA4,0x55,0x00,0x00,0x00,0x05,0x00,0x00,0x00,0x0D,0x00,0x00,0x00,
    0x7A,0x00,0x00,0x00,0x33,0x00,0x00,0x00,0x0F,0x48,0x6F,0x6C,0x64,0x00,0x00,0x00,0x00,0x00,0x00,0x00,0x00,0x00,0x00,0x00,
    0x00,0x00,0x00,0x00,0x00,0x00,0x00,0x00,0x00,0x00,0x00,0x00,0x00,0x00,0x00,0x40,0xE0,0x00,0x00,0x00,0x00,0x00,0x00,0x01,
    0x00,0x00,0x42,0x8C,0x00,0x00,0x01,0x00,0x05,0x00,0x18,0x00,0x00,0xA4,0x55,0x00,0x00,0x00,0x00,0x00,0x3C,0x00,0x00,0x00,
    0x0A,0x48,0x6F,0x6C,0x64,0x20,0x42,0x6C,0x61,0x63,0x6B,0x00,0x01,0x00,0x00,0x00,0x01,0x00,0x00,0x00,0x00,0x00,0x00,0x00,
    0x02,0x00,0x00,0x00,0x00,0x00,0x00,0x00,0x00,0x00,0x00,0x00,0x00,0x00,0x00,0x00,0x00,0x3F,0x80,0x00,0x00,0x00,0x00,0x00,
    0x00,0x3F,0x00,0x00,0x00,0xFF,0xFF,0xFF,0xFF,0x05,0x00,0x05,0x00,0x00,0x00,0x1D,0x00,0x01,0x00,0x00,0x00,0x09,0x00,0x00,
    0x00,0x08,0x00,0x00,0x00,0x69,0x00,0x00,0x00,0x2B,0x00,0x00,0x00,0x06,0x43,0x75,0x74,0x73,0x63,0x65,0x6E,0x65,0x20,0x53,
    0x6B,0x69,0x70,0x20,0x32,0x20,0x46,0x72,0x61,0x6D,0x65,0x20,0x44,0x65,0x6C,0x61,0x79,0x00,0x3C,0xA3,0xD7,0x0A,0x00,0x00,
    0x00,0x00,0x00,0x00,0x01,0x05,0x00,0x05,0x00,0x0A,0x2B,0xBB,0x00,0x01,0x00,0x00,0x00,0x09,0x00,0x00,0x00,0x04,0x00,0x0A,
    0x2C,0x2A,0x00,0x00,0x00,0x1A,0x00,0x00,0x00,0x06,0x4C,0x6F,0x61,0x64,0x20,0x54,0x69,0x6D,0x65,0x72,0x00,0x3A,0x83,0x12,
    0x6F,0x00,0x00,0x00,0x00,0x01,0x01,0x00,0x03,0x00,0x00,0x00,0x6B,0x00,0x00,0x00,0x00,0x00,0x00,0x00,0x07,0x00,0x00,0x00,
    0x90,0x03,0x00,0x00,0x00,0x6B,0x00,0x00,0x00,0x00,0x00,0x00,0x00,0x01,0x00,0x00,0x00,0x6C,0x03,0x00,0x00,0x00,0x6B,0x00,
    0x00,0x00,0x00,0x00,0x00,0x00,0x14,0x00,0x00,0x00,0x9D,0x03,0x00,0x00,0x00,0x72,0x00,0x00,0x00,0x05,0x00,0x00,0x00,0x04,
    0x00,0x00,0x00,0x6C,0x03,0x00,0x00,0x00,0x72,0x00,0x00,0x00,0x05,0x00,0x00,0x00,0x05,0x00,0x00,0x00,0x90,0x03,0x00,0x00,
    0x00,0x72,0x00,0x00,0x00,0x05,0x00,0x00,0x00,0x0D,0x00,0x00,0x00,0x9A,0x03,0x00,0x00,0x00,0x72,0x00,0x00,0x00,0x05,0x00,
    0x00,0x00,0x0D,0x00,0x00,0x00,0x7A,0x04,0x00,0x00,0x00,0x01,0x00,0x00,0x00,0x07,0x00,0x00,0x00,0x01,0x00,0x0A,0x2B,0xBB,
    0x04,0x00,0x00,0x00,0x6A,0x00,0x00,0x00,0x09,0x00,0x00,0x00,0x05,0x00,0x00,0x00,0x0B,0x04,0x00,0x00,0x00,0x6A,0x00,0x00,
    0x00,0x09,0x00,0x00,0x00,0x04,0x00,0x00,0x00,0x6C,0x04,0x00,0x00,0x00,0x6A,0x00,0x00,0x00,0x09,0x00,0x00,0x00,0x05,0x00,
    0x00,0x00,0x90,0x04,0x00,0x00,0x00,0x6A,0x00,0x00,0x00,0x09,0x00,0x00,0x00,0x0D,0x00,0x00,0x00,0x9A,0x04,0x00,0x00,0x00,
    0x6A,0x00,0x00,0x00,0x09,0x00,0x00,0x00,0x0D,0x00,0x00,0x00,0x7A,0x04,0x00,0x00,0x00,0x70,0x00,0x00,0x00,0x09,0x00,0x00,
    0x00,0x07,0x00,0x00,0x00,0x0B,0x04,0x00,0x00,0x00,0x70,0x00,0x00,0x00,0x09,0x00,0x00,0x00,0x07,0x00,0x00,0x00,0x90,0x04,
    0x00,0x00,0x00,0x70,0x00,0x00,0x00,0x09,0x00,0x00,0x00,0x01,0x00,0x00,0x00,0x6C,0x04,0x00,0x00,0x00,0x70,0x00,0x00,0x00,
    0x09,0x00,0x00,0x00,0x14,0x00,0x00,0x00,0x9D,0x04,0x00,0x00,0x00,0x72,0x00,0x00,0x00,0x05,0x00,0x00,0x00,0x0D,0x00,0x00,
    0x00,0x6A,0x04,0x00,0x00,0x00,0x88,0x00,0x00,0x00,0x09,0x00,0x00,0x00,0x07,0x00,0x00,0x00,0x09,0x04,0x00,0x00,0x00,0x89,
    0x00,0x00,0x00,0x09,0x00,0x00,0x00,0x05,0x00,0x00,0x00,0x09,0x06,0x00,0x00,0x00,0x71,0x05,0x00,0x15,0x00,0x0C,0x00,0x2A,
    0x00,0x03,0x00,0x00,0x00,0x09,0x00,0x00,0x00,0x07,0x00,0x0C,0x00,0x2C,0x00,0x00,0x00,0x09,0x00,0x00,0x00,0x07,0x00,0x0C,
    0x01,0x38,0x00,0x00,0x00,0x09,0x00,0x00,0x00,0x01,0x00,0x0C,0x01,0xE0,0x00,0x00,0x00,0x1B,0x00,0x00,0x00,0x02,0x52,0x65,
    0x6C,0x61,0x79,0x2D,0x73,0x74,0x61,0x72,0x74,0x20,0x6F,0x66,0x20,0x63,0x69,0x6E,0x65,0x6D,0x61,0x00,0x01,0x05,0x00,0x15,
    0x00,0x0C,0x00,0x2B,0x00,0x03,0x00,0x00,0x00,0x09,0x00,0x00,0x00,0x05,0x00,0x0C,0x00,0x2C,0x00,0x00,0x00,0x09,0x00,0x00,
    0x00,0x05,0x00,0x0C,0x01,0x38,0x00,0x00,0x00,0x09,0x00,0x00,0x00,0x0B,0x00,0x0C,0x00,0x35,0x00,0x00,0x00,0x19,0x00,0x00,
    0x00,0x02,0x52,0x65,0x6C,0x61,0x79,0x2D,0x65,0x6E,0x64,0x20,0x6F,0x66,0x20,0x63,0x69,0x6E,0x65,0x6D,0x61,0x00,0x01,0x05,
    0x00,0x15,0x00,0x0C,0x00,0x28,0x00,0x02,0x00,0x00,0x00,0x09,0x00,0x00,0x00,0x05,0x00,0x0C,0x00,0x29,0x00,0x00,0x00,0x09,
    0x00,0x00,0x00,0x05,0x00,0x0C,0x01,0x38,0x00,0x00,0x00,0x21,0x00,0x00,0x00,0x02,0x45,0x6E,0x64,0x20,0x42,0x65,0x61,0x6B,
    0x20,0x42,0x72,0x65,0x61,0x6B,0x69,0x6E,0x67,0x20,0x43,0x69,0x6E,0x65,0x6D,0x61,0x74,0x69,0x63,0x00,0x01,0x05,0x00,0x15,
    0x00,0x0C,0x00,0x30,0x00,0x02,0x00,0x00,0x00,0x09,0x00,0x00,0x00,0x05,0x00,0x0C,0x00,0x31,0x00,0x00,0x00,0x09,0x00,0x00,
    0x00,0x05,0x00,0x0C,0x01,0x38,0x00,0x00,0x00,0x25,0x00,0x00,0x00,0x02,0x45,0x6E,0x64,0x20,0x53,0x70,0x69,0x64,0x65,0x72,
    0x62,0x61,0x6C,0x6C,0x20,0x55,0x6E,0x76,0x65,0x61,0x6C,0x20,0x43,0x69,0x6E,0x65,0x6D,0x61,0x74,0x69,0x63,0x00,0x01,0x05,
    0x00,0x15,0x00,0x0C,0x00,0x32,0x00,0x02,0x00,0x00,0x00,0x09,0x00,0x00,0x00,0x05,0x00,0x0C,0x01,0x38,0x00,0x00,0x00,0x09,
    0x00,0x00,0x00,0x05,0x00,0x0C,0x00,0x34,0x00,0x00,0x00,0x20,0x00,0x00,0x00,0x02,0x45,0x6E,0x64,0x20,0x50,0x69,0x73,0x74,
    0x6F,0x6E,0x20,0x4C,0x6F,0x77,0x65,0x72,0x20,0x43,0x69,0x6E,0x65,0x6D,0x61,0x74,0x69,0x63,0x00,0x01,0x05,0x00,0x15,0x00,
    0x0C,0x00,0x3E,0x00,0x01,0x00,0x00,0x00,0x09,0x00,0x00,0x00,0x08,0x00,0x0C,0x00,0xEF,0x00,0x00,0x00,0x36,0x00,0x00,0x00,
    0x02,0x41,0x64,0x76,0x61,0x6E,0x63,0x65,0x20,0x4E,0x65,0x78,0x74,0x20,0x50,0x69,0x73,0x74,0x6F,0x6E,0x20,0x50,0x6F,0x73,
    0x69,0x74,0x69,0x6F,0x6E,0x20,0x28,0x53,0x70,0x69,0x64,0x65,0x72,0x62,0x61,0x6C,0x6C,0x20,0x55,0x6E,0x76,0x65,0x61,0x6C,
    0x29,0x00,0x00,0x05,0x00,0x15,0x00,0x0C,0x00,0x40,0x00,0x01,0x00,0x00,0x00,0x09,0x00,0x00,0x00,0x08,0x00,0x0C,0x00,0xEF,
    0x00,0x00,0x00,0x31,0x00,0x00,0x00,0x02,0x41,0x64,0x76,0x61,0x6E,0x63,0x65,0x20,0x4E,0x65,0x78,0x74,0x20,0x50,0x69,0x73,
    0x74,0x6F,0x6E,0x20,0x50,0x6F,0x73,0x69,0x74,0x69,0x6F,0x6E,0x20,0x28,0x50,0x69,0x73,0x74,0x6F,0x6E,0x20,0x4C,0x6F,0x77,
    0x65,0x72,0x29,0x00,0x00,0x05,0x00,0x3A,0x00,0x0C,0x00,0x2C,0x00,0x02,0x00,0x00,0x00,0x09,0x00,0x00,0x00,0x0D,0x00,0x0C,
    0x00,0x2B,0x00,0x00,0x00,0x09,0x00,0x00,0x00,0x04,0x00,0x0C,0x01,0xE0,0x00,0x00,0x00,0x69,0x00,0x00,0x00,0x0F,0x53,0x70,
    0x65,0x63,0x69,0x61,0x6C,0x46,0x75,0x6E,0x63,0x74,0x69,0x6F,0x6E,0x20,0x43,0x69,0x6E,0x65,0x6D,0x61,0x74,0x69,0x63,0x20,
    0x53,0x6B,0x69,0x70,0x00,0x00,0x00,0x00,0x00,0x00,0x00,0x00,0x00,0x00,0x00,0x00,0x00,0x00,0x00,0x00,0x00,0x00,0x00,0x00,
    0x00,0x00,0x00,0x00,0x00,0x00,0x00,0x00,0x0F,0x00,0x00,0x00,0x00,0x00,0x00,0x00,0x00,0x00,0x00,0x00,0x00,0x00,0xFF,0xFF,
    0xFF,0xFF,0xFF,0xFF,0xFF,0xFF,0x00,0x00,0x00,0x00,0x01,0x00,0x00,0x00,0x00,0xFF,0xFF,0xFF,0xFF,0xFF,0xFF,0xFF,0xFF,0xFF,
    0xFF,0xFF,0xFF,0x05,0x00,0x3A,0x00,0x0C,0x00,0x29,0x00,0x07,0x00,0x00,0x00,0x09,0x00,0x00,0x00,0x0D,0x00,0x0C,0x00,0x28,
    0x00,0x00,0x00,0x09,0x00,0x00,0x00,0x04,0x00,0x0C,0x01,0x37,0x00,0x00,0x00,0x09,0x00,0x00,0x00,0x10,0x00,0x0C,0x01,0x4D,
    0x00,0x00,0x00,0x09,0x00,0x00,0x00,0x10,0x00,0x0C,0x01,0x4E,0x00,0x00,0x00,0x09,0x00,0x00,0x00,0x0D,0x00,0x0C,0x01,0x47,
    0x00,0x00,0x00,0x09,0x00,0x00,0x00,0x01,0x00,0x0C,0x01,0x4F,0x00,0x00,0x00,0x09,0x00,0x00,0x00,0x01,0x00,0x0C,0x01,0x50,
    0x00,0x00,0x00,0x69,0x00,0x00,0x00,0x0F,0x53,0x70,0x65,0x63,0x69,0x61,0x6C,0x46,0x75,0x6E,0x63,0x74,0x69,0x6F,0x6E,0x20,
    0x43,0x69,0x6E,0x65,0x6D,0x61,0x74,0x69,0x63,0x20,0x53,0x6B,0x69,0x70,0x00,0x00,0x00,0x00,0x00,0x00,0x00,0x00,0x00,0x00,
    0x00,0x00,0x00,0x00,0x00,0x00,0x00,0x00,0x00,0x00,0x00,0x00,0x00,0x00,0x00,0x00,0x00,0x00,0x0F,0x00,0x00,0x00,0x00,0x00,
    0x00,0x00,0x00,0x00,0x00,0x00,0x00,0x00,0xFF,0xFF,0xFF,0xFF,0xFF,0xFF,0xFF,0xFF,0x00,0x00,0x00,0x00,0x01,0x00,0x00,0x00,
    0x00,0xFF,0xFF,0xFF,0xFF,0xFF,0xFF,0xFF,0xFF,0xFF,0xFF,0xFF,0xFF,0x05,0x00,0x3A,0x00,0x0C,0x00,0x2F,0x00,0x04,0x00,0x00,
    0x00,0x09,0x00,0x00,0x00,0x0D,0x00,0x0C,0x01,0x09,0x00,0x00,0x00,0x09,0x00,0x00,0x00,0x04,0x00,0x0C,0x01,0x3E,0x00,0x00,
    0x00,0x09,0x00,0x00,0x00,0x10,0x00,0x0C,0x01,0x3F,0x00,0x00,0x00,0x09,0x00,0x00,0x00,0x0D,0x00,0x0C,0x01,0x3C,0x00,0x00,
    0x00,0x69,0x00,0x00,0x00,0x0F,0x53,0x70,0x65,0x63,0x69,0x61,0x6C,0x46,0x75,0x6E,0x63,0x74,0x69,0x6F,0x6E,0x20,0x43,0x69,
    0x6E,0x65,0x6D,0x61,0x74,0x69,0x63,0x20,0x53,0x6B,0x69,0x70,0x00,0x00,0x00,0x00,0x00,0x00,0x00,0x00,0x00,0x00,0x00,0x00,
    0x00,0x00,0x00,0x00,0x00,0x00,0x00,0x00,0x00,0x00,0x00,0x00,0x00,0x00,0x00,0x00,0x0F,0x00,0x00,0x00,0x00,0x00,0x00,0x00,
    0x00,0x00,0x00,0x00,0x00,0x00,0xFF,0xFF,0xFF,0xFF,0xFF,0xFF,0xFF,0xFF,0x00,0x00,0x00,0x00,0x01,0x00,0x00,0x00,0x00,0xFF,
    0xFF,0xFF,0xFF,0xFF,0xFF,0xFF,0xFF,0xFF,0xFF,0xFF,0xFF,0x05,0x00,0x3A,0x00,0x0C,0x00,0x31,0x00,0x0B,0x00,0x00,0x00,0x09,
    0x00,0x00,0x00,0x0D,0x00,0x0C,0x00,0x30,0x00,0x00,0x00,0x09,0x00,0x00,0x00,0x04,0x00,0x0C,0x01,0x51,0x00,0x00,0x00,0x09,
    0x00,0x00,0x00,0x10,0x00,0x0C,0x01,0x53,0x00,0x00,0x00,0x09,0x00,0x00,0x00,0x0D,0x00,0x0C,0x01,0x58,0x00,0x00,0x00,0x09,
    0x00,0x00,0x00,0x10,0x00,0x0C,0x01,0x54,0x00,0x00,0x00,0x09,0x00,0x00,0x00,0x0D,0x00,0x0C,0x01,0x11,0x00,0x00,0x00,0x09,
    0x00,0x00,0x00,0x0D,0x00,0x0C,0x01,0x1D,0x00,0x00,0x00,0x09,0x00,0x00,0x00,0x0D,0x00,0x0C,0x01,0x56,0x00,0x00,0x00,0x09,
    0x00,0x00,0x00,0x0D,0x00,0x0C,0x01,0x56,0x00,0x00,0x00,0x09,0x00,0x00,0x00,0x10,0x00,0x0C,0x01,0x5B,0x00,0x00,0x00,0x09,
    0x00,0x00,0x00,0x0D,0x00,0x0C,0x00,0x3E,0x00,0x00,0x00,0x69,0x00,0x00,0x00,0x0F,0x53,0x70,0x65,0x63,0x69,0x61,0x6C,0x46,
    0x75,0x6E,0x63,0x74,0x69,0x6F,0x6E,0x20,0x43,0x69,0x6E,0x65,0x6D,0x61,0x74,0x69,0x63,0x20,0x53,0x6B,0x69,0x70,0x00,0x00,
    0x00,0x00,0x00,0x00,0x00,0x00,0x00,0x00,0x00,0x00,0x00,0x00,0x00,0x00,0x00,0x00,0x00,0x00,0x00,0x00,0x00,0x00,0x00,0x00,
    0x00,0x00,0x0F,0x00,0x00,0x00,0x00,0x00,0x00,0x00,0x00,0x00,0x00,0x00,0x00,0x00,0xFF,0xFF,0xFF,0xFF,0xFF,0xFF,0xFF,0xFF,
    0x00,0x00,0x00,0x00,0x01,0x00,0x00,0x00,0x00,0xFF,0xFF,0xFF,0xFF,0xFF,0xFF,0xFF,0xFF,0xFF,0xFF,0xFF,0xFF,0x05,0x00,0x3A,
    0x00,0x0C,0x00,0x34,0x00,0x05,0x00,0x00,0x00,0x09,0x00,0x00,0x00,0x0D,0x00,0x0C,0x00,0x32,0x00,0x00,0x00,0x09,0x00,0x00,
    0x00,0x04,0x00,0x0C,0x01,0x5F,0x00,0x00,0x00,0x09,0x00,0x00,0x00,0x05,0x00,0x0C,0x01,0x38,0x00,0x00,0x00,0x09,0x00,0x00,
    0x00,0x0D,0x00,0x0C,0x01,0x1D,0x00,0x00,0x00,0x09,0x00,0x00,0x00,0x0D,0x00,0x0C,0x00,0x3E,0x00,0x00,0x00,0x69,0x00,0x00,
    0x00,0x0F,0x53,0x70,0x65,0x63,0x69,0x61,0x6C,0x46,0x75,0x6E,0x63,0x74,0x69,0x6F,0x6E,0x20,0x43,0x69,0x6E,0x65,0x6D,0x61,
    0x74,0x69,0x63,0x20,0x53,0x6B,0x69,0x70,0x00,0x00,0x00,0x00,0x00,0x00,0x00,0x00,0x00,0x00,0x00,0x00,0x00,0x00,0x00,0x00,
    0x00,0x00,0x00,0x00,0x00,0x00,0x00,0x00,0x00,0x00,0x00,0x00,0x0F,0x00,0x00,0x00,0x00,0x00,0x00,0x00,0x00,0x00,0x00,0x00,
    0x00,0x00,0xFF,0xFF,0xFF,0xFF,0xFF,0xFF,0xFF,0xFF,0x00,0x00,0x00,0x00,0x01,0x00,0x00,0x00,0x00,0xFF,0xFF,0xFF,0xFF,0xFF,
    0xFF,0xFF,0xFF,0xFF,0xFF,0xFF,0xFF,0x05,0x00,0x05,0x00,0x0C,0x00,0x35,0x00,0x03,0x00,0x00,0x00,0x09,0x00,0x00,0x00,0x0B,
    0x00,0x0C,0x00,0x36,0x00,0x00,0x00,0x09,0x00,0x00,0x00,0x08,0x00,0x0C,0x02,0x65,0x00,0x00,0x00,0x09,0x00,0x00,0x00,0x08,
    0x00,0x0C,0x01,0x93,0x00,0x00,0x00,0x2C,0x00,0x00,0x00,0x06,0x43,0x75,0x74,0x73,0x63,0x65,0x6E,0x65,0x20,0x53,0x6B,0x69,
    0x70,0x20,0x54,0x69,0x6D,0x65,0x72,0x20,0x47,0x68,0x6F,0x73,0x74,0x73,0x20,0x31,0x00,0x3C,0x23,0xD7,0x0A,0x00,0x00,0x00,
    0x00,0x00,0x00,0x01,0x05,0x00,0x05,0x00,0x0C,0x00,0x36,0x00,0x03,0x00,0x00,0x00,0x09,0x00,0x00,0x00,0x0B,0x00,0x0C,0x00,
    0x3D,0x00,0x00,0x00,0x09,0x00,0x00,0x00,0x08,0x00,0x0C,0x02,0x65,0x00,0x00,0x00,0x09,0x00,0x00,0x00,0x08,0x00,0x0C,0x01,
    0x93,0x00,0x00,0x00,0x2C,0x00,0x00,0x00,0x06,0x43,0x75,0x74,0x73,0x63,0x65,0x6E,0x65,0x20,0x53,0x6B,0x69,0x70,0x20,0x54,
    0x69,0x6D,0x65,0x72,0x20,0x47,0x68,0x6F,0x73,0x74,0x73,0x20,0x32,0x00,0x3C,0x23,0xD7,0x0A,0x00,0x00,0x00,0x00,0x00,0x00,
    0x01,0x05,0x00,0x05,0x00,0x0C,0x00,0x3D,0x00,0x02,0x00,0x00,0x00,0x09,0x00,0x00,0x00,0x08,0x00,0x0C,0x02,0x65,0x00,0x00,
    0x00,0x09,0x00,0x00,0x00,0x08,0x00,0x0C,0x01,0x93,0x00,0x00,0x00,0x2C,0x00,0x00,0x00,0x06,0x43,0x75,0x74,0x73,0x63,0x65,
    0x6E,0x65,0x20,0x53,0x6B,0x69,0x70,0x20,0x54,0x69,0x6D,0x65,0x72,0x20,0x47,0x68,0x6F,0x73,0x74,0x73,0x20,0x33,0x00,0x3C,
    0x23,0xD7,0x0A,0x00,0x00,0x00,0x00,0x00,0x00,0x01,0x05,0x00,0x05,0x00,0x0C,0x00,0x3F,0x00,0x01,0x00,0x00,0x00,0x09,0x00,
    0x00,0x00,0x04,0x00,0x0C,0x00,0x3E,0x00,0x00,0x00,0x33,0x00,0x00,0x00,0x06,0x53,0x70,0x69,0x64,0x65,0x72,0x62,0x61,0x6C,
    0x6C,0x20,0x55,0x6E,0x76,0x65,0x69,0x6C,0x20,0x50,0x69,0x73,0x74,0x6F,0x6E,0x20,0x53,0x6B,0x69,0x70,0x20,0x54,0x69,0x6D,
    0x65,0x72,0x00,0x40,0xD0,0x00,0x00,0x00,0x00,0x00,0x00,0x00,0x00,0x01,0x05,0x00,0x05,0x00,0x0C,0x00,0x41,0x00,0x01,0x00,
    0x00,0x00,0x09,0x00,0x00,0x00,0x04,0x00,0x0C,0x00,0x40,0x00,0x00,0x00,0x27,0x00,0x00,0x00,0x06,0x50,0x69,0x73,0x74,0x6F,
    0x6E,0x20,0x4C,0x6F,0x77,0x65,0x72,0x20,0x53,0x6B,0x69,0x70,0x20,0x54,0x69,0x6D,0x65,0x72,0x00,0x40,0x00,0x00,0x00,0x00,
    0x00,0x00,0x00,0x00,0x00,0x01,0x03,0x00,0x0C,0x01,0x37,0x00,0x00,0x00,0x00,0x00,0x00,0x00,0x07,0x00,0x0C,0x01,0x38,0x03,
    0x00,0x0C,0x01,0x37,0x00,0x00,0x00,0x05,0x00,0x00,0x00,0x05,0x00,0x0C,0x01,0x38,0x03,0x00,0x0C,0x01,0x3E,0x00,0x00,0x00,
    0x00,0x00,0x00,0x00,0x07,0x00,0x0C,0x01,0x38,0x03,0x00,0x0C,0x01,0x3E,0x00,0x00,0x00,0x05,0x00,0x00,0x00,0x05,0x00,0x0C,
    0x01,0x38,0x03,0x00,0x0C,0x01,0x51,0x00,0x00,0x00,0x00,0x00,0x00,0x00,0x07,0x00,0x0C,0x01,0x38,0x03,0x00,0x0C,0x01,0x51,
    0x00,0x00,0x00,0x05,0x00,0x00,0x00,0x05,0x00,0x0C,0x01,0x38,0x03,0x00,0x0C,0x01,0x5F,0x00,0x00,0x00,0x00,0x00,0x00,0x00,
    0x07,0x00,0x0C,0x01,0x38,0x03,0x00,0x0C,0x01,0x5F,0x00,0x00,0x00,0x05,0x00,0x00,0x00,0x05,0x00,0x0C,0x01,0x38,0x03,0x04,
    0x0C,0x01,0x86,0x00,0x00,0x00,0x03,0x00,0x00,0x00,0x01,0x04,0x0C,0x01,0xE0,0x03,0x04,0x0C,0x01,0xE0,0x00,0x00,0x00,0x00,
    0x00,0x00,0x00,0x07,0x00,0x0C,0x01,0x38,0x03,0x04,0x0C,0x01,0xE0,0x00,0x00,0x00,0x05,0x00,0x00,0x00,0x05,0x00,0x0C,0x01,
    0x38,0x04,0x00,0x0C,0x01,0x09,0x00,0x00,0x00,0x09,0x00,0x00,0x00,0x05,0x00,0x0C,0x00,0x2F,0x04,0x00,0x0C,0x01,0x09,0x00,
    0x00,0x00,0x09,0x00,0x00,0x00,0x05,0x00,0x0C,0x01,0x38,0x04,0x00,0x0C,0x01,0x37,0x00,0x00,0x00,0x05,0x00,0x00,0x00,0x0D,
    0x00,0x0C,0x00,0x28,0x04,0x00,0x0C,0x01,0x42,0x00,0x00,0x00,0x09,0x00,0x00,0x00,0x07,0x00,0x0C,0x00,0x2F,0x04,0x00,0x0C,
    0x01,0x42,0x00,0x00,0x00,0x09,0x00,0x00,0x00,0x07,0x00,0x0C,0x01,0x38,0x04,0x00,0x0C,0x01,0x44,0x00,0x00,0x00,0x09,0x00,
    0x00,0x00,0x07,0x00,0x0C,0x00,0x29,0x04,0x00,0x0C,0x01,0x44,0x00,0x00,0x00,0x09,0x00,0x00,0x00,0x07,0x00,0x0C,0x01,0x38,
    0x04,0x00,0x0C,0x01,0x47,0x00,0x00,0x00,0x09,0x00,0x00,0x00,0x04,0x00,0x0C,0x01,0x47,0x04,0x00,0x0C,0x01,0x51,0x00,0x00,
    0x00,0x05,0x00,0x00,0x00,0x0D,0x00,0x0C,0x00,0x30,0x04,0x00,0x0C,0x01,0x52,0x00,0x00,0x00,0x09,0x00,0x00,0x00,0x07,0x00,
    0x0C,0x00,0x31,0x04,0x00,0x0C,0x01,0x52,0x00,0x00,0x00,0x09,0x00,0x00,0x00,0x07,0x00,0x0C,0x01,0x38,0x04,0x00,0x0C,0x01,
    0x52,0x00,0x00,0x00,0x09,0x00,0x00,0x00,0x01,0x00,0x0C,0x00,0x3E,0x04,0x00,0x0C,0x01,0x52,0x00,0x00,0x00,0x09,0x00,0x00,
    0x00,0x0B,0x00,0x0C,0x00,0x3F,0x04,0x00,0x0C,0x01,0x5E,0x00,0x00,0x00,0x09,0x00,0x00,0x00,0x07,0x00,0x0C,0x00,0x34,0x04,
    0x00,0x0C,0x01,0x5E,0x00,0x00,0x00,0x09,0x00,0x00,0x00,0x07,0x00,0x0C,0x01,0x38,0x04,0x00,0x0C,0x01,0x5E,0x00,0x00,0x00,
    0x09,0x00,0x00,0x00,0x01,0x00,0x0C,0x00,0x40,0x04,0x00,0x0C,0x01,0x5E,0x00,0x00,0x00,0x09,0x00,0x00,0x00,0x0B,0x00,0x0C,
    0x00,0x41,0x04,0x00,0x0C,0x01,0x5F,0x00,0x00,0x00,0x05,0x00,0x00,0x00,0x0D,0x00,0x0C,0x00,0x32,0x04,0x04,0x0C,0x01,0x86,
    0x00,0x00,0x00,0x03,0x00,0x00,0x00,0x0D,0x00,0x0C,0x00,0x2A,0x04,0x04,0x0C,0x01,0xE0,0x00,0x00,0x00,0x05,0x00,0x00,0x00,
    0x0D,0x00,0x0C,0x00,0x2B,0x05,0x02,0x15,0x00,0x14,0x00,0x01,0x00,0x04,0x00,0x00,0x00,0x09,0x00,0x00,0x00,0x0D,0x00,0x14,
    0x04,0xAE,0x00,0x00,0x00,0x09,0x00,0x00,0x00,0x07,0x00,0x14,0x04,0xB8,0x00,0x00,0x00,0x09,0x00,0x00,0x00,0x01,0x00,0x14,
    0x02,0x90,0x00,0x00,0x00,0x09,0x00,0x00,0x00,0x07,0x00,0x14,0x00,0x06,0x00,0x00,0x00,0x1B,0x00,0x00,0x00,0x02,0x52,0x65,
    0x6C,0x61,0x79,0x2D,0x73,0x74,0x61,0x72,0x74,0x20,0x6F,0x66,0x20,0x63,0x69,0x6E,0x65,0x6D,0x61,0x00,0x01,0x05,0x02,0x15,
    0x00,0x14,0x00,0x05,0x00,0x05,0x00,0x00,0x00,0x09,0x00,0x00,0x00,0x05,0x00,0x14,0x04,0xB8,0x00,0x00,0x00,0x09,0x00,0x00,
    0x00,0x0D,0x00,0x14,0x04,0xB0,0x00,0x00,0x00,0x09,0x00,0x00,0x00,0x0D,0x00,0x14,0x04,0xBA,0x00,0x00,0x00,0x09,0x00,0x00,
    0x00,0x0D,0x00,0x14,0x04,0xC2,0x00,0x00,0x00,0x09,0x00,0x00,0x00,0x05,0x00,0x14,0x00,0x06,0x00,0x00,0x00,0x19,0x00,0x00,
    0x00,0x02,0x52,0x65,0x6C,0x61,0x79,0x2D,0x65,0x6E,0x64,0x20,0x6F,0x66,0x20,0x63,0x69,0x6E,0x65,0x6D,0x61,0x00,0x01,0x05,
    0x02,0x3A,0x00,0x14,0x00,0x06,0x00,0x08,0x00,0x00,0x00,0x09,0x00,0x00,0x00,0x0D,0x00,0x14,0x00,0x05,0x00,0x00,0x00,0x09,
    0x00,0x00,0x00,0x04,0x00,0x14,0x02,0x90,0x00,0x00,0x00,0x09,0x00,0x00,0x00,0x13,0x00,0x14,0x00,0x0D,0x00,0x00,0x00,0x09,
    0x00,0x00,0x00,0x0F,0x00,0x14,0x01,0xD4,0x00,0x00,0x00,0x09,0x00,0x00,0x00,0x0F,0x00,0x14,0x01,0xD9,0x00,0x00,0x00,0x09,
    0x00,0x00,0x00,0x0E,0x00,0x14,0x00,0x0E,0x00,0x00,0x00,0x09,0x00,0x00,0x00,0x0E,0x00,0x14,0x00,0x11,0x00,0x00,0x00,0x09,
    0x00,0x00,0x00,0x0E,0x00,0x14,0x00,0x0B,0x00,0x00,0x00,0x69,0x00,0x00,0x00,0x0F,0x53,0x70,0x65,0x63,0x69,0x61,0x6C,0x46,
    0x75,0x6E,0x63,0x74,0x69,0x6F,0x6E,0x20,0x43,0x69,0x6E,0x65,0x6D,0x61,0x74,0x69,0x63,0x20,0x53,0x6B,0x69,0x70,0x00,0x00,
    0x00,0x00,0x00,0x00,0x00,0x00,0x00,0x00,0x00,0x00,0x00,0x00,0x00,0x00,0x00,0x00,0x00,0x00,0x00,0x00,0x00,0x00,0x00,0x00,
    0x00,0x00,0x0F,0x00,0x00,0x00,0x00,0x00,0x00,0x00,0x00,0x00,0x00,0x00,0x00,0x00,0xFF,0xFF,0xFF,0xFF,0xFF,0xFF,0xFF,0xFF,
    0x00,0x00,0x00,0x00,0x01,0x00,0x00,0x00,0x00,0xFF,0xFF,0xFF,0xFF,0xFF,0xFF,0xFF,0xFF,0xFF,0xFF,0xFF,0xFF,0x05,0x02,0x1D,
    0x00,0x14,0x00,0x0D,0x00,0x01,0x00,0x00,0x00,0x12,0x00,0x00,0x00,0x14,0x00,0x14,0x01,0xCE,0x00,0x00,0x00,0x26,0x00,0x00,
    0x00,0x07,0x53,0x70,0x72,0x69,0x6E,0x74,0x20,0x46,0x6F,0x72,0x77,0x61,0x72,0x64,0x73,0x00,0x00,0x00,0x00,0x2C,0x00,0x00,
    0x00,0x00,0x00,0x01,0x00,0x00,0x00,0x00,0x3F,0x80,0x00,0x00,0x05,0x02,0x1D,0x00,0x14,0x00,0x0C,0x00,0x01,0x00,0x00,0x00,
    0x12,0x00,0x00,0x00,0x14,0x00,0x14,0x01,0xCE,0x00,0x00,0x00,0x1B,0x00,0x00,0x00,0x07,0x53,0x74,0x6F,0x70,0x00,0x00,0x00,
    0x00,0x32,0x00,0x00,0x00,0x00,0x00,0x01,0x00,0x00,0x00,0x00,0x3F,0x80,0x00,0x00,0x05,0x02,0x05,0x00,0x14,0x00,0x0B,0x00,
    0x01,0x00,0x00,0x00,0x09,0x00,0x00,0x00,0x13,0x00,0x14,0x00,0x0C,0x00,0x00,0x00,0x28,0x00,0x00,0x00,0x06,0x53,0x74,0x6F,
    0x70,0x20,0x53,0x70,0x72,0x69,0x6E,0x74,0x69,0x6E,0x67,0x20,0x41,0x6E,0x69,0x6D,0x61,0x74,0x69,0x6F,0x6E,0x00,0x3F,0x00,
    0x00,0x00,0x00,0x00,0x00,0x00,0x00,0x00,0x01,0x05,0x02,0x05,0x00,0x14,0x00,0x0E,0x00,0x05,0x00,0x00,0x00,0x09,0x00,0x00,
    0x00,0x04,0x00,0x14,0x01,0xD5,0x00,0x00,0x00,0x09,0x00,0x00,0x00,0x15,0x00,0x14,0x01,0xCE,0x00,0x00,0x00,0x09,0x00,0x00,
    0x00,0x13,0x00,0x14,0x01,0xD7,0x00,0x00,0x00,0x09,0x00,0x00,0x00,0x01,0x00,0x14,0x04,0x6D,0x00,0x00,0x00,0x09,0x00,0x00,
    0x00,0x14,0x00,0x14,0x04,0x6C,0x00,0x00,0x00,0x26,0x00,0x00,0x00,0x06,0x45,0x6E,0x65,0x72,0x67,0x79,0x20,0x46,0x69,0x65,
    0x6C,0x64,0x20,0x44,0x6F,0x77,0x6E,0x20,0x53,0x6B,0x69,0x70,0x00,0x3F,0x4C,0xCC,0xCD,0x00,0x00,0x00,0x00,0x00,0x00,0x01,
    0x05,0x02,0x05,0x00,0x14,0x00,0x11,0x00,0x08,0x00,0x00,0x00,0x09,0x00,0x00,0x00,0x01,0x00,0x14,0x01,0xD8,0x00,0x00,0x00,
    0x09,0x00,0x00,0x00,0x04,0x00,0x14,0x01,0xDA,0x00,0x00,0x00,0x09,0x00,0x00,0x00,0x14,0x00,0x14,0x04,0xEB,0x00,0x00,0x00,
    0x09,0x00,0x00,0x00,0x14,0x00,0x14,0x04,0xEC,0x00,0x00,0x00,0x09,0x00,0x00,0x00,0x04,0x00,0x14,0x04,0x77,0x00,0x00,0x00,
    0x09,0x00,0x00,0x00,0x04,0x00,0x14,0x03,0x86,0x00,0x00,0x00,0x09,0x00,0x00,0x00,0x04,0x00,0x14,0x03,0x91,0x00,0x00,0x00,
    0x09,0x00,0x00,0x00,0x04,0x00,0x14,0x01,0xD5,0x00,0x00,0x00,0x2D,0x00,0x00,0x00,0x06,0x45,0x6E,0x65,0x72,0x67,0x79,0x20,
    0x46,0x69,0x65,0x6C,0x64,0x20,0x44,0x6F,0x77,0x6E,0x20,0x45,0x66,0x66,0x65,0x63,0x74,0x20,0x53,0x6B,0x69,0x70,0x00,0x3E,
    0xCC,0xCC,0xCD,0x00,0x00,0x00,0x00,0x00,0x00,0x01,0x03,0x08,0x14,0x01,0xD6,0x00,0x00,0x00,0x03,0x00,0x00,0x00,0x01,0x08,
    0x14,0x02,0x90,0x03,0x08,0x14,0x02,0x90,0x00,0x00,0x00,0x00,0x00,0x00,0x00,0x0D,0x08,0x14,0x04,0xAE,0x03,0x08,0x14,0x02,
    0x90,0x00,0x00,0x00,0x00,0x00,0x00,0x00,0x07,0x08,0x14,0x04,0xB8,0x03,0x08,0x14,0x02,0x90,0x00,0x00,0x00,0x05,0x00,0x00,
    0x00,0x05,0x08,0x14,0x04,0xB8,0x03,0x08,0x14,0x02,0x90,0x00,0x00,0x00,0x05,0x00,0x00,0x00,0x0D,0x08,0x14,0x04,0xB0,0x03,
    0x08,0x14,0x02,0x90,0x00,0x00,0x00,0x05,0x00,0x00,0x00,0x0D,0x08,0x14,0x04,0xBA,0x03,0x08,0x14,0x02,0x90,0x00,0x00,0x00,
    0x05,0x00,0x00,0x00,0x0D,0x08,0x14,0x04,0xC2,0x04,0x08,0x14,0x01,0xD6,0x00,0x00,0x00,0x03,0x00,0x00,0x00,0x0D,0x00,0x14,
    0x00,0x01,0x04,0x08,0x14,0x01,0xD9,0x00,0x00,0x00,0x09,0x00,0x00,0x00,0x04,0x00,0x14,0x00,0x0E,0x04,0x08,0x14,0x01,0xD9,
    0x00,0x00,0x00,0x09,0x00,0x00,0x00,0x04,0x00,0x14,0x00,0x11,0x04,0x08,0x14,0x01,0xD9,0x00,0x00,0x00,0x09,0x00,0x00,0x00,
    0x04,0x00,0x14,0x00,0x0B,0x04,0x08,0x14,0x01,0xD9,0x00,0x00,0x00,0x09,0x00,0x00,0x00,0x04,0x00,0x14,0x00,0x0D,0x04,0x08,
    0x14,0x01,0xD9,0x00,0x00,0x00,0x09,0x00,0x00,0x00,0x04,0x00,0x14,0x00,0x0C,0x04,0x08,0x14,0x02,0x90,0x00,0x00,0x00,0x05,
    0x00,0x00,0x00,0x0D,0x00,0x14,0x00,0x05,0x05,0x00,0x15,0x00,0x2D,0x42,0x5E,0x00,0x03,0x00,0x00,0x00,0x09,0x00,0x00,0x00,
    0x01,0x00,0x1E,0x02,0xDE,0x00,0x00,0x00,0x09,0x00,0x00,0x00,0x07,0x00,0x1E,0x00,0x54,0x00,0x00,0x00,0x09,0x00,0x00,0x00,
    0x07,0x00,0x1E,0x00,0x07,0x00,0x00,0x00,0x1A,0x00,0x00,0x00,0x02,0x50,0x61,0x6E,0x65,0x6C,0x20,0x43,0x75,0x74,0x73,0x63,
    0x65,0x6E,0x65,0x20,0x53,0x74,0x61,0x72,0x74,0x00,0x01,0x05,0x00,0x15,0x00,0x2D,0x42,0x42,0x00,0x02,0x00,0x00,0x00,0x09,
    0x00,0x00,0x00,0x05,0x00,0x1E,0x00,0x54,0x00,0x00,0x00,0x09,0x00,0x00,0x00,0x05,0x00,0x1E,0x00,0x07,0x00,0x00,0x00,0x18,
    0x00,0x00,0x00,0x02,0x50,0x61,0x6E,0x65,0x6C,0x20,0x43,0x75,0x74,0x73,0x63,0x65,0x6E,0x65,0x20,0x45,0x6E,0x64,0x00,0x01,
    0x05,0x00,0x15,0x00,0x2D,0x42,0x48,0x00,0x03,0x00,0x00,0x00,0x09,0x00,0x00,0x00,0x04,0x00,0x1E,0x02,0x81,0x00,0x00,0x00,
    0x09,0x00,0x00,0x00,0x05,0x00,0x1E,0x00,0x54,0x00,0x00,0x00,0x09,0x00,0x00,0x00,0x05,0x00,0x1E,0x00,0x0A,0x00,0x00,0x00,
    0x18,0x00,0x00,0x00,0x02,0x52,0x65,0x6C,0x61,0x79,0x20,0x4F,0x6E,0x65,0x20,0x53,0x68,0x6F,0x74,0x20,0x4F,0x75,0x74,0x00,
    0x01,0x05,0x00,0x15,0x00,0x2D,0x42,0x4F,0x00,0x02,0x00,0x00,0x00,0x09,0x00,0x00,0x00,0x05,0x00,0x1E,0x00,0x54,0x00,0x00,
    0x00,0x09,0x00,0x00,0x00,0x05,0x00,0x1E,0x00,0x11,0x00,0x00,0x00,0x1D,0x00,0x00,0x00,0x02,0x42,0x61,0x6C,0x6C,0x20,0x53,
    0x6C,0x6F,0x74,0x20,0x44,0x65,0x73,0x74,0x72,0x6F,0x79,0x65,0x64,0x20,0x45,0x6E,0x64,0x00,0x01,0x05,0x00,0x15,0x00,0x2D,
    0x42,0x54,0x00,0x02,0x00,0x00,0x00,0x09,0x00,0x00,0x00,0x05,0x00,0x1E,0x00,0x54,0x00,0x00,0x00,0x09,0x00,0x00,0x00,0x05,
    0x00,0x1E,0x00,0x16,0x00,0x00,0x00,0x1D,0x00,0x00,0x00,0x02,0x44,0x65,0x73,0x74,0x72,0x6F,0x79,0x65,0x64,0x20,0x42,0x61,
    0x6C,0x6C,0x20,0x53,0x6C,0x6F,0x74,0x20,0x45,0x6E,0x64,0x00,0x01,0x05,0x00,0x15,0x00,0x2D,0x42,0x5C,0x00,0x02,0x00,0x00,
    0x00,0x09,0x00,0x00,0x00,0x05,0x00,0x1E,0x00,0x54,0x00,0x00,0x00,0x09,0x00,0x00,0x00,0x05,0x00,0x1E,0x00,0x1D,0x00,0x00,
    0x00,0x13,0x00,0x00,0x00,0x02,0x45,0x6E,0x64,0x20,0x50,0x6C,0x61,0x74,0x66,0x6F,0x72,0x6D,0x73,0x00,0x01,0x05,0x00,0x3A,
    0x00,0x1E,0x00,0x07,0x00,0x05,0x00,0x00,0x00,0x09,0x00,0x00,0x00,0x0D,0x00,0x2D,0x42,0x42,0x00,0x00,0x00,0x09,0x00,0x00,
    0x00,0x04,0x00,0x1E,0x02,0xDE,0x00,0x00,0x00,0x09,0x00,0x00,0x00,0x07,0x00,0x1E,0x02,0xC5,0x00,0x00,0x00,0x09,0x00,0x00,
    0x00,0x14,0x00,0x1E,0x02,0xEF,0x00,0x00,0x00,0x09,0x00,0x00,0x00,0x01,0x00,0x1E,0x02,0x7E,0x00,0x00,0x00,0x6A,0x00,0x00,
    0x00,0x0F,0x50,0x61,0x6E,0x65,0x6C,0x20,0x41,0x63,0x74,0x69,0x76,0x61,0x74,0x69,0x6F,0x6E,0x20,0x43,0x69,0x6E,0x65,0x6D,
    0x61,0x74,0x69,0x63,0x20,0x53,0x6B,0x69,0x70,0x00,0x00,0x00,0x00,0x00,0x00,0x00,0x00,0x00,0x00,0x00,0x00,0x00,0x00,0x00,
    0x00,0x00,0x00,0x00,0x00,0x00,0x00,0x00,0x00,0x00,0x00,0x00,0x00,0x0F,0x00,0x00,0x00,0x00,0x00,0x00,0x00,0x00,0x00,0x00,
    0x00,0x00,0x00,0xFF,0xFF,0xFF,0xFF,0xFF,0xFF,0xFF,0xFF,0x00,0x00,0x00,0x00,0x01,0x00,0x00,0x00,0x00,0xFF,0xFF,0xFF,0xFF,
    0xFF,0xFF,0xFF,0xFF,0xFF,0xFF,0xFF,0xFF,0x05,0x00,0x3A,0x00,0x1E,0x00,0x0A,0x00,0x0A,0x00,0x00,0x00,0x09,0x00,0x00,0x00,
    0x0D,0x00,0x2D,0x42,0x48,0x00,0x00,0x00,0x09,0x00,0x00,0x00,0x04,0x00,0x1E,0x02,0x81,0x00,0x00,0x00,0x09,0x00,0x00,0x00,
    0x10,0x00,0x1E,0x01,0x16,0x00,0x00,0x00,0x09,0x00,0x00,0x00,0x10,0x00,0x1E,0x00,0xB1,0x00,0x00,0x00,0x09,0x00,0x00,0x00,
    0x07,0x00,0x1E,0x00,0x5C,0x00,0x00,0x00,0x09,0x00,0x00,0x00,0x01,0x00,0x1E,0x00,0x57,0x00,0x00,0x00,0x09,0x00,0x00,0x00,
    0x01,0x00,0x1E,0x00,0xCF,0x00,0x00,0x00,0x09,0x00,0x00,0x00,0x01,0x00,0x1E,0x00,0xD6,0x00,0x00,0x00,0x09,0x00,0x00,0x00,
    0x14,0x00,0x1E,0x02,0xD7,0x00,0x00,0x00,0x09,0x00,0x00,0x00,0x01,0x00,0x1E,0x00,0x50,0x00,0x00,0x00,0x64,0x00,0x00,0x00,
    0x0F,0x50,0x61,0x6E,0x65,0x6C,0x20,0x53,0x63,0x61,0x6E,0x20,0x43,0x69,0x6E,0x65,0x6D,0x61,0x74,0x69,0x63,0x20,0x53,0x6B,
    0x69,0x70,0x00,0x00,0x00,0x00,0x00,0x00,0x00,0x00,0x00,0x00,0x00,0x00,0x00,0x00,0x00,0x00,0x00,0x00,0x00,0x00,0x00,0x00,
    0x00,0x00,0x00,0x00,0x00,0x00,0x0F,0x00,0x00,0x00,0x00,0x00,0x00,0x00,0x00,0x00,0x00,0x00,0x00,0x00,0xFF,0xFF,0xFF,0xFF,
    0xFF,0xFF,0xFF,0xFF,0x00,0x00,0x00,0x00,0x01,0x00,0x00,0x00,0x00,0xFF,0xFF,0xFF,0xFF,0xFF,0xFF,0xFF,0xFF,0xFF,0xFF,0xFF,
    0xFF,0x05,0x00,0x3A,0x00,0x1E,0x00,0x11,0x00,0x05,0x00,0x00,0x00,0x09,0x00,0x00,0x00,0x0D,0x00,0x2D,0x42,0x4F,0x00,0x00,
    0x00,0x09,0x00,0x00,0x00,0x10,0x00,0x1E,0x01,0x26,0x00,0x00,0x00,0x09,0x00,0x00,0x00,0x0D,0x00,0x1E,0x00,0x5B,0x00,0x00,
    0x00,0x09,0x00,0x00,0x00,0x04,0x00,0x1E,0x00,0x50,0x00,0x00,0x00,0x09,0x00,0x00,0x00,0x10,0x00,0x1E,0x00,0x42,0x00,0x00,
    0x00,0x65,0x00,0x00,0x00,0x0F,0x42,0x6F,0x6D,0x62,0x20,0x53,0x6C,0x6F,0x74,0x20,0x31,0x20,0x43,0x69,0x6E,0x65,0x6D,0x61,
    0x74,0x69,0x63,0x20,0x53,0x6B,0x69,0x70,0x00,0x00,0x00,0x00,0x00,0x00,0x00,0x00,0x00,0x00,0x00,0x00,0x00,0x00,0x00,0x00,
    0x00,0x00,0x00,0x00,0x00,0x00,0x00,0x00,0x00,0x00,0x00,0x00,0x0F,0x00,0x00,0x00,0x00,0x00,0x00,0x00,0x00,0x00,0x00,0x00,
    0x00,0x00,0xFF,0xFF,0xFF,0xFF,0xFF,0xFF,0xFF,0xFF,0x00,0x00,0x00,0x00,0x01,0x00,0x00,0x00,0x00,0xFF,0xFF,0xFF,0xFF,0xFF,
    0xFF,0xFF,0xFF,0xFF,0xFF,0xFF,0xFF,0x05,0x00,0x3A,0x00,0x1E,0x00,0x16,0x00,0x0A,0x00,0x00,0x00,0x09,0x00,0x00,0x00,0x0D,
    0x00,0x2D,0x42,0x54,0x00,0x00,0x00,0x09,0x00,0x00,0x00,0x10,0x00,0x1E,0x02,0x7C,0x00,0x00,0x00,0x09,0x00,0x00,0x00,0x08,
    0x00,0x1E,0x00,0x17,0x00,0x00,0x00,0x09,0x00,0x00,0x00,0x14,0x00,0x1E,0x00,0xFC,0x00,0x00,0x00,0x09,0x00,0x00,0x00,0x01,
    0x00,0x1E,0x02,0x6A,0x00,0x00,0x00,0x09,0x00,0x00,0x00,0x04,0x00,0x1E,0x01,0x27,0x00,0x00,0x00,0x09,0x00,0x00,0x00,0x10,
    0x00,0x1E,0x01,0x73,0x00,0x00,0x00,0x09,0x00,0x00,0x00,0x0D,0x00,0x1E,0x01,0x0D,0x00,0x00,0x00,0x09,0x00,0x00,0x00,0x10,
    0x00,0x1E,0x00,0x0E,0x00,0x00,0x00,0x09,0x00,0x00,0x00,0x04,0x00,0x1E,0x00,0x09,0x00,0x00,0x00,0x65,0x00,0x00,0x00,0x0F,
    0x42,0x6F,0x6D,0x62,0x20,0x53,0x6C,0x6F,0x74,0x20,0x32,0x20,0x43,0x69,0x6E,0x65,0x6D,0x61,0x74,0x69,0x63,0x20,0x53,0x6B,
    0x69,0x70,0x00,0x00,0x00,0x00,0x00,0x00,0x00,0x00,0x00,0x00,0x00,0x00,0x00,0x00,0x00,0x00,0x00,0x00,0x00,0x00,0x00,0x00,
    0x00,0x00,0x00,0x00,0x00,0x00,0x0F,0x00,0x00,0x00,0x00,0x00,0x00,0x00,0x00,0x00,0x00,0x00,0x00,0x00,0xFF,0xFF,0xFF,0xFF,
    0xFF,0xFF,0xFF,0xFF,0x00,0x00,0x00,0x00,0x01,0x00,0x00,0x00,0x00,0xFF,0xFF,0xFF,0xFF,0xFF,0xFF,0xFF,0xFF,0xFF,0xFF,0xFF,
    0xFF,0x05,0x00,0x3A,0x00,0x1E,0x00,0x1D,0x00,0x09,0x00,0x00,0x00,0x09,0x00,0x00,0x00,0x0D,0x00,0x2D,0x42,0x5C,0x00,0x00,
    0x00,0x09,0x00,0x00,0x00,0x08,0x00,0x1E,0x00,0x05,0x00,0x00,0x00,0x09,0x00,0x00,0x00,0x08,0x00,0x1E,0x00,0x03,0x00,0x00,
    0x00,0x09,0x00,0x00,0x00,0x08,0x00,0x1E,0x00,0x06,0x00,0x00,0x00,0x09,0x00,0x00,0x00,0x04,0x00,0x1E,0x00,0x59,0x00,0x00,
    0x00,0x09,0x00,0x00,0x00,0x04,0x00,0x1E,0x02,0x3E,0x00,0x00,0x00,0x09,0x00,0x00,0x00,0x10,0x00,0x1E,0x01,0xFD,0x00,0x00,
    0x00,0x09,0x00,0x00,0x00,0x0D,0x00,0x1E,0x01,0xBA,0x00,0x00,0x00,0x09,0x00,0x00,0x00,0x14,0x00,0x1E,0x03,0x57,0x00,0x00,
    0x00,0x6D,0x00,0x00,0x00,0x0F,0x50,0x6C,0x61,0x74,0x66,0x6F,0x72,0x6D,0x20,0x41,0x63,0x74,0x69,0x76,0x61,0x74,0x69,0x6F,
    0x6E,0x20,0x43,0x69,0x6E,0x65,0x6D,0x61,0x74,0x69,0x63,0x20,0x53,0x6B,0x69,0x70,0x00,0x00,0x00,0x00,0x00,0x00,0x00,0x00,
    0x00,0x00,0x00,0x00,0x00,0x00,0x00,0x00,0x00,0x00,0x00,0x00,0x00,0x00,0x00,0x00,0x00,0x00,0x00,0x00,0x0F,0x00,0x00,0x00,
    0x00,0x00,0x00,0x00,0x00,0x00,0x00,0x00,0x00,0x00,0xFF,0xFF,0xFF,0xFF,0xFF,0xFF,0xFF,0xFF,0x00,0x00,0x00,0x00,0x01,0x00,
    0x00,0x00,0x00,0xFF,0xFF,0xFF,0xFF,0xFF,0xFF,0xFF,0xFF,0xFF,0xFF,0xFF,0xFF,0x03,0x00,0x1E,0x00,0x53,0x00,0x00,0x00,0x00,
    0x00,0x00,0x00,0x07,0x00,0x1E,0x00,0x54,0x03,0x00,0x1E,0x00,0x53,0x00,0x00,0x00,0x05,0x00,0x00,0x00,0x05,0x00,0x1E,0x00,
    0x54,0x03,0x00,0x1E,0x00,0x59,0x00,0x00,0x00,0x00,0x00,0x00,0x00,0x07,0x00,0x1E,0x00,0x54,0x03,0x00,0x1E,0x01,0x27,0x00,
    0x00,0x00,0x00,0x00,0x00,0x00,0x07,0x00,0x1E,0x00,0x54,0x03,0x00,0x1E,0x01,0x27,0x00,0x00,0x00,0x05,0x00,0x00,0x00,0x05,
    0x00,0x1E,0x00,0x54,0x03,0x00,0x1E,0x01,0x27,0x00,0x00,0x00,0x00,0x00,0x00,0x00,0x0B,0x00,0x1E,0x01,0x73,0x03,0x00,0x1E,
    0x02,0x3E,0x00,0x00,0x00,0x05,0x00,0x00,0x00,0x05,0x00,0x1E,0x00,0x54,0x03,0x00,0x1E,0x02,0x84,0x00,0x00,0x00,0x05,0x00,
    0x00,0x00,0x04,0x00,0x1E,0x02,0x81,0x03,0x00,0x1E,0x02,0x84,0x00,0x00,0x00,0x00,0x00,0x00,0x00,0x0D,0x00,0x1E,0x02,0x95,
    0x03,0x00,0x1E,0x02,0x84,0x00,0x00,0x00,0x00,0x00,0x00,0x00,0x07,0x00,0x1E,0x00,0x54,0x03,0x00,0x1E,0x02,0x84,0x00,0x00,
    0x00,0x05,0x00,0x00,0x00,0x05,0x00,0x1E,0x00,0x54,0x03,0x00,0x1E,0x02,0xDE,0x00,0x00,0x00,0x00,0x00,0x00,0x00,0x07,0x00,
    0x1E,0x00,0x54,0x03,0x00,0x1E,0x02,0xDE,0x00,0x00,0x00,0x05,0x00,0x00,0x00,0x05,0x00,0x1E,0x00,0x54,0x03,0x00,0x1E,0x02,
    0xEB,0x00,0x00,0x00,0x09,0x00,0x00,0x00,0x01,0x00,0x1E,0x02,0xDE,0x04,0x00,0x1E,0x00,0x0C,0x00,0x00,0x00,0x09,0x00,0x00,
    0x00,0x07,0x00,0x1E,0x00,0x54,0x04,0x00,0x1E,0x00,0x0C,0x00,0x00,0x00,0x09,0x00,0x00,0x00,0x07,0x00,0x1E,0x00,0x1D,0x04,
    0x00,0x1E,0x00,0x53,0x00,0x00,0x00,0x05,0x00,0x00,0x00,0x0D,0x00,0x2D,0x42,0x4F,0x04,0x00,0x1E,0x01,0x15,0x00,0x00,0x00,
    0x09,0x00,0x00,0x00,0x07,0x00,0x1E,0x00,0x54,0x04,0x00,0x1E,0x01,0x15,0x00,0x00,0x00,0x09,0x00,0x00,0x00,0x07,0x00,0x1E,
    0x00,0x11,0x04,0x00,0x1E,0x01,0x17,0x00,0x00,0x00,0x09,0x00,0x00,0x00,0x07,0x00,0x1E,0x00,0x54,0x04,0x00,0x1E,0x01,0x17,
    0x00,0x00,0x00,0x09,0x00,0x00,0x00,0x0B,0x00,0x1E,0x01,0x73,0x04,0x00,0x1E,0x01,0x17,0x00,0x00,0x00,0x09,0x00,0x00,0x00,
    0x07,0x00,0x1E,0x00,0x16,0x04,0x00,0x1E,0x01,0x27,0x00,0x00,0x00,0x05,0x00,0x00,0x00,0x0D,0x00,0x2D,0x42,0x54,0x04,0x00,
    0x1E,0x01,0xBA,0x00,0x00,0x00,0x09,0x00,0x00,0x00,0x04,0x00,0x1E,0x01,0xBA,0x04,0x00,0x1E,0x02,0x3E,0x00,0x00,0x00,0x05,
    0x00,0x00,0x00,0x0D,0x00,0x2D,0x42,0x5C,0x04,0x00,0x1E,0x02,0x7F,0x00,0x00,0x00,0x09,0x00,0x00,0x00,0x0D,0x00,0x1E,0x02,
    0x95,0x04,0x00,0x1E,0x02,0x7F,0x00,0x00,0x00,0x09,0x00,0x00,0x00,0x07,0x00,0x1E,0x00,0x54,0x04,0x00,0x1E,0x02,0x7F,0x00,
    0x00,0x00,0x09,0x00,0x00,0x00,0x07,0x00,0x1E,0x00,0x0A,0x04,0x00,0x1E,0x02,0x84,0x00,0x00,0x00,0x05,0x00,0x00,0x00,0x0D,
    0x00,0x2D,0x42,0x48,0x04,0x00,0x1E,0x02,0xDE,0x00,0x00,0x00,0x05,0x00,0x00,0x00,0x0D,0x00,0x2D,0x42,0x42,0x04,0x00,0x1E,
    0x02,0xEB,0x00,0x00,0x00,0x09,0x00,0x00,0x00,0x0D,0x00,0x2D,0x42,0x5E,0x01,0x00,0x00,0x0E,0x01,0x74,0x00,0x0E,0x00,0x03,
    0x05,0x00,0x15,0x00,0x0E,0x00,0x05,0x00,0x04,0x00,0x00,0x00,0x09,0x00,0x00,0x00,0x07,0x00,0x0E,0x01,0xA0,0x00,0x00,0x00,
    0x09,0x00,0x00,0x00,0x13,0x00,0x0E,0x01,0xB6,0x00,0x00,0x00,0x09,0x00,0x00,0x00,0x07,0x00,0x0E,0x00,0x07,0x00,0x00,0x00,
    0x09,0x00,0x00,0x00,0x01,0x00,0x0E,0x01,0x9D,0x00,0x00,0x00,0x17,0x00,0x00,0x00,0x02,0x49,0x6E,0x74,0x72,0x6F,0x20,0x46,
    0x69,0x67,0x68,0x74,0x20,0x53,0x74,0x61,0x72,0x74,0x00,0x01,0x05,0x00,0x15,0x00,0x0E,0x00,0x06,0x00,0x04,0x00,0x00,0x00,
    0x09,0x00,0x00,0x00,0x05,0x00,0x0E,0x00,0x07,0x00,0x00,0x00,0x09,0x00,0x00,0x00,0x05,0x00,0x0E,0x01,0xA0,0x00,0x00,0x00,
    0x09,0x00,0x00,0x00,0x04,0x00,0x0E,0x01,0x9C,0x00,0x00,0x00,0x09,0x00,0x00,0x00,0x0D,0x00,0x0E,0x01,0x9B,0x00,0x00,0x00,
    0x15,0x00,0x00,0x00,0x02,0x49,0x6E,0x74,0x72,0x6F,0x20,0x46,0x69,0x67,0x68,0x74,0x20,0x45,0x6E,0x64,0x00,0x01,0x05,0x00,
    0x15,0x00,0x0E,0x00,0x08,0x00,0x04,0x00,0x00,0x00,0x09,0x00,0x00,0x00,0x01,0x00,0x0E,0x01,0x04,0x00,0x00,0x00,0x09,0x00,
    0x00,0x00,0x07,0x00,0x0E,0x01,0x07,0x00,0x00,0x00,0x09,0x00,0x00,0x00,0x0D,0x00,0x0E,0x01,0x49,0x00,0x00,0x00,0x09,0x00,
    0x00,0x00,0x07,0x00,0x0E,0x00,0x0A,0x00,0x00,0x00,0x1E,0x00,0x00,0x00,0x02,0x41,0x66,0x74,0x65,0x72,0x20,0x44,0x65,0x61,
    0x74,0x68,0x20,0x43,0x69,0x6E,0x65,0x6D,0x61,0x20,0x53,0x74,0x61,0x72,0x74,0x00,0x01,0x05,0x00,0x15,0x00,0x0E,0x00,0x09,
    0x00,0x02,0x00,0x00,0x00,0x09,0x00,0x00,0x00,0x05,0x00,0x0E,0x01,0x07,0x00,0x00,0x00,0x09,0x00,0x00,0x00,0x05,0x00,0x0E,
    0x00,0x0A,0x00,0x00,0x00,0x1C,0x00,0x00,0x00,0x02,0x41,0x66,0x74,0x65,0x72,0x20,0x44,0x65,0x61,0x74,0x68,0x20,0x43,0x69,
    0x6E,0x65,0x6D,0x61,0x20,0x45,0x6E,0x64,0x00,0x01,0x05,0x00,0x3A,0x00,0x0E,0x29,0x82,0x00,0x04,0x00,0x00,0x00,0x09,0x00,
    0x00,0x00,0x0D,0x00,0x0E,0x01,0x80,0x00,0x00,0x00,0x09,0x00,0x00,0x00,0x05,0x00,0x0E,0x01,0x76,0x00,0x00,0x00,0x09,0x00,
    0x00,0x00,0x0F,0x00,0x0E,0x01,0x85,0x00,0x00,0x00,0x09,0x00,0x00,0x00,0x0F,0x00,0x0E,0x01,0x8E,0x00,0x00,0x00,0x69,0x00,
    0x00,0x00,0x0F,0x53,0x70,0x65,0x63,0x69,0x61,0x6C,0x46,0x75,0x6E,0x63,0x74,0x69,0x6F,0x6E,0x20,0x43,0x69,0x6E,0x65,0x6D,
    0x61,0x74,0x69,0x63,0x20,0x53,0x6B,0x69,0x70,0x00,0x00,0x00,0x00,0x00,0x00,0x00,0x00,0x00,0x00,0x00,0x00,0x00,0x00,0x00,
    0x00,0x00,0x00,0x00,0x00,0x00,0x00,0x00,0x00,0x00,0x00,0x00,0x00,0x0F,0x00,0x00,0x00,0x00,0x00,0x00,0x00,0x00,0x00,0x00,
    0x00,0x00,0x00,0xFF,0xFF,0xFF,0xFF,0xFF,0xFF,0xFF,0xFF,0x00,0x00,0x00,0x00,0x01,0x00,0x00,0x00,0x00,0xFF,0xFF,0xFF,0xFF,
    0xFF,0xFF,0xFF,0xFF,0xFF,0xFF,0xFF,0xFF,0x05,0x00,0x3A,0x00,0x0E,0x00,0x07,0x00,0x05,0x00,0x00,0x00,0x09,0x00,0x00,0x00,
    0x0D,0x00,0x0E,0x00,0x06,0x00,0x00,0x00,0x09,0x00,0x00,0x00,0x04,0x00,0x0E,0x01,0x9D,0x00,0x00,0x00,0x09,0x00,0x00,0x00,
    0x04,0x00,0x0E,0x01,0x9C,0x00,0x00,0x00,0x09,0x00,0x00,0x00,0x08,0x00,0x0E,0x00,0x8F,0x00,0x00,0x00,0x09,0x00,0x00,0x00,
    0x08,0x00,0x0E,0x00,0x61,0x00,0x00,0x00,0x69,0x00,0x00,0x00,0x0F,0x53,0x70,0x65,0x63,0x69,0x61,0x6C,0x46,0x75,0x6E,0x63,
    0x74,0x69,0x6F,0x6E,0x20,0x43,0x69,0x6E,0x65,0x6D,0x61,0x74,0x69,0x63,0x20,0x53,0x6B,0x69,0x70,0x00,0x00,0x00,0x00,0x00,
    0x00,0x00,0x00,0x00,0x00,0x00,0x00,0x00,0x00,0x00,0x00,0x00,0x00,0x00,0x00,0x00,0x00,0x00,0x00,0x00,0x00,0x00,0x00,0x0F,
    0x00,0x00,0x00,0x00,0x00,0x00,0x00,0x00,0x00,0x00,0x00,0x00,0x00,0xFF,0xFF,0xFF,0xFF,0xFF,0xFF,0xFF,0xFF,0x00,0x00,0x00,
    0x00,0x01,0x00,0x00,0x00,0x00,0xFF,0xFF,0xFF,0xFF,0xFF,0xFF,0xFF,0xFF,0xFF,0xFF,0xFF,0xFF,0x05,0x00,0x3A,0x00,0x0E,0x00,
    0x0A,0x00,0x02,0x00,0x00,0x00,0x09,0x00,0x00,0x00,0x0D,0x00,0x0E,0x00,0x09,0x00,0x00,0x00,0x09,0x00,0x00,0x00,0x04,0x00,
    0x0E,0x01,0x04,0x00,0x00,0x00,0x69,0x00,0x00,0x00,0x0F,0x53,0x70,0x65,0x63,0x69,0x61,0x6C,0x46,0x75,0x6E,0x63,0x74,0x69,
    0x6F,0x6E,0x20,0x43,0x69,0x6E,0x65,0x6D,0x61,0x74,0x69,0x63,0x20,0x53,0x6B,0x69,0x70,0x00,0x00,0x00,0x00,0x00,0x00,0x00,
    0x00,0x00,0x00,0x00,0x00,0x00,0x00,0x00,0x00,0x00,0x00,0x00,0x00,0x00,0x00,0x00,0x00,0x00,0x00,0x00,0x00,0x0F,0x00,0x00,
    0x00,0x00,0x00,0x00,0x00,0x00,0x00,0x00,0x00,0x00,0x00,0xFF,0xFF,0xFF,0xFF,0xFF,0xFF,0xFF,0xFF,0x00,0x00,0x00,0x00,0x01,
    0x00,0x00,0x00,0x00,0xFF,0xFF,0xFF,0xFF,0xFF,0xFF,0xFF,0xFF,0xFF,0xFF,0xFF,0xFF,0x03,0x00,0x0E,0x00,0xB3,0x00,0x00,0x00,
    0x09,0x00,0x00,0x00,0x07,0x00,0x0E,0x01,0x75,0x03,0x00,0x0E,0x00,0xB3,0x00,0x00,0x00,0x09,0x00,0x00,0x00,0x01,0x00,0x0E,
    0x01,0x71,0x03,0x00,0x0E,0x01,0x04,0x00,0x00,0x00,0x00,0x00,0x00,0x00,0x07,0x00,0x0E,0x01,0x07,0x03,0x00,0x0E,0x01,0x04,
    0x00,0x00,0x00,0x05,0x00,0x00,0x00,0x05,0x00,0x0E,0x01,0x07,0x03,0x00,0x0E,0x01,0x04,0x00,0x00,0x00,0x00,0x00,0x00,0x00,
    0x0D,0x00,0x0E,0x01,0x49,0x03,0x00,0x0E,0x01,0x6F,0x00,0x00,0x00,0x09,0x00,0x00,0x00,0x01,0x00,0x0E,0x01,0x04,0x03,0x00,
    0x0E,0x01,0x73,0x00,0x00,0x00,0x05,0x00,0x00,0x00,0x05,0x00,0x0E,0x01,0x75,0x03,0x00,0x0E,0x01,0x73,0x00,0x00,0x00,0x05,
    0x00,0x00,0x00,0x0D,0x00,0x0E,0x00,0xB2,0x03,0x00,0x0E,0x01,0x9D,0x00,0x00,0x00,0x00,0x00,0x00,0x00,0x07,0x00,0x0E,0x01,
    0xA0,0x03,0x00,0x0E,0x01,0x9D,0x00,0x00,0x00,0x05,0x00,0x00,0x00,0x05,0x00,0x0E,0x01,0xA0,0x03,0x00,0x0E,0x01,0x9D,0x00,
    0x00,0x00,0x05,0x00,0x00,0x00,0x04,0x00,0x0E,0x01,0x9C,0x03,0x00,0x0E,0x01,0x9D,0x00,0x00,0x00,0x05,0x00,0x00,0x00,0x0D,
    0x00,0x0E,0x01,0x9B,0x03,0x00,0x0E,0x01,0x9D,0x00,0x00,0x00,0x00,0x00,0x00,0x00,0x13,0x00,0x0E,0x01,0xB6,0x03,0x00,0x0E,
    0x01,0xAD,0x00,0x00,0x00,0x09,0x00,0x00,0x00,0x01,0x00,0x0E,0x01,0x9D,0x03,0x00,0x0E,0x00,0x03,0x00,0x00,0x00,0x09,0x00,
    0x00,0x00,0x0C,0x00,0x0E,0x00,0x55,0x03,0x00,0x0E,0x00,0x03,0x00,0x00,0x00,0x09,0x00,0x00,0x00,0x05,0x00,0x0E,0x01,0xF8,
    0x04,0x00,0x0E,0x00,0xB3,0x00,0x00,0x00,0x09,0x00,0x00,0x00,0x0D,0x00,0x0E,0x00,0x03,0x04,0x00,0x0E,0x01,0x04,0x00,0x00,
    0x00,0x05,0x00,0x00,0x00,0x0D,0x00,0x0E,0x00,0x09,0x04,0x00,0x0E,0x01,0x6F,0x00,0x00,0x00,0x09,0x00,0x00,0x00,0x0D,0x00,
    0x0E,0x00,0x08,0x04,0x00,0x0E,0x01,0x80,0x00,0x00,0x00,0x09,0x00,0x00,0x00,0x05,0x00,0x0E,0x29,0x82,0x04,0x00,0x0E,0x01,
    0x80,0x00,0x00,0x00,0x09,0x00,0x00,0x00,0x05,0x00,0x0E,0x01,0x75,0x04,0x00,0x0E,0x01,0x80,0x00,0x00,0x00,0x09,0x00,0x00,
    0x00,0x0D,0x00,0x0E,0x00,0xB2,0x04,0x00,0x0E,0x01,0x9D,0x00,0x00,0x00,0x05,0x00,0x00,0x00,0x0D,0x00,0x0E,0x00,0x06,0x04,
    0x00,0x0E,0x01,0xAD,0x00,0x00,0x00,0x09,0x00,0x00,0x00,0x0D,0x00,0x0E,0x00,0x05,0x04,0x00,0x0E,0x00,0x03,0x00,0x00,0x00,
    0x09,0x00,0x00,0x00,0x07,0x00,0x0E,0x01,0x75,0x04,0x00,0x0E,0x00,0x03,0x00,0x00,0x00,0x09,0x00,0x00,0x00,0x01,0x00,0x0E,
    0x01,0x71,0x04,0x00,0x0E,0x00,0x03,0x00,0x00,0x00,0x09,0x00,0x00,0x00,0x07,0x00,0x0E,0x29,0x82,0x05,0x00,0x15,0x00,0x36,
    0x70,0x9F,0x00,0x03,0x00,0x00,0x00,0x09,0x00,0x00,0x00,0x01,0x00,0x30,0x27,0xD7,0x00,0x00,0x00,0x09,0x00,0x00,0x00,0x07,
    0x00,0x3D,0x08,0xE6,0x00,0x00,0x00,0x09,0x00,0x00,0x00,0x07,0x00,0x30,0x27,0xBB,0x00,0x00,0x00,0x26,0x00,0x00,0x00,0x02,
    0x52,0x65,0x6C,0x61,0x79,0x2D,0x73,0x74,0x61,0x72,0x74,0x20,0x6F,0x66,0x20,0x66,0x69,0x67,0x68,0x74,0x20,0x64,0x6F,0x6E,
    0x65,0x20,0x63,0x69,0x6E,0x65,0x6D,0x61,0x00,0x01,0x05,0x00,0x15,0x00,0x37,0xD6,0x78,0x00,0x02,0x00,0x00,0x00,0x09,0x00,
    0x00,0x00,0x05,0x00,0x3D,0x08,0xE6,0x00,0x00,0x00,0x09,0x00,0x00,0x00,0x05,0x00,0x30,0x27,0xBB,0x00,0x00,0x00,0x24,0x00,
    0x00,0x00,0x02,0x52,0x65,0x6C,0x61,0x79,0x2D,0x65,0x6E,0x64,0x20,0x6F,0x66,0x20,0x66,0x69,0x67,0x68,0x74,0x20,0x64,0x6F,
    0x6E,0x65,0x20,0x63,0x69,0x6E,0x65,0x6D,0x61,0x00,0x01,0x05,0x00,0x3A,0x00,0x30,0x7A,0x19,0x00,0x07,0x00,0x00,0x00,0x09,
    0x00,0x00,0x00,0x0D,0x00,0x30,0x27,0xD3,0x00,0x00,0x00,0x09,0x00,0x00,0x00,0x0F,0x00,0x30,0x01,0x7B,0x00,0x00,0x00,0x09,
    0x00,0x00,0x00,0x0F,0x00,0x30,0x00,0x07,0x00,0x00,0x00,0x09,0x00,0x00,0x00,0x0B,0x00,0x34,0xCA,0xAA,0x00,0x00,0x00,0x09,
    0x00,0x00,0x00,0x01,0x00,0x30,0x00,0x04,0x00,0x00,0x00,0x09,0x00,0x00,0x00,0x01,0x00,0x30,0x00,0x0E,0x00,0x00,0x00,0x09,
    0x00,0x00,0x00,0x14,0x00,0x30,0x27,0x75,0x00,0x00,0x00,0x66,0x00,0x00,0x00,0x0F,0x69,0x44,0x72,0x6F,0x6E,0x65,0x20,0x49,
    0x6E,0x74,0x72,0x6F,0x20,0x43,0x69,0x6E,0x65,0x6D,0x61,0x74,0x69,0x63,0x20,0x53,0x6B,0x69,0x70,0x00,0x00,0x00,0x00,0x00,
    0x00,0x00,0x00,0x00,0x00,0x00,0x00,0x00,0x00,0x00,0x00,0x00,0x00,0x00,0x00,0x00,0x00,0x00,0x00,0x00,0x00,0x00,0x00,0x0F,
    0x00,0x00,0x00,0x00,0x00,0x00,0x00,0x00,0x00,0x00,0x00,0x00,0x00,0xFF,0xFF,0xFF,0xFF,0xFF,0xFF,0xFF,0xFF,0x00,0x00,0x00,
    0x00,0x01,0x00,0x00,0x00,0x00,0xFF,0xFF,0xFF,0xFF,0xFF,0xFF,0xFF,0xFF,0xFF,0xFF,0xFF,0xFF,0x05,0x00,0x3A,0x00,0x3D,0x08,
    0xE6,0x00,0x1F,0x00,0x00,0x00,0x09,0x00,0x00,0x00,0x0D,0x00,0x37,0xD6,0x78,0x00,0x00,0x00,0x09,0x00,0x00,0x00,0x04,0x00,
    0x30,0x27,0xD7,0x00,0x00,0x00,0x09,0x00,0x00,0x00,0x04,0x00,0x30,0x00,0x04,0x00,0x00,0x00,0x09,0x00,0x00,0x00,0x22,0x00,
    0x30,0x00,0x04,0x00,0x00,0x00,0x09,0x00,0x00,0x00,0x04,0x00,0x30,0x00,0x0E,0x00,0x00,0x00,0x09,0x00,0x00,0x00,0x22,0x00,
    0x30,0x00,0x0E,0x00,0x00,0x00,0x09,0x00,0x00,0x00,0x0F,0x00,0x30,0x00,0x57,0x00,0x00,0x00,0x09,0x00,0x00,0x00,0x0D,0x00,
    0x30,0x00,0x63,0x00,0x00,0x00,0x09,0x00,0x00,0x00,0x0F,0x00,0x30,0x27,0x32,0x00,0x00,0x00,0x09,0x00,0x00,0x00,0x0F,0x00,
    0x30,0x00,0x12,0x00,0x00,0x00,0x09,0x00,0x00,0x00,0x0F,0x00,0x30,0x00,0x25,0x00,0x00,0x00,0x09,0x00,0x00,0x00,0x04,0x00,
    0x30,0x00,0x9E,0x00,0x00,0x00,0x09,0x00,0x00,0x00,0x04,0x00,0x30,0x00,0x9F,0x00,0x00,0x00,0x09,0x00,0x00,0x00,0x04,0x00,
    0x30,0x00,0xA0,0x00,0x00,0x00,0x09,0x00,0x00,0x00,0x04,0x00,0x30,0x00,0xA1,0x00,0x00,0x00,0x09,0x00,0x00,0x00,0x04,0x00,
    0x30,0x00,0xA2,0x00,0x00,0x00,0x09,0x00,0x00,0x00,0x04,0x00,0x30,0x00,0xA3,0x00,0x00,0x00,0x09,0x00,0x00,0x00,0x04,0x00,
    0x30,0x00,0xA4,0x00,0x00,0x00,0x09,0x00,0x00,0x00,0x01,0x00,0x30,0x00,0xC3,0x00,0x00,0x00,0x09,0x00,0x00,0x00,0x01,0x00,
    0x30,0x00,0x02,0x00,0x00,0x00,0x09,0x00,0x00,0x00,0x01,0x00,0x30,0x00,0xA7,0x00,0x00,0x00,0x09,0x00,0x00,0x00,0x01,0x00,
    0x30,0x00,0xB4,0x00,0x00,0x00,0x09,0x00,0x00,0x00,0x01,0x00,0x30,0x00,0xC2,0x00,0x00,0x00,0x09,0x00,0x00,0x00,0x01,0x00,
    0x30,0x00,0xC4,0x00,0x00,0x00,0x09,0x00,0x00,0x00,0x01,0x00,0x30,0x00,0xC5,0x00,0x00,0x00,0x09,0x00,0x00,0x00,0x0F,0x00,
    0x30,0x00,0xC8,0x00,0x00,0x00,0x09,0x00,0x00,0x00,0x0F,0x00,0x30,0x00,0x34,0x00,0x00,0x00,0x09,0x00,0x00,0x00,0x0F,0x00,
    0x30,0x00,0x99,0x00,0x00,0x00,0x09,0x00,0x00,0x00,0x04,0x00,0x30,0x00,0x17,0x00,0x00,0x00,0x09,0x00,0x00,0x00,0x04,0x00,
    0x30,0x00,0x0F,0x00,0x00,0x00,0x09,0x00,0x00,0x00,0x0F,0x00,0x30,0x00,0xCC,0x00,0x00,0x00,0x66,0x00,0x00,0x00,0x0F,0x69,
    0x44,0x72,0x6F,0x6E,0x65,0x20,0x4F,0x75,0x74,0x72,0x6F,0x20,0x43,0x69,0x6E,0x65,0x6D,0x61,0x74,0x69,0x63,0x20,0x53,0x6B,
    0x69,0x70,0x00,0x00,0x00,0x00,0x00,0x00,0x00,0x00,0x00,0x00,0x00,0x00,0x00,0x00,0x00,0x00,0x00,0x00,0x00,0x00,0x00,0x00,
    0x00,0x00,0x00,0x00,0x00,0x00,0x0F,0x00,0x00,0x00,0x00,0x00,0x00,0x00,0x00,0x00,0x00,0x00,0x00,0x00,0xFF,0xFF,0xFF,0xFF,
    0xFF,0xFF,0xFF,0xFF,0x00,0x00,0x00,0x00,0x01,0x00,0x00,0x00,0x00,0xFF,0xFF,0xFF,0xFF,0xFF,0xFF,0xFF,0xFF,0xFF,0xFF,0xFF,
    0xFF,0x05,0x00,0x05,0x00,0x34,0xCA,0xAA,0x00,0x01,0x00,0x00,0x00,0x09,0x00,0x00,0x00,0x0D,0x00,0x30,0x00,0x40,0x00,0x00,
    0x00,0x2D,0x00,0x00,0x00,0x06,0x54,0x69,0x6D,0x65,0x72,0x20,0x53,0x6B,0x69,0x70,0x70,0x65,0x64,0x20,0x49,0x6E,0x74,0x72,
    0x6F,0x20,0x45,0x6E,0x63,0x6F,0x75,0x6E,0x74,0x65,0x72,0x00,0x40,0x90,0x00,0x00,0x00,0x00,0x00,0x00,0x00,0x00,0x01,0x02,
    0x00,0x30,0x00,0x18,0x00,0x00,0x00,0x01,0x00,0x01,0x00,0x03,0x7A,0xE1,0x48,0x03,0x00,0x30,0x00,0x58,0x00,0x00,0x00,0x09,
    0x00,0x00,0x00,0x01,0x00,0x30,0x27,0xD7,0x03,0x00,0x30,0x27,0xCE,0x00,0x00,0x00,0x00,0x00,0x00,0x00,0x01,0x00,0x30,0x28,
    0xB1,0x03,0x00,0x30,0x27,0xCE,0x00,0x00,0x00,0x05,0x00,0x00,0x00,0x04,0x00,0x30,0x28,0xB1,0x03,0x00,0x30,0x27,0xD7,0x00,
    0x00,0x00,0x00,0x00,0x00,0x00,0x07,0x00,0x30,0x27,0xBB,0x03,0x00,0x30,0x27,0xD7,0x00,0x00,0x00,0x05,0x00,0x00,0x00,0x05,
    0x00,0x30,0x27,0xBB,0x04,0x00,0x30,0x00,0x58,0x00,0x00,0x00,0x09,0x00,0x00,0x00,0x0D,0x00,0x36,0x70,0x9F,0x04,0x00,0x30,
    0x00,0x63,0x00,0x00,0x00,0x09,0x00,0x00,0x00,0x04,0x00,0x30,0x00,0x63,0x04,0x00,0x30,0x27,0xD2,0x00,0x00,0x00,0x09,0x00,
    0x00,0x00,0x07,0x00,0x30,0x7A,0x19,0x04,0x00,0x30,0x27,0xD2,0x00,0x00,0x00,0x09,0x00,0x00,0x00,0x01,0x00,0x30,0x28,0xB1,
    0x04,0x00,0x30,0x27,0xD3,0x00,0x00,0x00,0x09,0x00,0x00,0x00,0x05,0x00,0x30,0x7A,0x19,0x04,0x00,0x30,0x27,0xD3,0x00,0x00,
    0x00,0x09,0x00,0x00,0x00,0x04,0x00,0x30,0x28,0xB1,0x04,0x00,0x30,0x27,0xD7,0x00,0x00,0x00,0x05,0x00,0x00,0x00,0x0D,0x00,
    0x37,0xD6,0x78,0x06,0x00,0x23,0x00,0x95,0x06,0x00,0x23,0x00,0x96,0x06,0x00,0x23,0x00,0x97,0x06,0x00,0x23,0x00,0x98,0x06,
    0x00,0x23,0x00,0x99,0x06,0x00,0x23,0x00,0x9A,0x06,0x00,0x23,0x00,0x9B,0x06,0x00,0x23,0x00,0x9C,0x06,0x00,0x23,0x00,0x9E,
    0x06,0x00,0x23,0x00,0x9F,0x06,0x00,0x23,0x00,0xA0,0x06,0x00,0x23,0x00,0xA1,0x06,0x00,0x23,0x00,0xA2,0x06,0x00,0x23,0x00,
    0xA3,0x06,0x00,0x23,0x00,0xA4,0x06,0x00,0x23,0x00,0xA5,0x06,0x00,0x23,0x00,0xA6,0x05,0x00,0x0F,0x00,0x54,0xC5,0x63,0x00,
    0x00,0x00,0x00,0x00,0x99,0x00,0x00,0x00,0x23,0x4D,0x6F,0x72,0x70,0x68,0x00,0x00,0x00,0x00,0x00,0x00,0x00,0x00,0x00,0x00,
    0x00,0x00,0x00,0x00,0x00,0x00,0x00,0x00,0x00,0x00,0x00,0x00,0x00,0x00,0x00,0x00,0x00,0x00,0x00,0x00,0x00,0x00,0x00,0x00,
    0x00,0x00,0x00,0x00,0x00,0x00,0x00,0x00,0x00,0x00,0x00,0x00,0x00,0x00,0x00,0x00,0x00,0x00,0x00,0x00,0x00,0x00,0x00,0x00,
    0x00,0x00,0x00,0x00,0x00,0x00,0x00,0x00,0x00,0x00,0x00,0x00,0x00,0x00,0x00,0x00,0x00,0x00,0x00,0x00,0x00,0x00,0x00,0x00,
    0x00,0x00,0x00,0x00,0x00,0x00,0x00,0x00,0x00,0x00,0x00,0x00,0x00,0x00,0x00,0x00,0x00,0x00,0x00,0x00,0x00,0x00,0x00,0x00,
    0x00,0x00,0x00,0x00,0x00,0x00,0x00,0x00,0x00,0x00,0x00,0x00,0x00,0x00,0x00,0x00,0x00,0x00,0x00,0x00,0x00,0x00,0x00,0x00,
    0x00,0x00,0x00,0x00,0x00,0x00,0x00,0x00,0x00,0x00,0x00,0x00,0x01,0x01,0x05,0x00,0x3A,0x00,0x00,0x00,0x01,0x00,0x07,0x00,
    0x00,0x00,0x09,0x00,0x00,0x00,0x01,0x00,0x0A,0x2C,0x2A,0x00,0x00,0x00,0x09,0x00,0x00,0x00,0x07,0x00,0x00,0xA4,0x55,0x00,
    0x00,0x00,0x09,0x00,0x00,0x00,0x08,0x00,0x00,0x00,0x33,0x00,0x00,0x00,0x09,0x00,0x00,0x00,0x04,0x00,0x00,0x00,0x23,0x00,
    0x00,0x00,0x09,0x00,0x00,0x00,0x04,0x00,0x00,0x00,0x27,0x00,0x00,0x00,0x09,0x00,0x00,0x00,0x04,0x00,0x00,0x00,0x2C,0x00,
    0x00,0x00,0x09,0x00,0x00,0x00,0x04,0x00,0x00,0x00,0x61,0x00,0x00,0x00,0x61,0x00,0x00,0x00,0x0F,0x41,0x72,0x72,0x69,0x76,
    0x61,0x6C,0x20,0x43,0x69,0x6E,0x65,0x6D,0x61,0x74,0x69,0x63,0x20,0x53,0x6B,0x69,0x70,0x00,0x00,0x00,0x00,0x00,0x00,0x00,
    0x00,0x00,0x00,0x00,0x00,0x00,0x00,0x00,0x00,0x00,0x00,0x00,0x00,0x00,0x00,0x00,0x00,0x00,0x00,0x00,0x00,0x0F,0x00,0x00,
    0x00,0x00,0x00,0x00,0x00,0x00,0x00,0x00,0x00,0x00,0x00,0xFF,0xFF,0xFF,0xFF,0xFF,0xFF,0xFF,0xFF,0x00,0x00,0x00,0x00,0x01,
    0x00,0x00,0x00,0x00,0xFF,0xFF,0xFF,0xFF,0xFF,0xFF,0xFF,0xFF,0xFF,0xFF,0xFF,0xFF,0x05,0x00,0x3A,0x00,0x00,0x00,0x52,0x00,
    0x04,0x00,0x00,0x00,0x09,0x00,0x00,0x00,0x0B,0x00,0x18,0x00,0x55,0x00,0x00,0x00,0x09,0x00,0x00,0x00,0x14,0x00,0x00,0x00,
    0x1C,0x00,0x00,0x00,0x09,0x00,0x00,0x00,0x01,0x00,0x00,0x00,0x18,0x00,0x00,0x00,0x09,0x00,0x00,0x00,0x07,0x00,0x00,0xA4,
    0x55,0x00,0x00,0x00,0x63,0x00,0x00,0x00,0x0F,0x44,0x65,0x70,0x61,0x72,0x74,0x75,0x72,0x65,0x20,0x43,0x69,0x6E,0x65,0x6D,
    0x61,0x74,0x69,0x63,0x20,0x53,0x6B,0x69,0x70,0x00,0x00,0x00,0x00,0x00,0x00,0x00,0x00,0x00,0x00,0x00,0x00,0x00,0x00,0x00,
    0x00,0x00,0x00,0x00,0x00,0x00,0x00,0x00,0x00,0x00,0x00,0x00,0x00,0x0F,0x00,0x00,0x00,0x00,0x00,0x00,0x00,0x00,0x00,0x00,
    0x00,0x00,0x00,0xFF,0xFF,0xFF,0xFF,0xFF,0xFF,0xFF,0xFF,0x00,0x00,0x00,0x00,0x01,0x00,0x00,0x00,0x00,0xFF,0xFF,0xFF,0xFF,
    0xFF,0xFF,0xFF,0xFF,0xFF,0xFF,0xFF,0xFF,0x05,0x00,0x0C,0x00,0x0A,0x2C,0x2A,0x00,0x03,0x00,0x00,0x00,0x00,0x00,0x00,0x00,
    0x0D,0x00,0x54,0xC5,0x63,0x00,0x00,0x00,0x05,0x00,0x00,0x00,0x0D,0x00,0x00,0x00,0x21,0x00,0x00,0x00,0x05,0x00,0x00,0x00,
    0x05,0x00,0x00,0xA4,0x55,0x00,0x00,0x00,0x33,0x00,0x00,0x00,0x0F,0x48,0x6F,0x6C,0x64,0x00,0x00,0x00,0x00,0x00,0x00,0x00,
    0x00,0x00,0x00,0x00,0x00,0x00,0x00,0x00,0x00,0x00,0x00,0x00,0x00,0x00,0x00,0x00,0x00,0x00,0x00,0x40,0xE0,0x00,0x00,0x00,
    0x00,0x00,0x00,0x01,0x00,0x00,0x42,0x8C,0x00,0x00,0x01,0x00,0x05,0x00,0x18,0x00,0x00,0xA4,0x55,0x00,0x00,0x00,0x00,0x00,
    0x3C,0x00,0x00,0x00,0x0A,0x48,0x6F,0x6C,0x64,0x20,0x42,0x6C,0x61,0x63,0x6B,0x00,0x01,0x00,0x00,0x00,0x01,0x00,0x00,0x00,
    0x00,0x00,0x00,0x00,0x02,0x00,0x00,0x00,0x00,0x00,0x00,0x00,0x00,0x00,0x00,0x00,0x00,0x00,0x00,0x00,0x00,0x3F,0x80,0x00,
    0x00,0x00,0x00,0x00,0x00,0x3F,0x00,0x00,0x00,0xFF,0xFF,0xFF,0xFF,0x05,0x00,0x05,0x00,0x18,0x00,0x55,0x00,0x01,0x00,0x00,
    0x00,0x09,0x00,0x00,0x00,0x08,0x00,0x00,0x00,0x0F,0x00,0x00,0x00,0x2B,0x00,0x00,0x00,0x06,0x43,0x75,0x74,0x73,0x63,0x65,
    0x6E,0x65,0x20,0x53,0x6B,0x69,0x70,0x20,0x32,0x20,0x46,0x72,0x61,0x6D,0x65,0x20,0x44,0x65,0x6C,0x61,0x79,0x00,0x3C,0xA3,
    0xD7,0x0A,0x00,0x00,0x00,0x00,0x00,0x00,0x01,0x05,0x00,0x05,0x00,0x0A,0x2B,0xBB,0x00,0x01,0x00,0x00,0x00,0x09,0x00,0x00,
    0x00,0x04,0x00,0x0A,0x2C,0x2A,0x00,0x00,0x00,0x1A,0x00,0x00,0x00,0x06,0x4C,0x6F,0x61,0x64,0x20,0x54,0x69,0x6D,0x65,0x72,
    0x00,0x3A,0x83,0x12,0x6F,0x00,0x00,0x00,0x00,0x01,0x01,0x00,0x03,0x00,0x00,0x00,0x23,0x00,0x00,0x00,0x00,0x00,0x00,0x00,
    0x07,0x00,0x00,0x00,0x3A,0x03,0x00,0x00,0x00,0x23,0x00,0x00,0x00,0x00,0x00,0x00,0x00,0x01,0x00,0x00,0x00,0x22,0x03,0x00,
    0x00,0x00,0x2C,0x00,0x00,0x00,0x05,0x00,0x00,0x00,0x0D,0x00,0x00,0x00,0x44,0x03,0x00,0x00,0x00,0x2C,0x00,0x00,0x00,0x05,
    0x00,0x00,0x00,0x05,0x00,0x00,0x00,0x3A,0x03,0x00,0x00,0x00,0x2C,0x00,0x00,0x00,0x05,0x00,0x00,0x00,0x04,0x00,0x00,0x00,
    0x22,0x03,0x00,0x00,0x00,0x2C,0x00,0x00,0x00,0x05,0x00,0x00,0x00,0x0D,0x00,0x00,0x00,0x37,0x04,0x00,0x00,0x00,0x03,0x00,
    0x00,0x00,0x07,0x00,0x00,0x00,0x01,0x00,0x0A,0x2B,0xBB,0x04,0x00,0x00,0x00,0x12,0x00,0x00,0x00,0x09,0x00,0x00,0x00,0x07,
    0x00,0x00,0x00,0x52,0x04,0x00,0x00,0x00,0x14,0x00,0x00,0x00,0x09,0x00,0x00,0x00,0x05,0x00,0x00,0x00,0x52,0x04,0x00,0x00,
    0x00,0x20,0x00,0x00,0x00,0x09,0x00,0x00,0x00,0x07,0x00,0x00,0x00,0x01,0x04,0x00,0x00,0x00,0x20,0x00,0x00,0x00,0x09,0x00,
    0x00,0x00,0x07,0x00,0x00,0x00,0x3A,0x04,0x00,0x00,0x00,0x20,0x00,0x00,0x00,0x09,0x00,0x00,0x00,0x01,0x00,0x00,0x00,0x22,
    0x04,0x00,0x00,0x00,0x21,0x00,0x00,0x00,0x09,0x00,0x00,0x00,0x05,0x00,0x00,0x00,0x01,0x04,0x00,0x00,0x00,0x21,0x00,0x00,
    0x00,0x09,0x00,0x00,0x00,0x04,0x00,0x00,0x00,0x22,0x04,0x00,0x00,0x00,0x21,0x00,0x00,0x00,0x09,0x00,0x00,0x00,0x05,0x00,
    0x00,0x00,0x3A,0x04,0x00,0x00,0x00,0x21,0x00,0x00,0x00,0x09,0x00,0x00,0x00,0x0D,0x00,0x00,0x00,0x44,0x04,0x00,0x00,0x00,
    0x21,0x00,0x00,0x00,0x09,0x00,0x00,0x00,0x0D,0x00,0x00,0x00,0x37,0x04,0x00,0x00,0x00,0x2C,0x00,0x00,0x00,0x05,0x00,0x00,
    0x00,0x0D,0x00,0x00,0x00,0x21,0x06,0x00,0x00,0x00,0x3F,0x05,0x00,0x15,0x00,0x29,0x00,0x02,0x00,0x03,0x00,0x00,0x00,0x09,
    0x00,0x00,0x00,0x07,0x00,0x29,0x00,0x11,0x00,0x00,0x00,0x09,0x00,0x00,0x00,0x07,0x00,0x29,0x00,0x49,0x00,0x00,0x00,0x09,
    0x00,0x00,0x00,0x01,0x00,0x29,0x00,0x48,0x00,0x00,0x00,0x1A,0x00,0x00,0x00,0x02,0x53,0x74,0x61,0x72,0x74,0x20,0x47,0x61,
    0x74,0x65,0x20,0x43,0x69,0x6E,0x65,0x6D,0x61,0x74,0x69,0x63,0x00,0x01,0x05,0x00,0x15,0x00,0x29,0x00,0x0C,0x00,0x02,0x00,
    0x00,0x00,0x09,0x00,0x00,0x00,0x05,0x00,0x29,0x00,0x11,0x00,0x00,0x00,0x09,0x00,0x00,0x00,0x05,0x00,0x29,0x00,0x49,0x00,
    0x00,0x00,0x18,0x00,0x00,0x00,0x02,0x45,0x6E,0x64,0x20,0x47,0x61,0x74,0x65,0x20,0x43,0x69,0x6E,0x65,0x6D,0x61,0x74,0x69,
    0x63,0x00,0x01,0x05,0x00,0x15,0x00,0x29,0x00,0x12,0x00,0x04,0x00,0x00,0x00,0x09,0x00,0x00,0x00,0x07,0x00,0x29,0x00,0x19,
    0x00,0x00,0x00,0x09,0x00,0x00,0x00,0x07,0x00,0x29,0x2A,0xDF,0x00,0x00,0x00,0x09,0x00,0x00,0x00,0x0E,0x00,0x29,0x2A,0x4D,
    0x00,0x00,0x00,0x09,0x00,0x00,0x00,0x01,0x00,0x29,0x27,0xFE,0x00,0x00,0x00,0x21,0x00,0x00,0x00,0x02,0x45,0x79,0x6F,0x6E,
    0x20,0x52,0x65,0x76,0x65,0x61,0x6C,0x20,0x43,0x69,0x6E,0x65,0x6D,0x61,0x74,0x69,0x63,0x20,0x53,0x74,0x61,0x72,0x74,0x00,
    0x01,0x05,0x00,0x15,0x00,0x29,0x00,0x16,0x00,0x02,0x00,0x00,0x00,0x09,0x00,0x00,0x00,0x05,0x00,0x29,0x00,0x19,0x00,0x00,
    0x00,0x09,0x00,0x00,0x00,0x05,0x00,0x29,0x2A,0xDF,0x00,0x00,0x00,0x1F,0x00,0x00,0x00,0x02,0x45,0x79,0x6F,0x6E,0x20,0x52,
    0x65,0x76,0x65,0x61,0x6C,0x20,0x43,0x69,0x6E,0x65,0x6D,0x61,0x74,0x69,0x63,0x20,0x45,0x6E,0x64,0x00,0x01,0x05,0x00,0x3A,
    0x00,0x29,0x00,0x11,0x00,0x03,0x00,0x00,0x00,0x09,0x00,0x00,0x00,0x0D,0x00,0x29,0x00,0x0C,0x00,0x00,0x00,0x09,0x00,0x00,
    0x00,0x04,0x00,0x29,0x00,0x48,0x00,0x00,0x00,0x09,0x00,0x00,0x00,0x13,0x00,0x29,0x00,0x28,0x00,0x00,0x00,0x65,0x00,0x00,
    0x00,0x0F,0x47,0x61,0x74,0x65,0x20,0x55,0x6E,0x6C,0x6F,0x63,0x6B,0x20,0x43,0x69,0x6E,0x65,0x6D,0x61,0x74,0x69,0x63,0x20,
    0x53,0x6B,0x69,0x70,0x00,0x00,0x00,0x00,0x00,0x00,0x00,0x00,0x00,0x00,0x00,0x00,0x00,0x00,0x00,0x00,0x00,0x00,0x00,0x00,
    0x00,0x00,0x00,0x00,0x00,0x00,0x00,0x00,0x0F,0x00,0x00,0x00,0x00,0x00,0x00,0x00,0x00,0x00,0x00,0x00,0x00,0x00,0xFF,0xFF,
    0xFF,0xFF,0xFF,0xFF,0xFF,0xFF,0x00,0x00,0x00,0x00,0x01,0x00,0x00,0x00,0x00,0xFF,0xFF,0xFF,0xFF,0xFF,0xFF,0xFF,0xFF,0xFF,
    0xFF,0xFF,0xFF,0x05,0x00,0x3A,0x00,0x29,0x00,0x19,0x00,0x05,0x00,0x00,0x00,0x09,0x00,0x00,0x00,0x04,0x00,0x29,0x27,0xFE,
    0x00,0x00,0x00,0x09,0x00,0x00,0x00,0x05,0x00,0x29,0x2A,0xDF,0x00,0x00,0x00,0x09,0x00,0x00,0x00,0x0D,0x00,0x29,0x27,0x86,
    0x00,0x00,0x00,0x09,0x00,0x00,0x00,0x10,0x00,0x29,0x28,0x0A,0x00,0x00,0x00,0x09,0x00,0x00,0x00,0x0D,0x00,0x29,0x2A,0x82,
    0x00,0x00,0x00,0x65,0x00,0x00,0x00,0x0F,0x45,0x79,0x6F,0x6E,0x20,0x52,0x65,0x76,0x65,0x61,0x6C,0x20,0x43,0x69,0x6E,0x65,
    0x6D,0x61,0x74,0x69,0x63,0x20,0x53,0x6B,0x69,0x70,0x00,0x00,0x00,0x00,0x00,0x00,0x00,0x00,0x00,0x00,0x00,0x00,0x00,0x00,
    0x00,0x00,0x00,0x00,0x00,0x00,0x00,0x00,0x00,0x00,0x00,0x00,0x00,0x00,0x0F,0x00,0x00,0x00,0x00,0x00,0x00,0x00,0x00,0x00,
    0x00,0x00,0x00,0x00,0xFF,0xFF,0xFF,0xFF,0xFF,0xFF,0xFF,0xFF,0x00,0x00,0x00,0x00,0x01,0x00,0x00,0x00,0x00,0xFF,0xFF,0xFF,
    0xFF,0xFF,0xFF,0xFF,0xFF,0xFF,0xFF,0xFF,0xFF,0x05,0x00,0x1D,0x00,0x29,0x00,0x28,0x00,0x01,0x00,0x00,0x00,0x12,0x00,0x00,
    0x00,0x14,0x00,0x29,0x27,0x6F,0x00,0x00,0x00,0x2C,0x00,0x00,0x00,0x07,0x53,0x6E,0x61,0x70,0x20,0x74,0x6F,0x20,0x6F,0x70,
    0x65,0x6E,0x20,0x70,0x6F,0x73,0x69,0x74,0x69,0x6F,0x6E,0x00,0x00,0x00,0x00,0x02,0x00,0x00,0x00,0x00,0x00,0x01,0x00,0x00,
    0x00,0x00,0x42,0x48,0x00,0x00,0x03,0x00,0x29,0x00,0x47,0x00,0x00,0x00,0x09,0x00,0x00,0x00,0x01,0x00,0x29,0x00,0x48,0x03,
    0x00,0x29,0x00,0x48,0x00,0x00,0x00,0x00,0x00,0x00,0x00,0x07,0x00,0x29,0x00,0x49,0x03,0x00,0x29,0x00,0x48,0x00,0x00,0x00,
    0x05,0x00,0x00,0x00,0x05,0x00,0x29,0x00,0x49,0x03,0x00,0x29,0x27,0xFD,0x00,0x00,0x00,0x09,0x00,0x00,0x00,0x01,0x00,0x29,
    0x27,0xFE,0x03,0x00,0x29,0x27,0xFE,0x00,0x00,0x00,0x00,0x00,0x00,0x00,0x0E,0x00,0x29,0x2A,0x4D,0x03,0x00,0x29,0x27,0xFE,
    0x00,0x00,0x00,0x00,0x00,0x00,0x00,0x07,0x00,0x29,0x2A,0xDF,0x03,0x00,0x29,0x27,0xFE,0x00,0x00,0x00,0x05,0x00,0x00,0x00,
    0x05,0x00,0x29,0x2A,0xDF,0x04,0x00,0x29,0x00,0x47,0x00,0x00,0x00,0x09,0x00,0x00,0x00,0x0D,0x00,0x29,0x00,0x02,0x04,0x00,
    0x29,0x00,0x48,0x00,0x00,0x00,0x05,0x00,0x00,0x00,0x0D,0x00,0x29,0x00,0x0C,0x04,0x00,0x29,0x27,0xFD,0x00,0x00,0x00,0x09,
    0x00,0x00,0x00,0x0D,0x00,0x29,0x00,0x12,0x04,0x00,0x29,0x27,0xFE,0x00,0x00,0x00,0x05,0x00,0x00,0x00,0x0D,0x00,0x29,0x00,
    0x16,0x05,0x00,0x0F,0x00,0x54,0xC5,0x63,0x00,0x00,0x00,0x00,0x00,0x99,0x00,0x00,0x00,0x23,0x4D,0x6F,0x72,0x70,0x68,0x00,
    0x00,0x00,0x00,0x00,0x00,0x00,0x00,0x00,0x00,0x00,0x00,0x00,0x00,0x00,0x00,0x00,0x00,0x00,0x00,0x00,0x00,0x00,0x00,0x00,
    0x00,0x00,0x00,0x00,0x00,0x00,0x00,0x00,0x00,0x00,0x00,0x00,0x00,0x00,0x00,0x00,0x00,0x00,0x00,0x00,0x00,0x00,0x00,0x00,
    0x00,0x00,0x00,0x00,0x00,0x00,0x00,0x00,0x00,0x00,0x00,0x00,0x00,0x00,0x00,0x00,0x00,0x00,0x00,0x00,0x00,0x00,0x00,0x00,
    0x00,0x00,0x00,0x00,0x00,0x00,0x00,0x00,0x00,0x00,0x00,0x00,0x00,0x00,0x00,0x00,0x00,0x00,0x00,0x00,0x00,0x00,0x00,0x00,
    0x00,0x00,0x00,0x00,0x00,0x00,0x00,0x00,0x00,0x00,0x00,0x00,0x00,0x00,0x00,0x00,0x00,0x00,0x00,0x00,0x00,0x00,0x00,0x00,
    0x00,0x00,0x00,0x00,0x00,0x00,0x00,0x00,0x00,0x00,0x00,0x00,0x00,0x00,0x00,0x00,0x00,0x00,0x00,0x00,0x00,0x01,0x01,0x05,
    0x00,0x3A,0x00,0x10,0x00,0x11,0x00,0x07,0x00,0x00,0x00,0x09,0x00,0x00,0x00,0x01,0x00,0x0A,0x2C,0x2A,0x00,0x00,0x00,0x09,
    0x00,0x00,0x00,0x07,0x00,0x00,0xA4,0x55,0x00,0x00,0x00,0x09,0x00,0x00,0x00,0x08,0x00,0x10,0x00,0x37,0x00,0x00,0x00,0x09,
    0x00,0x00,0x00,0x04,0x00,0x10,0x00,0x27,0x00,0x00,0x00,0x09,0x00,0x00,0x00,0x04,0x00,0x10,0x00,0x2B,0x00,0x00,0x00,0x09,
    0x00,0x00,0x00,0x04,0x00,0x10,0x00,0x30,0x00,0x00,0x00,0x09,0x00,0x00,0x00,0x04,0x00,0x10,0x00,0x5F,0x00,0x00,0x00,0x61,
    0x00,0x00,0x00,0x0F,0x41,0x72,0x72,0x69,0x76,0x61,0x6C,0x20,0x43,0x69,0x6E,0x65,0x6D,0x61,0x74,0x69,0x63,0x20,0x53,0x6B,
    0x69,0x70,0x00,0x00,0x00,0x00,0x00,0x00,0x00,0x00,0x00,0x00,0x00,0x00,0x00,0x00,0x00,0x00,0x00,0x00,0x00,0x00,0x00,0x00,
    0x00,0x00,0x00,0x00,0x00,0x00,0x0F,0x00,0x00,0x00,0x00,0x00,0x00,0x00,0x00,0x00,0x00,0x00,0x00,0x00,0xFF,0xFF,0xFF,0xFF,
    0xFF,0xFF,0xFF,0xFF,0x00,0x00,0x00,0x00,0x01,0x00,0x00,0x00,0x00,0xFF,0xFF,0xFF,0xFF,0xFF,0xFF,0xFF,0xFF,0xFF,0xFF,0xFF,
    0xFF,0x05,0x00,0x3A,0x00,0x10,0x00,0x53,0x00,0x05,0x00,0x00,0x00,0x09,0x00,0x00,0x00,0x0B,0x00,0x18,0x00,0x55,0x00,0x00,
    0x00,0x09,0x00,0x00,0x00,0x0D,0x00,0x10,0x00,0x18,0x00,0x00,0x00,0x09,0x00,0x00,0x00,0x14,0x00,0x10,0x00,0x20,0x00,0x00,
    0x00,0x09,0x00,0x00,0x00,0x01,0x00,0x10,0x00,0x1C,0x00,0x00,0x00,0x09,0x00,0x00,0x00,0x07,0x00,0x00,0xA4,0x55,0x00,0x00,
    0x00,0x63,0x00,0x00,0x00,0x0F,0x44,0x65,0x70,0x61,0x72,0x74,0x75,0x72,0x65,0x20,0x43,0x69,0x6E,0x65,0x6D,0x61,0x74,0x69,
    0x63,0x20,0x53,0x6B,0x69,0x70,0x00,0x00,0x00,0x00,0x00,0x00,0x00,0x00,0x00,0x00,0x00,0x00,0x00,0x00,0x00,0x00,0x00,0x00,
    0x00,0x00,0x00,0x00,0x00,0x00,0x00,0x00,0x00,0x00,0x0F,0x00,0x00,0x00,0x00,0x00,0x00,0x00,0x00,0x00,0x00,0x00,0x00,0x00,
    0xFF,0xFF,0xFF,0xFF,0xFF,0xFF,0xFF,0xFF,0x00,0x00,0x00,0x00,0x01,0x00,0x00,0x00,0x00,0xFF,0xFF,0xFF,0xFF,0xFF,0xFF,0xFF,
    0xFF,0xFF,0xFF,0xFF,0xFF,0x05,0x00,0x0C,0x00,0x0A,0x2C,0x2A,0x00,0x03,0x00,0x00,0x00,0x00,0x00,0x00,0x00,0x0D,0x00,0x54,
    0xC5,0x63,0x00,0x00,0x00,0x05,0x00,0x00,0x00,0x05,0x00,0x00,0xA4,0x55,0x00,0x00,0x00,0x05,0x00,0x00,0x00,0x0D,0x00,0x10,
    0x00,0x25,0x00,0x00,0x00,0x33,0x00,0x00,0x00,0x0F,0x48,0x6F,0x6C,0x64,0x00,0x00,0x00,0x00,0x00,0x00,0x00,0x00,0x00,0x00,
    0x00,0x00,0x00,0x00,0x00,0x00,0x00,0x00,0x00,0x00,0x00,0x00,0x00,0x00,0x00,0x00,0x40,0xE0,0x00,0x00,0x00,0x00,0x00,0x00,
    0x01,0x00,0x00,0x42,0x8C,0x00,0x00,0x01,0x00,0x05,0x00,0x18,0x00,0x00,0xA4,0x55,0x00,0x00,0x00,0x00,0x00,0x3C,0x00,0x00,
    0x00,0x0A,0x48,0x6F,0x6C,0x64,0x20,0x42,0x6C,0x61,0x63,0x6B,0x00,0x01,0x00,0x00,0x00,0x01,0x00,0x00,0x00,0x00,0x00,0x00,
    0x00,0x02,0x00,0x00,0x00,0x00,0x00,0x00,0x00,0x00,0x00,0x00,0x00,0x00,0x00,0x00,0x00,0x00,0x3F,0x80,0x00,0x00,0x00,0x00,
    0x00,0x00,0x3F,0x00,0x00,0x00,0xFF,0xFF,0xFF,0xFF,0x05,0x00,0x05,0x00,0x18,0x00,0x55,0x00,0x01,0x00,0x00,0x00,0x09,0x00,
    0x00,0x00,0x08,0x00,0x10,0x00,0x13,0x00,0x00,0x00,0x2B,0x00,0x00,0x00,0x06,0x43,0x75,0x74,0x73,0x63,0x65,0x6E,0x65,0x20,
    0x53,0x6B,0x69,0x70,0x20,0x32,0x20,0x46,0x72,0x61,0x6D,0x65,0x20,0x44,0x65,0x6C,0x61,0x79,0x00,0x3C,0xA3,0xD7,0x0A,0x00,
    0x00,0x00,0x00,0x00,0x00,0x01,0x05,0x00,0x05,0x00,0x0A,0x2B,0xBB,0x00,0x01,0x00,0x00,0x00,0x09,0x00,0x00,0x00,0x04,0x00,
    0x0A,0x2C,0x2A,0x00,0x00,0x00,0x1A,0x00,0x00,0x00,0x06,0x4C,0x6F,0x61,0x64,0x20,0x54,0x69,0x6D,0x65,0x72,0x00,0x3A,0x83,
    0x12,0x6F,0x00,0x00,0x00,0x00,0x01,0x01,0x00,0x03,0x00,0x10,0x00,0x27,0x00,0x00,0x00,0x00,0x00,0x00,0x00,0x07,0x00,0x10,
    0x00,0x3E,0x03,0x00,0x10,0x00,0x27,0x00,0x00,0x00,0x00,0x00,0x00,0x00,0x01,0x00,0x10,0x00,0x26,0x03,0x00,0x10,0x00,0x30,
    0x00,0x00,0x00,0x05,0x00,0x00,0x00,0x0D,0x00,0x10,0x00,0x47,0x03,0x00,0x10,0x00,0x30,0x00,0x00,0x00,0x05,0x00,0x00,0x00,
    0x05,0x00,0x10,0x00,0x3E,0x03,0x00,0x10,0x00,0x30,0x00,0x00,0x00,0x05,0x00,0x00,0x00,0x04,0x00,0x10,0x00,0x26,0x03,0x00,
    0x10,0x00,0x30,0x00,0x00,0x00,0x05,0x00,0x00,0x00,0x0D,0x00,0x10,0x00,0x3B,0x04,0x00,0x10,0x00,0x02,0x00,0x00,0x00,0x07,
    0x00,0x00,0x00,0x01,0x00,0x0A,0x2B,0xBB,0x04,0x00,0x10,0x00,0x16,0x00,0x00,0x00,0x09,0x00,0x00,0x00,0x07,0x00,0x10,0x00,
    0x53,0x04,0x00,0x10,0x00,0x18,0x00,0x00,0x00,0x09,0x00,0x00,0x00,0x05,0x00,0x10,0x00,0x53,0x04,0x00,0x10,0x00,0x24,0x00,
    0x00,0x00,0x09,0x00,0x00,0x00,0x07,0x00,0x10,0x00,0x11,0x04,0x00,0x10,0x00,0x24,0x00,0x00,0x00,0x09,0x00,0x00,0x00,0x07,
    0x00,0x10,0x00,0x3E,0x04,0x00,0x10,0x00,0x24,0x00,0x00,0x00,0x09,0x00,0x00,0x00,0x01,0x00,0x10,0x00,0x26,0x04,0x00,0x10,
    0x00,0x25,0x00,0x00,0x00,0x09,0x00,0x00,0x00,0x05,0x00,0x10,0x00,0x11,0x04,0x00,0x10,0x00,0x25,0x00,0x00,0x00,0x09,0x00,
    0x00,0x00,0x04,0x00,0x10,0x00,0x26,0x04,0x00,0x10,0x00,0x25,0x00,0x00,0x00,0x09,0x00,0x00,0x00,0x05,0x00,0x10,0x00,0x3E,
    0x04,0x00,0x10,0x00,0x25,0x00,0x00,0x00,0x09,0x00,0x00,0x00,0x0D,0x00,0x10,0x00,0x47,0x04,0x00,0x10,0x00,0x25,0x00,0x00,
    0x00,0x09,0x00,0x00,0x00,0x0D,0x00,0x10,0x00,0x3B,0x04,0x00,0x10,0x00,0x30,0x00,0x00,0x00,0x05,0x00,0x00,0x00,0x0D,0x00,
    0x10,0x00,0x25,0x04,0x00,0x10,0x00,0x44,0x00,0x00,0x00,0x03,0x00,0x00,0x00,0x0D,0x00,0x10,0x00,0x01,0x04,0x00,0x10,0x00,
    0x44,0x00,0x00,0x00,0x03,0x00,0x00,0x00,0x0D,0x00,0x10,0x00,0x02,0x06,0x00,0x10,0x00,0x43,0x05,0x00,0x15,0x00,0x29,0x00,
    0x19,0x00,0x03,0x00,0x00,0x00,0x09,0x00,0x00,0x00,0x01,0x00,0x29,0x01,0x83,0x00,0x00,0x00,0x09,0x00,0x00,0x00,0x07,0x00,
    0x29,0x01,0x86,0x00,0x00,0x00,0x09,0x00,0x00,0x00,0x07,0x00,0x29,0x00,0x1C,0x00,0x00,0x00,0x1B,0x00,0x00,0x00,0x02,0x52,
    0x65,0x6C,0x61,0x79,0x2D,0x73,0x74,0x61,0x72,0x74,0x20,0x6F,0x66,0x20,0x63,0x69,0x6E,0x65,0x6D,0x61,0x00,0x01,0x05,0x00,
    0x15,0x00,0x29,0x00,0x1B,0x00,0x02,0x00,0x00,0x00,0x09,0x00,0x00,0x00,0x05,0x00,0x29,0x01,0x86,0x00,0x00,0x00,0x09,0x00,
    0x00,0x00,0x05,0x00,0x29,0x00,0x1C,0x00,0x00,0x00,0x19,0x00,0x00,0x00,0x02,0x52,0x65,0x6C,0x61,0x79,0x2D,0x65,0x6E,0x64,
    0x20,0x6F,0x66,0x20,0x63,0x69,0x6E,0x65,0x6D,0x61,0x00,0x01,0x05,0x00,0x3A,0x00,0x29,0x00,0x1C,0x00,0x10,0x00,0x00,0x00,
    0x09,0x00,0x00,0x00,0x0D,0x00,0x29,0x00,0x1B,0x00,0x00,0x00,0x09,0x00,0x00,0x00,0x04,0x00,0x29,0x00,0x64,0x00,0x00,0x00,
    0x09,0x00,0x00,0x00,0x13,0x00,0x29,0x00,0x66,0x00,0x00,0x00,0x09,0x00,0x00,0x00,0x01,0x00,0x29,0x01,0x75,0x00,0x00,0x00,
    0x09,0x00,0x00,0x00,0x04,0x00,0x29,0x00,0x81,0x00,0x00,0x00,0x09,0x00,0x00,0x00,0x01,0x00,0x29,0x00,0x62,0x00,0x00,0x00,
    0x09,0x00,0x00,0x00,0x04,0x00,0x29,0x00,0x70,0x00,0x00,0x00,0x09,0x00,0x00,0x00,0x04,0x00,0x29,0x00,0x68,0x00,0x00,0x00,
    0x09,0x00,0x00,0x00,0x0F,0x00,0x29,0x00,0x6C,0x00,0x00,0x00,0x09,0x00,0x00,0x00,0x0F,0x00,0x29,0x00,0x82,0x00,0x00,0x00,
    0x09,0x00,0x00,0x00,0x0D,0x00,0x29,0x00,0xD9,0x00,0x00,0x00,0x09,0x00,0x00,0x00,0x0F,0x00,0x29,0x01,0x80,0x00,0x00,0x00,
    0x09,0x00,0x00,0x00,0x0F,0x00,0x29,0x00,0x7D,0x00,0x00,0x00,0x09,0x00,0x00,0x00,0x0F,0x00,0x29,0x00,0xD5,0x00,0x00,0x00,
    0x09,0x00,0x00,0x00,0x04,0x00,0x29,0x01,0x83,0x00,0x00,0x00,0x09,0x00,0x00,0x00,0x01,0x00,0x29,0x00,0x69,0x00,0x00,0x00,
    0x69,0x00,0x00,0x00,0x0F,0x53,0x70,0x65,0x63,0x69,0x61,0x6C,0x46,0x75,0x6E,0x63,0x74,0x69,0x6F,0x6E,0x20,0x43,0x69,0x6E,
    0x65,0x6D,0x61,0x74,0x69,0x63,0x20,0x53,0x6B,0x69,0x70,0x00,0x00,0x00,0x00,0x00,0x00,0x00,0x00,0x00,0x00,0x00,0x00,0x00,
    0x00,0x00,0x00,0x00,0x00,0x00,0x00,0x00,0x00,0x00,0x00,0x00,0x00,0x00,0x00,0x0F,0x00,0x00,0x00,0x00,0x00,0x00,0x00,0x00,
    0x00,0x00,0x00,0x00,0x00,0xFF,0xFF,0xFF,0xFF,0xFF,0xFF,0xFF,0xFF,0x00,0x00,0x00,0x00,0x01,0x00,0x00,0x00,0x00,0xFF,0xFF,
    0xFF,0xFF,0xFF,0xFF,0xFF,0xFF,0xFF,0xFF,0xFF,0xFF,0x03,0x00,0x29,0x00,0xEB,0x00,0x00,0x00,0x0E,0x00,0x00,0x00,0x01,0x00,
    0x29,0x01,0x83,0x03,0x00,0x29,0x01,0x83,0x00,0x00,0x00,0x00,0x00,0x00,0x00,0x07,0x00,0x29,0x01,0x86,0x04,0x00,0x29,0x00,
    0xEB,0x00,0x00,0x00,0x0E,0x00,0x00,0x00,0x0D,0x00,0x29,0x00,0x19,0x04,0x00,0x29,0x01,0x83,0x00,0x00,0x00,0x05,0x00,0x00,
    0x00,0x0D,0x00,0x29,0x00,0x1B,0x06,0x00,0x1F,0x00,0x3E,0x06,0x00,0x1F,0x00,0x3F,0x06,0x00,0x1F,0x00,0x40,0x06,0x00,0x1F,
    0x00,0x41,0x06,0x00,0x1F,0x00,0x42,0x06,0x00,0x1F,0x00,0x43,0x06,0x00,0x1F,0x00,0x44,0x06,0x00,0x1F,0x00,0x45,0x06,0x00,
    0x1F,0x00,0x48,0x06,0x00,0x1F,0x00,0x49,0x06,0x00,0x1F,0x00,0x4A,0x06,0x00,0x1F,0x00,0x4B,0x06,0x00,0x1F,0x00,0x4C,0x06,
    0x00,0x1F,0x00,0x4D,0x06,0x00,0x1F,0x00,0x4E,0x06,0x00,0x1F,0x00,0x4F,0x06,0x00,0x1F,0x00,0x50,0x05,0x00,0x15,0x00,0x20,
    0x00,0x13,0x00,0x04,0x00,0x00,0x00,0x09,0x00,0x00,0x00,0x07,0x00,0x20,0x00,0x37,0x00,0x00,0x00,0x09,0x00,0x00,0x00,0x07,
    0x00,0x20,0x00,0x2C,0x00,0x00,0x00,0x09,0x00,0x00,0x00,0x07,0x00,0x20,0x00,0xE9,0x00,0x00,0x00,0x09,0x00,0x00,0x00,0x01,
    0x00,0x20,0x00,0x28,0x00,0x00,0x00,0x1B,0x00,0x00,0x00,0x02,0x52,0x65,0x6C,0x61,0x79,0x2D,0x73,0x74,0x61,0x72,0x74,0x20,
    0x6F,0x66,0x20,0x63,0x69,0x6E,0x65,0x6D,0x61,0x00,0x01,0x05,0x00,0x15,0x00,0x20,0x00,0x20,0x00,0x02,0x00,0x00,0x00,0x09,
    0x00,0x00,0x00,0x05,0x00,0x20,0x00,0x37,0x00,0x00,0x00,0x09,0x00,0x00,0x00,0x05,0x00,0x20,0x00,0x2C,0x00,0x00,0x00,0x19,
    0x00,0x00,0x00,0x02,0x52,0x65,0x6C,0x61,0x79,0x2D,0x65,0x6E,0x64,0x20,0x6F,0x66,0x20,0x63,0x69,0x6E,0x65,0x6D,0x61,0x00,
    0x01,0x05,0x00,0x3A,0x00,0x20,0x00,0x37,0x00,0x04,0x00,0x00,0x00,0x09,0x00,0x00,0x00,0x0D,0x00,0x20,0x00,0x20,0x00,0x00,
    0x00,0x09,0x00,0x00,0x00,0x04,0x00,0x20,0x00,0x28,0x00,0x00,0x00,0x09,0x00,0x00,0x00,0x0F,0x00,0x20,0x00,0xDB,0x00,0x00,
    0x00,0x09,0x00,0x00,0x00,0x0D,0x00,0x20,0x00,0x27,0x00,0x00,0x00,0x69,0x00,0x00,0x00,0x0F,0x53,0x70,0x65,0x63,0x69,0x61,
    0x6C,0x46,0x75,0x6E,0x63,0x74,0x69,0x6F,0x6E,0x20,0x43,0x69,0x6E,0x65,0x6D,0x61,0x74,0x69,0x63,0x20,0x53,0x6B,0x69,0x70,
    0x00,0x00,0x00,0x00,0x00,0x00,0x00,0x00,0x00,0x00,0x00,0x00,0x00,0x00,0x00,0x00,0x00,0x00,0x00,0x00,0x00,0x00,0x00,0x00,
    0x00,0x00,0x00,0x00,0x0F,0x00,0x00,0x00,0x00,0x00,0x00,0x00,0x00,0x00,0x00,0x00,0x00,0x00,0xFF,0xFF,0xFF,0xFF,0xFF,0xFF,
    0xFF,0xFF,0x00,0x00,0x00,0x00,0x01,0x00,0x00,0x00,0x00,0xFF,0xFF,0xFF,0xFF,0xFF,0xFF,0xFF,0xFF,0xFF,0xFF,0xFF,0xFF,0x03,
    0x00,0x20,0x00,0x28,0x00,0x00,0x00,0x00,0x00,0x00,0x00,0x07,0x00,0x20,0x00,0x2C,0x03,0x00,0x20,0x00,0x28,0x00,0x00,0x00,
    0x05,0x00,0x00,0x00,0x05,0x00,0x20,0x00,0x2C,0x03,0x00,0x20,0x00,0x28,0x00,0x00,0x00,0x00,0x00,0x00,0x00,0x07,0x00,0x20,
    0x00,0xE9,0x03,0x00,0x20,0x00,0xE8,0x00,0x00,0x00,0x09,0x00,0x00,0x00,0x01,0x00,0x20,0x00,0x28,0x04,0x00,0x20,0x00,0x28,
    0x00,0x00,0x00,0x05,0x00,0x00,0x00,0x0D,0x00,0x20,0x00,0x20,0x04,0x00,0x20,0x00,0xE8,0x00,0x00,0x00,0x09,0x00,0x00,0x00,
    0x0D,0x00,0x20,0x00,0x13,0x05,0x00,0x15,0x00,0x02,0x00,0x0B,0x00,0x04,0x00,0x00,0x00,0x09,0x00,0x00,0x00,0x01,0x00,0x02,
    0x04,0x5E,0x00,0x00,0x00,0x09,0x00,0x00,0x00,0x07,0x00,0x02,0x04,0x6F,0x00,0x00,0x00,0x09,0x00,0x00,0x00,0x07,0x00,0x02,
    0x04,0x73,0x00,0x00,0x00,0x09,0x00,0x00,0x00,0x07,0x00,0x02,0x00,0x14,0x00,0x00,0x00,0x22,0x00,0x00,0x00,0x02,0x54,0x68,
    0x65,0x72,0x6D,0x61,0x6C,0x20,0x50,0x61,0x6E,0x65,0x6C,0x20,0x43,0x75,0x74,0x73,0x63,0x65,0x6E,0x65,0x20,0x53,0x74,0x61,
    0x72,0x74,0x00,0x01,0x05,0x00,0x15,0x00,0x02,0x00,0x0C,0x00,0x02,0x00,0x00,0x00,0x09,0x00,0x00,0x00,0x05,0x00,0x02,0x04,
    0x6F,0x00,0x00,0x00,0x09,0x00,0x00,0x00,0x05,0x00,0x02,0x00,0x14,0x00,0x00,0x00,0x20,0x00,0x00,0x00,0x02,0x54,0x68,0x65,
    0x72,0x6D,0x61,0x6C,0x20,0x50,0x61,0x6E,0x65,0x6C,0x20,0x43,0x75,0x74,0x73,0x63,0x65,0x6E,0x65,0x20,0x45,0x6E,0x64,0x00,
    0x01,0x05,0x00,0x15,0x00,0x02,0x00,0x19,0x00,0x02,0x00,0x00,0x00,0x09,0x00,0x00,0x00,0x05,0x00,0x02,0x01,0xD6,0x00,0x00,
    0x00,0x09,0x00,0x00,0x00,0x05,0x00,0x02,0x00,0x22,0x00,0x00,0x00,0x20,0x00,0x00,0x00,0x02,0x45,0x6E,0x64,0x20,0x52,0x6F,
    0x74,0x61,0x74,0x65,0x20,0x52,0x69,0x67,0x68,0x74,0x20,0x43,0x69,0x6E,0x65,0x6D,0x61,0x74,0x69,0x63,0x00,0x01,0x05,0x00,
    0x15,0x00,0x02,0x00,0x23,0x00,0x03,0x00,0x00,0x00,0x09,0x00,0x00,0x00,0x05,0x00,0x02,0x01,0xD6,0x00,0x00,0x00,0x09,0x00,
    0x00,0x00,0x05,0x00,0x02,0x00,0x24,0x00,0x00,0x00,0x09,0x00,0x00,0x00,0x0B,0x00,0x02,0x00,0x25,0x00,0x00,0x00,0x1F,0x00,
    0x00,0x00,0x02,0x45,0x6E,0x64,0x20,0x52,0x6F,0x74,0x61,0x74,0x65,0x20,0x4C,0x65,0x66,0x74,0x20,0x43,0x69,0x6E,0x65,0x6D,
    0x61,0x74,0x69,0x63,0x00,0x01,0x05,0x00,0x15,0x00,0x02,0x00,0x26,0x00,0x03,0x00,0x00,0x00,0x09,0x00,0x00,0x00,0x01,0x00,
    0x02,0x04,0x3D,0x00,0x00,0x00,0x09,0x00,0x00,0x00,0x07,0x00,0x02,0x01,0xD6,0x00,0x00,0x00,0x09,0x00,0x00,0x00,0x07,0x00,
    0x02,0x00,0x28,0x00,0x00,0x00,0x13,0x00,0x00,0x00,0x02,0x42,0x61,0x72,0x72,0x69,0x65,0x72,0x20,0x53,0x74,0x61,0x72,0x74,
    0x00,0x01,0x05,0x00,0x15,0x00,0x02,0x00,0x27,0x00,0x02,0x00,0x00,0x00,0x09,0x00,0x00,0x00,0x05,0x00,0x02,0x01,0xD6,0x00,
    0x00,0x00,0x09,0x00,0x00,0x00,0x05,0x00,0x02,0x00,0x28,0x00,0x00,0x00,0x11,0x00,0x00,0x00,0x02,0x42,0x61,0x72,0x72,0x69,
    0x65,0x72,0x20,0x45,0x6E,0x64,0x00,0x01,0x05,0x00,0x3A,0x00,0x02,0x00,0x14,0x00,0x05,0x00,0x00,0x00,0x09,0x00,0x00,0x00,
    0x0D,0x00,0x02,0x00,0x0C,0x00,0x00,0x00,0x09,0x00,0x00,0x00,0x0F,0x00,0x02,0x04,0x6E,0x00,0x00,0x00,0x09,0x00,0x00,0x00,
    0x01,0x00,0x02,0x04,0x6D,0x00,0x00,0x00,0x09,0x00,0x00,0x00,0x14,0x00,0x02,0x05,0x59,0x00,0x00,0x00,0x09,0x00,0x00,0x00,
    0x01,0x00,0x02,0x05,0x5A,0x00,0x00,0x00,0x69,0x00,0x00,0x00,0x0F,0x53,0x70,0x65,0x63,0x69,0x61,0x6C,0x46,0x75,0x6E,0x63,
    0x74,0x69,0x6F,0x6E,0x20,0x43,0x69,0x6E,0x65,0x6D,0x61,0x74,0x69,0x63,0x20,0x53,0x6B,0x69,0x70,0x00,0x00,0x00,0x00,0x00,
    0x00,0x00,0x00,0x00,0x00,0x00,0x00,0x00,0x00,0x00,0x00,0x00,0x00,0x00,0x00,0x00,0x00,0x00,0x00,0x00,0x00,0x00,0x00,0x0F,
    0x00,0x00,0x00,0x00,0x00,0x00,0x00,0x00,0x00,0x00,0x00,0x00,0x00,0xFF,0xFF,0xFF,0xFF,0xFF,0xFF,0xFF,0xFF,0x00,0x00,0x00,
    0x00,0x01,0x00,0x00,0x00,0x00,0xFF,0xFF,0xFF,0xFF,0xFF,0xFF,0xFF,0xFF,0xFF,0xFF,0xFF,0xFF,0x05,0x00,0x3A,0x00,0x02,0x00,
    0x24,0x00,0x04,0x00,0x00,0x00,0x09,0x00,0x00,0x00,0x0D,0x00,0x02,0x00,0x23,0x00,0x00,0x00,0x09,0x00,0x00,0x00,0x0D,0x00,
    0x02,0x02,0x43,0x00,0x00,0x00,0x09,0x00,0x00,0x00,0x04,0x00,0x02,0x00,0x21,0x00,0x00,0x00,0x09,0x00,0x00,0x00,0x0D,0x00,
    0x02,0x02,0x46,0x00,0x00,0x00,0x69,0x00,0x00,0x00,0x0F,0x53,0x70,0x65,0x63,0x69,0x61,0x6C,0x46,0x75,0x6E,0x63,0x74,0x69,
    0x6F,0x6E,0x20,0x43,0x69,0x6E,0x65,0x6D,0x61,0x74,0x69,0x63,0x20,0x53,0x6B,0x69,0x70,0x00,0x00,0x00,0x00,0x00,0x00,0x00,
    0x00,0x00,0x00,0x00,0x00,0x00,0x00,0x00,0x00,0x00,0x00,0x00,0x00,0x00,0x00,0x00,0x00,0x00,0x00,0x00,0x00,0x0F,0x00,0x00,
    0x00,0x00,0x00,0x00,0x00,0x00,0x00,0x00,0x00,0x00,0x00,0xFF,0xFF,0xFF,0xFF,0xFF,0xFF,0xFF,0xFF,0x00,0x00,0x00,0x00,0x01,
    0x00,0x00,0x00,0x00,0xFF,0xFF,0xFF,0xFF,0xFF,0xFF,0xFF,0xFF,0xFF,0xFF,0xFF,0xFF,0x05,0x00,0x3A,0x00,0x02,0x00,0x22,0x00,
    0x03,0x00,0x00,0x00,0x09,0x00,0x00,0x00,0x0D,0x00,0x02,0x00,0x19,0x00,0x00,0x00,0x09,0x00,0x00,0x00,0x0D,0x00,0x02,0x02,
    0x43,0x00,0x00,0x00,0x09,0x00,0x00,0x00,0x04,0x00,0x02,0x02,0x53,0x00,0x00,0x00,0x69,0x00,0x00,0x00,0x0F,0x53,0x70,0x65,
    0x63,0x69,0x61,0x6C,0x46,0x75,0x6E,0x63,0x74,0x69,0x6F,0x6E,0x20,0x43,0x69,0x6E,0x65,0x6D,0x61,0x74,0x69,0x63,0x20,0x53,
    0x6B,0x69,0x70,0x00,0x00,0x00,0x00,0x00,0x00,0x00,0x00,0x00,0x00,0x00,0x00,0x00,0x00,0x00,0x00,0x00,0x00,0x00,0x00,0x00,
    0x00,0x00,0x00,0x00,0x00,0x00,0x00,0x0F,0x00,0x00,0x00,0x00,0x00,0x00,0x00,0x00,0x00,0x00,0x00,0x00,0x00,0xFF,0xFF,0xFF,
    0xFF,0xFF,0xFF,0xFF,0xFF,0x00,0x00,0x00,0x00,0x01,0x00,0x00,0x00,0x00,0xFF,0xFF,0xFF,0xFF,0xFF,0xFF,0xFF,0xFF,0xFF,0xFF,
    0xFF,0xFF,0x05,0x00,0x3A,0x00,0x02,0x00,0x28,0x00,0x05,0x00,0x00,0x00,0x09,0x00,0x00,0x00,0x0D,0x00,0x02,0x00,0x27,0x00,
    0x00,0x00,0x09,0x00,0x00,0x00,0x04,0x00,0x02,0x04,0x3D,0x00,0x00,0x00,0x09,0x00,0x00,0x00,0x0F,0x00,0x02,0x04,0x43,0x00,
    0x00,0x00,0x09,0x00,0x00,0x00,0x01,0x00,0x02,0x02,0x5F,0x00,0x00,0x00,0x09,0x00,0x00,0x00,0x04,0x00,0x02,0x01,0xDA,0x00,
    0x00,0x00,0x69,0x00,0x00,0x00,0x0F,0x53,0x70,0x65,0x63,0x69,0x61,0x6C,0x46,0x75,0x6E,0x63,0x74,0x69,0x6F,0x6E,0x20,0x43,
    0x69,0x6E,0x65,0x6D,0x61,0x74,0x69,0x63,0x20,0x53,0x6B,0x69,0x70,0x00,0x00,0x00,0x00,0x00,0x00,0x00,0x00,0x00,0x00,0x00,
    0x00,0x00,0x00,0x00,0x00,0x00,0x00,0x00,0x00,0x00,0x00,0x00,0x00,0x00,0x00,0x00,0x00,0x0F,0x00,0x00,0x00,0x00,0x00,0x00,
    0x00,0x00,0x00,0x00,0x00,0x00,0x00,0xFF,0xFF,0xFF,0xFF,0xFF,0xFF,0xFF,0xFF,0x00,0x00,0x00,0x00,0x01,0x00,0x00,0x00,0x00,
    0xFF,0xFF,0xFF,0xFF,0xFF,0xFF,0xFF,0xFF,0xFF,0xFF,0xFF,0xFF,0x05,0x00,0x05,0x00,0x02,0x00,0x25,0x00,0x01,0x00,0x00,0x00,
    0x09,0x00,0x00,0x00,0x04,0x00,0x02,0x02,0x10,0x00,0x00,0x00,0x26,0x00,0x00,0x00,0x06,0x44,0x65,0x61,0x63,0x74,0x69,0x76,
    0x61,0x74,0x65,0x20,0x57,0x61,0x6C,0x6C,0x20,0x53,0x68,0x61,0x6B,0x65,0x72,0x00,0x3F,0x80,0x00,0x00,0x00,0x00,0x00,0x00,
    0x00,0x00,0x01,0x03,0x00,0x02,0x00,0x21,0x00,0x00,0x00,0x00,0x00,0x00,0x00,0x07,0x00,0x02,0x01,0xD6,0x03,0x00,0x02,0x00,
    0x21,0x00,0x00,0x00,0x05,0x00,0x00,0x00,0x05,0x00,0x02,0x01,0xD6,0x03,0x00,0x02,0x02,0x53,0x00,0x00,0x00,0x00,0x00,0x00,
    0x00,0x07,0x00,0x02,0x01,0xD6,0x03,0x00,0x02,0x02,0x53,0x00,0x00,0x00,0x05,0x00,0x00,0x00,0x05,0x00,0x02,0x01,0xD6,0x03,
    0x00,0x02,0x04,0x5E,0x00,0x00,0x00,0x00,0x00,0x00,0x00,0x07,0x00,0x02,0x04,0x6F,0x03,0x00,0x02,0x04,0x5E,0x00,0x00,0x00,
    0x05,0x00,0x00,0x00,0x05,0x00,0x02,0x04,0x6F,0x03,0x00,0x02,0x04,0x5E,0x00,0x00,0x00,0x00,0x00,0x00,0x00,0x07,0x00,0x02,
    0x04,0x73,0x03,0x00,0x02,0x04,0x70,0x00,0x00,0x00,0x09,0x00,0x00,0x00,0x01,0x00,0x02,0x04,0x5E,0x03,0x10,0x02,0x02,0x60,
    0x00,0x00,0x00,0x07,0x00,0x00,0x00,0x01,0x00,0x02,0x04,0x3D,0x04,0x00,0x02,0x00,0x21,0x00,0x00,0x00,0x05,0x00,0x00,0x00,
    0x0D,0x00,0x02,0x00,0x23,0x04,0x00,0x02,0x02,0x3E,0x00,0x00,0x00,0x09,0x00,0x00,0x00,0x07,0x00,0x02,0x01,0xD6,0x04,0x00,
    0x02,0x02,0x3E,0x00,0x00,0x00,0x09,0x00,0x00,0x00,0x07,0x00,0x02,0x00,0x24,0x04,0x00,0x02,0x02,0x53,0x00,0x00,0x00,0x05,
    0x00,0x00,0x00,0x0D,0x00,0x02,0x00,0x19,0x04,0x00,0x02,0x02,0x59,0x00,0x00,0x00,0x09,0x00,0x00,0x00,0x07,0x00,0x02,0x01,
    0xD6,0x04,0x00,0x02,0x02,0x59,0x00,0x00,0x00,0x09,0x00,0x00,0x00,0x07,0x00,0x02,0x00,0x22,0x04,0x00,0x02,0x04,0x3D,0x00,
    0x00,0x00,0x05,0x00,0x00,0x00,0x0D,0x00,0x02,0x00,0x27,0x04,0x00,0x02,0x04,0x5E,0x00,0x00,0x00,0x05,0x00,0x00,0x00,0x0D,
    0x00,0x02,0x00,0x0C,0x04,0x00,0x02,0x04,0x70,0x00,0x00,0x00,0x09,0x00,0x00,0x00,0x0D,0x00,0x02,0x00,0x0B,0x04,0x10,0x02,
    0x02,0x60,0x00,0x00,0x00,0x07,0x00,0x00,0x00,0x0D,0x00,0x02,0x00,0x26,0x05,0x00,0x15,0x00,0x08,0x00,0x02,0x00,0x04,0x00,
    0x00,0x00,0x09,0x00,0x00,0x00,0x0B,0x00,0x08,0x01,0x70,0x00,0x00,0x00,0x09,0x00,0x00,0x00,0x07,0x00,0x08,0x01,0x71,0x00,
    0x00,0x00,0x09,0x00,0x00,0x00,0x01,0x00,0x08,0x01,0x6A,0x00,0x00,0x00,0x09,0x00,0x00,0x00,0x07,0x00,0x08,0x00,0x05,0x00,
    0x00,0x00,0x1F,0x00,0x00,0x00,0x02,0x42,0x6F,0x6D,0x62,0x20,0x53,0x6C,0x6F,0x74,0x20,0x43,0x69,0x6E,0x65,0x6D,0x61,0x74,
    0x69,0x63,0x20,0x53,0x74,0x61,0x72,0x74,0x00,0x01,0x05,0x00,0x15,0x00,0x08,0x00,0x04,0x00,0x05,0x00,0x00,0x00,0x09,0x00,
    0x00,0x00,0x05,0x00,0x08,0x01,0x71,0x00,0x00,0x00,0x09,0x00,0x00,0x00,0x04,0x00,0x08,0x02,0xB9,0x00,0x00,0x00,0x09,0x00,
    0x00,0x00,0x04,0x00,0x08,0x02,0xB7,0x00,0x00,0x00,0x09,0x00,0x00,0x00,0x13,0x00,0x08,0x02,0xBA,0x00,0x00,0x00,0x09,0x00,
    0x00,0x00,0x05,0x00,0x08,0x00,0x05,0x00,0x00,0x00,0x1D,0x00,0x00,0x00,0x02,0x42,0x6F,0x6D,0x62,0x20,0x53,0x6C,0x6F,0x74,
    0x20,0x43,0x69,0x6E,0x65,0x6D,0x61,0x74,0x69,0x63,0x20,0x45,0x6E,0x64,0x00,0x01,0x05,0x00,0x15,0x00,0x08,0x00,0x09,0x00,
    0x07,0x00,0x00,0x00,0x09,0x00,0x00,0x00,0x04,0x00,0x08,0x02,0x12,0x00,0x00,0x00,0x09,0x00,0x00,0x00,0x0B,0x00,0x08,0x02,
    0x3B,0x00,0x00,0x00,0x09,0x00,0x00,0x00,0x14,0x00,0x08,0x02,0x4A,0x00,0x00,0x00,0x09,0x00,0x00,0x00,0x01,0x00,0x08,0x02,
    0x49,0x00,0x00,0x00,0x09,0x00,0x00,0x00,0x01,0x00,0x08,0x02,0x4B,0x00,0x00,0x00,0x09,0x00,0x00,0x00,0x13,0x00,0x08,0x02,
    0xA7,0x00,0x00,0x00,0x09,0x00,0x00,0x00,0x01,0x00,0x08,0x02,0xBB,0x00,0x00,0x00,0x20,0x00,0x00,0x00,0x02,0x44,0x65,0x73,
    0x74,0x72,0x6F,0x79,0x20,0x57,0x61,0x6C,0x6C,0x20,0x43,0x75,0x74,0x73,0x63,0x65,0x6E,0x65,0x20,0x53,0x6B,0x69,0x70,0x00,
    0x00,0x05,0x00,0x15,0x00,0x08,0x00,0x06,0x00,0x05,0x00,0x00,0x00,0x09,0x00,0x00,0x00,0x07,0x00,0x08,0x00,0x08,0x00,0x00,
    0x00,0x09,0x00,0x00,0x00,0x07,0x00,0x08,0x02,0x10,0x00,0x00,0x00,0x09,0x00,0x00,0x00,0x01,0x00,0x08,0x00,0x09,0x00,0x00,
    0x00,0x09,0x00,0x00,0x00,0x0B,0x00,0x08,0x02,0x01,0x00,0x00,0x00,0x09,0x00,0x00,0x00,0x01,0x00,0x08,0x02,0x05,0x00,0x00,
    0x00,0x1C,0x00,0x00,0x00,0x02,0x57,0x61,0x6C,0x6C,0x62,0x72,0x65,0x61,0x6B,0x20,0x43,0x69,0x6E,0x65,0x6D,0x61,0x20,0x53,
    0x74,0x61,0x72,0x74,0x00,0x01,0x05,0x00,0x15,0x00,0x08,0x00,0x07,0x00,0x02,0x00,0x00,0x00,0x09,0x00,0x00,0x00,0x05,0x00,
    0x08,0x02,0x10,0x00,0x00,0x00,0x09,0x00,0x00,0x00,0x05,0x00,0x08,0x00,0x08,0x00,0x00,0x00,0x1A,0x00,0x00,0x00,0x02,0x57,
    0x61,0x6C,0x6C,0x62,0x72,0x65,0x61,0x6B,0x20,0x43,0x69,0x6E,0x65,0x6D,0x61,0x20,0x45,0x6E,0x64,0x00,0x01,0x05,0x00,0x15,
    0x00,0x08,0x00,0x0A,0x00,0x03,0x00,0x00,0x00,0x09,0x00,0x00,0x00,0x07,0x00,0x08,0x01,0x71,0x00,0x00,0x00,0x09,0x00,0x00,
    0x00,0x01,0x00,0x08,0x02,0x66,0x00,0x00,0x00,0x09,0x00,0x00,0x00,0x07,0x00,0x08,0x00,0x0C,0x00,0x00,0x00,0x23,0x00,0x00,
    0x00,0x02,0x44,0x65,0x63,0x72,0x65,0x6D,0x65,0x6E,0x74,0x20,0x49,0x63,0x65,0x20,0x43,0x69,0x6E,0x65,0x6D,0x61,0x74,0x69,
    0x63,0x20,0x53,0x74,0x61,0x72,0x74,0x00,0x01,0x05,0x00,0x15,0x00,0x08,0x00,0x0B,0x00,0x02,0x00,0x00,0x00,0x09,0x00,0x00,
    0x00,0x05,0x00,0x08,0x01,0x71,0x00,0x00,0x00,0x09,0x00,0x00,0x00,0x05,0x00,0x08,0x00,0x0C,0x00,0x00,0x00,0x21,0x00,0x00,
    0x00,0x02,0x44,0x65,0x63,0x72,0x65,0x6D,0x65,0x6E,0x74,0x20,0x49,0x63,0x65,0x20,0x43,0x69,0x6E,0x65,0x6D,0x61,0x74,0x69,
    0x63,0x20,0x45,0x6E,0x64,0x00,0x01,0x05,0x00,0x3A,0x00,0x08,0x00,0x05,0x00,0x06,0x00,0x00,0x00,0x09,0x00,0x00,0x00,0x0D,
    0x00,0x08,0x00,0x04,0x00,0x00,0x00,0x09,0x00,0x00,0x00,0x04,0x00,0x08,0x01,0x6A,0x00,0x00,0x00,0x09,0x00,0x00,0x00,0x10,
    0x00,0x08,0x01,0x70,0x00,0x00,0x00,0x09,0x00,0x00,0x00,0x04,0x00,0x08,0x01,0x07,0x00,0x00,0x00,0x09,0x00,0x00,0x00,0x01,
    0x00,0x08,0x01,0x17,0x00,0x00,0x00,0x09,0x00,0x00,0x00,0x01,0x00,0x08,0x01,0xB6,0x00,0x00,0x00,0x63,0x00,0x00,0x00,0x0F,
    0x42,0x6F,0x6D,0x62,0x20,0x53,0x6C,0x6F,0x74,0x20,0x43,0x69,0x6E,0x65,0x6D,0x61,0x74,0x69,0x63,0x20,0x53,0x6B,0x69,0x70,
    0x00,0x00,0x00,0x00,0x00,0x00,0x00,0x00,0x00,0x00,0x00,0x00,0x00,0x00,0x00,0x00,0x00,0x00,0x00,0x00,0x00,0x00,0x00,0x00,
    0x00,0x00,0x00,0x00,0x0F,0x00,0x00,0x00,0x00,0x00,0x00,0x00,0x00,0x00,0x00,0x00,0x00,0x00,0xFF,0xFF,0xFF,0xFF,0xFF,0xFF,
    0xFF,0xFF,0x00,0x00,0x00,0x00,0x01,0x00,0x00,0x00,0x00,0xFF,0xFF,0xFF,0xFF,0xFF,0xFF,0xFF,0xFF,0xFF,0xFF,0xFF,0xFF,0x05,
    0x00,0x3A,0x00,0x08,0x00,0x08,0x00,0x09,0x00,0x00,0x00,0x09,0x00,0x00,0x00,0x0D,0x00,0x08,0x00,0x07,0x00,0x00,0x00,0x09,
    0x00,0x00,0x00,0x04,0x00,0x08,0x01,0xF6,0x00,0x00,0x00,0x09,0x00,0x00,0x00,0x10,0x00,0x08,0x02,0x01,0x00,0x00,0x00,0x09,
    0x00,0x00,0x00,0x04,0x00,0x08,0x01,0xF3,0x00,0x00,0x00,0x09,0x00,0x00,0x00,0x04,0x00,0x08,0x02,0x05,0x00,0x00,0x00,0x09,
    0x00,0x00,0x00,0x10,0x00,0x08,0x02,0x03,0x00,0x00,0x00,0x09,0x00,0x00,0x00,0x01,0x00,0x08,0x01,0xF5,0x00,0x00,0x00,0x09,
    0x00,0x00,0x00,0x04,0x00,0x08,0x02,0x4C,0x00,0x00,0x00,0x09,0x00,0x00,0x00,0x0D,0x00,0x08,0x00,0x09,0x00,0x00,0x00,0x6A,
    0x00,0x00,0x00,0x0F,0x57,0x61,0x6C,0x6C,0x20,0x44,0x65,0x73,0x74,0x72,0x75,0x63,0x74,0x69,0x6F,0x6E,0x20,0x43,0x69,0x6E,
    0x65,0x6D,0x61,0x74,0x69,0x63,0x20,0x53,0x6B,0x69,0x70,0x00,0x00,0x00,0x00,0x00,0x00,0x00,0x00,0x00,0x00,0x00,0x00,0x00,
    0x00,0x00,0x00,0x00,0x00,0x00,0x00,0x00,0x00,0x00,0x00,0x00,0x00,0x00,0x00,0x0F,0x00,0x00,0x00,0x00,0x00,0x00,0x00,0x00,
    0x00,0x00,0x00,0x00,0x00,0xFF,0xFF,0xFF,0xFF,0xFF,0xFF,0xFF,0xFF,0x00,0x00,0x00,0x00,0x01,0x00,0x00,0x00,0x00,0xFF,0xFF,
    0xFF,0xFF,0xFF,0xFF,0xFF,0xFF,0xFF,0xFF,0xFF,0xFF,0x05,0x00,0x3A,0x00,0x08,0x00,0x0C,0x00,0x07,0x00,0x00,0x00,0x09,0x00,
    0x00,0x00,0x0D,0x00,0x08,0x00,0x0B,0x00,0x00,0x00,0x09,0x00,0x00,0x00,0x04,0x00,0x08,0x02,0x66,0x00,0x00,0x00,0x09,0x00,
    0x00,0x00,0x10,0x00,0x08,0x01,0xFD,0x00,0x00,0x00,0x09,0x00,0x00,0x00,0x01,0x00,0x08,0x01,0xFE,0x00,0x00,0x00,0x09,0x00,
    0x00,0x00,0x0B,0x00,0x08,0x02,0x04,0x00,0x00,0x00,0x09,0x00,0x00,0x00,0x01,0x00,0x08,0x02,0x65,0x00,0x00,0x00,0x09,0x00,
    0x00,0x00,0x14,0x00,0x08,0x02,0x64,0x00,0x00,0x00,0x65,0x00,0x00,0x00,0x0F,0x49,0x63,0x65,0x20,0x4D,0x65,0x6C,0x74,0x69,
    0x6E,0x67,0x20,0x43,0x69,0x6E,0x65,0x6D,0x61,0x74,0x69,0x63,0x20,0x53,0x6B,0x69,0x70,0x00,0x00,0x00,0x00,0x00,0x00,0x00,
    0x00,0x00,0x00,0x00,0x00,0x00,0x00,0x00,0x00,0x00,0x00,0x00,0x00,0x00,0x00,0x00,0x00,0x00,0x00,0x00,0x00,0x0F,0x00,0x00,
    0x00,0x00,0x00,0x00,0x00,0x00,0x00,0x00,0x00,0x00,0x00,0xFF,0xFF,0xFF,0xFF,0xFF,0xFF,0xFF,0xFF,0x00,0x00,0x00,0x00,0x01,
    0x00,0x00,0x00,0x00,0xFF,0xFF,0xFF,0xFF,0xFF,0xFF,0xFF,0xFF,0xFF,0xFF,0xFF,0xFF,0x03,0x00,0x08,0x01,0x12,0x00,0x00,0x00,
    0x09,0x00,0x00,0x00,0x01,0x00,0x08,0x01,0x6A,0x03,0x00,0x08,0x01,0x6A,0x00,0x00,0x00,0x00,0x00,0x00,0x00,0x0B,0x00,0x08,
    0x01,0x70,0x03,0x00,0x08,0x01,0x6A,0x00,0x00,0x00,0x00,0x00,0x00,0x00,0x07,0x00,0x08,0x01,0x71,0x03,0x00,0x08,0x01,0x6A,
    0x00,0x00,0x00,0x05,0x00,0x00,0x00,0x05,0x00,0x08,0x01,0x71,0x03,0x00,0x08,0x01,0x6A,0x00,0x00,0x00,0x05,0x00,0x00,0x00,
    0x04,0x00,0x08,0x02,0xB9,0x03,0x00,0x08,0x01,0x6A,0x00,0x00,0x00,0x05,0x00,0x00,0x00,0x04,0x00,0x08,0x02,0xB7,0x03,0x00,
    0x08,0x01,0x6A,0x00,0x00,0x00,0x05,0x00,0x00,0x00,0x13,0x00,0x08,0x02,0xBA,0x03,0x00,0x08,0x01,0xFE,0x00,0x00,0x00,0x03,
    0x00,0x00,0x00,0x0B,0x00,0x08,0x02,0x01,0x03,0x00,0x08,0x01,0xFE,0x00,0x00,0x00,0x03,0x00,0x00,0x00,0x01,0x00,0x08,0x02,
    0x05,0x03,0x00,0x08,0x02,0x05,0x00,0x00,0x00,0x00,0x00,0x00,0x00,0x07,0x00,0x08,0x02,0x10,0x03,0x00,0x08,0x02,0x05,0x00,
    0x00,0x00,0x05,0x00,0x00,0x00,0x05,0x00,0x08,0x02,0x10,0x03,0x00,0x08,0x02,0x52,0x00,0x00,0x00,0x09,0x00,0x00,0x00,0x01,
    0x00,0x08,0x02,0x66,0x03,0x00,0x08,0x02,0x66,0x00,0x00,0x00,0x00,0x00,0x00,0x00,0x07,0x00,0x08,0x01,0x71,0x03,0x00,0x08,
    0x02,0x66,0x00,0x00,0x00,0x05,0x00,0x00,0x00,0x05,0x00,0x08,0x01,0x71,0x04,0x00,0x08,0x01,0x12,0x00,0x00,0x00,0x09,0x00,
    0x00,0x00,0x0D,0x00,0x08,0x00,0x02,0x04,0x00,0x08,0x01,0x6A,0x00,0x00,0x00,0x05,0x00,0x00,0x00,0x0D,0x00,0x08,0x00,0x04,
    0x04,0x00,0x08,0x01,0xFE,0x00,0x00,0x00,0x03,0x00,0x00,0x00,0x0D,0x00,0x08,0x00,0x06,0x04,0x00,0x08,0x02,0x03,0x00,0x00,
    0x00,0x09,0x00,0x00,0x00,0x04,0x00,0x08,0x00,0x09,0x04,0x00,0x08,0x02,0x05,0x00,0x00,0x00,0x05,0x00,0x00,0x00,0x0D,0x00,
    0x08,0x00,0x07,0x04,0x00,0x08,0x02,0x52,0x00,0x00,0x00,0x09,0x00,0x00,0x00,0x0D,0x00,0x08,0x00,0x0A,0x04,0x00,0x08,0x02,
    0x66,0x00,0x00,0x00,0x05,0x00,0x00,0x00,0x0D,0x00,0x08,0x00,0x0B,0x01,0x00,0x0C,0x18,0x00,0xB2,0x00,0x18,0x00,0x05,0x05,
    0x00,0x3A,0x00,0x18,0x00,0x0C,0x00,0x54,0x00,0x00,0x00,0x09,0x00,0x00,0x00,0x0D,0x00,0x18,0x00,0x05,0x00,0x00,0x00,0x09,
    0x00,0x00,0x00,0x04,0x00,0x18,0x00,0x73,0x00,0x00,0x00,0x09,0x00,0x00,0x00,0x05,0x00,0x18,0x00,0x0E,0x00,0x00,0x00,0x09,
    0x00,0x00,0x00,0x04,0x00,0x18,0x02,0x28,0x00,0x00,0x00,0x09,0x00,0x00,0x00,0x04,0x00,0x18,0x02,0x65,0x00,0x00,0x00,0x09,
    0x00,0x00,0x00,0x04,0x00,0x18,0x02,0x64,0x00,0x00,0x00,0x09,0x00,0x00,0x00,0x0F,0x00,0x18,0x03,0x40,0x00,0x00,0x00,0x09,
    0x00,0x00,0x00,0x0F,0x00,0x18,0x03,0x41,0x00,0x00,0x00,0x09,0x00,0x00,0x00,0x04,0x00,0x18,0x03,0x33,0x00,0x00,0x00,0x09,
    0x00,0x00,0x00,0x04,0x00,0x18,0x03,0x38,0x00,0x00,0x00,0x09,0x00,0x00,0x00,0x0F,0x00,0x18,0x03,0x3B,0x00,0x00,0x00,0x09,
    0x00,0x00,0x00,0x0F,0x00,0x18,0x03,0x43,0x00,0x00,0x00,0x09,0x00,0x00,0x00,0x04,0x00,0x18,0x02,0x19,0x00,0x00,0x00,0x09,
    0x00,0x00,0x00,0x0F,0x00,0x18,0x02,0x4D,0x00,0x00,0x00,0x09,0x00,0x00,0x00,0x0F,0x00,0x18,0x02,0x57,0x00,0x00,0x00,0x09,
    0x00,0x00,0x00,0x04,0x00,0x18,0x02,0x4E,0x00,0x00,0x00,0x09,0x00,0x00,0x00,0x04,0x00,0x18,0x02,0x56,0x00,0x00,0x00,0x09,
    0x00,0x00,0x00,0x04,0x00,0x18,0x02,0xDE,0x00,0x00,0x00,0x09,0x00,0x00,0x00,0x04,0x00,0x18,0x02,0x66,0x00,0x00,0x00,0x09,
    0x00,0x00,0x00,0x04,0x00,0x18,0x02,0x67,0x00,0x00,0x00,0x09,0x00,0x00,0x00,0x04,0x00,0x18,0x02,0x68,0x00,0x00,0x00,0x09,
    0x00,0x00,0x00,0x0F,0x00,0x18,0x02,0x75,0x00,0x00,0x00,0x09,0x00,0x00,0x00,0x04,0x00,0x18,0x02,0x73,0x00,0x00,0x00,0x09,
    0x00,0x00,0x00,0x0F,0x00,0x18,0x02,0x76,0x00,0x00,0x00,0x09,0x00,0x00,0x00,0x04,0x00,0x18,0x02,0x74,0x00,0x00,0x00,0x09,
    0x00,0x00,0x00,0x0F,0x00,0x18,0x02,0x77,0x00,0x00,0x00,0x09,0x00,0x00,0x00,0x04,0x00,0x18,0x02,0x72,0x00,0x00,0x00,0x09,
    0x00,0x00,0x00,0x0F,0x00,0x18,0x02,0x96,0x00,0x00,0x00,0x09,0x00,0x00,0x00,0x0F,0x00,0x18,0x02,0x9B,0x00,0x00,0x00,0x09,
    0x00,0x00,0x00,0x0F,0x00,0x18,0x03,0x42,0x00,0x00,0x00,0x09,0x00,0x00,0x00,0x04,0x00,0x18,0x03,0x3F,0x00,0x00,0x00,0x09,
    0x00,0x00,0x00,0x0F,0x00,0x18,0x02,0x7B,0x00,0x00,0x00,0x09,0x00,0x00,0x00,0x04,0x00,0x18,0x02,0x7A,0x00,0x00,0x00,0x09,
    0x00,0x00,0x00,0x0F,0x00,0x18,0x02,0xA0,0x00,0x00,0x00,0x09,0x00,0x00,0x00,0x0F,0x00,0x18,0x02,0x9D,0x00,0x00,0x00,0x09,
    0x00,0x00,0x00,0x04,0x00,0x18,0x03,0x54,0x00,0x00,0x00,0x09,0x00,0x00,0x00,0x04,0x00,0x18,0x02,0x24,0x00,0x00,0x00,0x09,
    0x00,0x00,0x00,0x04,0x00,0x18,0x02,0x2D,0x00,0x00,0x00,0x09,0x00,0x00,0x00,0x04,0x00,0x18,0x02,0x2E,0x00,0x00,0x00,0x09,
    0x00,0x00,0x00,0x0F,0x00,0x18,0x02,0x36,0x00,0x00,0x00,0x09,0x00,0x00,0x00,0x04,0x00,0x18,0x02,0x39,0x00,0x00,0x00,0x09,
    0x00,0x00,0x00,0x04,0x00,0x18,0x02,0x50,0x00,0x00,0x00,0x09,0x00,0x00,0x00,0x0F,0x00,0x18,0x02,0x8E,0x00,0x00,0x00,0x09,
    0x00,0x00,0x00,0x0F,0x00,0x18,0x02,0x38,0x00,0x00,0x00,0x09,0x00,0x00,0x00,0x04,0x00,0x18,0x02,0x51,0x00,0x00,0x00,0x09,
    0x00,0x00,0x00,0x0F,0x00,0x18,0x02,0x37,0x00,0x00,0x00,0x09,0x00,0x00,0x00,0x04,0x00,0x18,0x02,0x52,0x00,0x00,0x00,0x09,
    0x00,0x00,0x00,0x04,0x00,0x18,0x02,0x53,0x00,0x00,0x00,0x09,0x00,0x00,0x00,0x0F,0x00,0x18,0x02,0x4F,0x00,0x00,0x00,0x09,
    0x00,0x00,0x00,0x0F,0x00,0x18,0x02,0x55,0x00,0x00,0x00,0x09,0x00,0x00,0x00,0x04,0x00,0x18,0x02,0x54,0x00,0x00,0x00,0x09,
    0x00,0x00,0x00,0x0F,0x00,0x18,0x02,0xA1,0x00,0x00,0x00,0x09,0x00,0x00,0x00,0x0F,0x00,0x18,0x02,0x7E,0x00,0x00,0x00,0x09,
    0x00,0x00,0x00,0x04,0x00,0x18,0x02,0x7F,0x00,0x00,0x00,0x09,0x00,0x00,0x00,0x0F,0x00,0x18,0x02,0x9F,0x00,0x00,0x00,0x09,
    0x00,0x00,0x00,0x0F,0x00,0x18,0x02,0x81,0x00,0x00,0x00,0x09,0x00,0x00,0x00,0x04,0x00,0x18,0x02,0x80,0x00,0x00,0x00,0x09,
    0x00,0x00,0x00,0x0F,0x00,0x18,0x02,0x99,0x00,0x00,0x00,0x09,0x00,0x00,0x00,0x04,0x00,0x18,0x02,0x40,0x00,0x00,0x00,0x09,
    0x00,0x00,0x00,0x04,0x00,0x18,0x02,0x41,0x00,0x00,0x00,0x09,0x00,0x00,0x00,0x0F,0x00,0x18,0x02,0x5D,0x00,0x00,0x00,0x09,
    0x00,0x00,0x00,0x04,0x00,0x18,0x02,0x5C,0x00,0x00,0x00,0x09,0x00,0x00,0x00,0x04,0x00,0x18,0x02,0xDD,0x00,0x00,0x00,0x09,
    0x00,0x00,0x00,0x0F,0x00,0x18,0x02,0x5F,0x00,0x00,0x00,0x09,0x00,0x00,0x00,0x04,0x00,0x18,0x02,0x5E,0x00,0x00,0x00,0x09,
    0x00,0x00,0x00,0x04,0x00,0x18,0x02,0x45,0x00,0x00,0x00,0x09,0x00,0x00,0x00,0x01,0x00,0x18,0x02,0x12,0x00,0x00,0x00,0x09,
    0x00,0x00,0x00,0x0D,0x00,0x18,0x02,0x0F,0x00,0x00,0x00,0x09,0x00,0x00,0x00,0x04,0x00,0x18,0x01,0xDE,0x00,0x00,0x00,0x09,
    0x00,0x00,0x00,0x0F,0x00,0x18,0x01,0xD0,0x00,0x00,0x00,0x09,0x00,0x00,0x00,0x01,0x00,0x18,0x01,0xCA,0x00,0x00,0x00,0x09,
    0x00,0x00,0x00,0x04,0x00,0x18,0x01,0x24,0x00,0x00,0x00,0x09,0x00,0x00,0x00,0x05,0x00,0x18,0x01,0x85,0x00,0x00,0x00,0x09,
    0x00,0x00,0x00,0x07,0x00,0x18,0x01,0x86,0x00,0x00,0x00,0x09,0x00,0x00,0x00,0x04,0x00,0x18,0x01,0xA7,0x00,0x00,0x00,0x09,
    0x00,0x00,0x00,0x04,0x00,0x18,0x01,0xA8,0x00,0x00,0x00,0x09,0x00,0x00,0x00,0x07,0x00,0x18,0x02,0x07,0x00,0x00,0x00,0x09,
    0x00,0x00,0x00,0x07,0x00,0x18,0x02,0xCE,0x00,0x00,0x00,0x09,0x00,0x00,0x00,0x05,0x00,0x18,0x02,0xCD,0x00,0x00,0x00,0x09,
    0x00,0x00,0x00,0x05,0x00,0x18,0x02,0x06,0x00,0x00,0x00,0x09,0x00,0x00,0x00,0x07,0x00,0x18,0x03,0x57,0x00,0x00,0x00,0x09,
    0x00,0x00,0x00,0x05,0x00,0x18,0x03,0x58,0x00,0x00,0x00,0x09,0x00,0x00,0x00,0x05,0x00,0x18,0x03,0x5E,0x00,0x00,0x00,0x09,
    0x00,0x00,0x00,0x07,0x00,0x18,0x03,0x5F,0x00,0x00,0x00,0x69,0x00,0x00,0x00,0x0F,0x53,0x70,0x65,0x63,0x69,0x61,0x6C,0x46,
    0x75,0x6E,0x63,0x74,0x69,0x6F,0x6E,0x20,0x43,0x69,0x6E,0x65,0x6D,0x61,0x74,0x69,0x63,0x20,0x53,0x6B,0x69,0x70,0x00,0x00,
    0x00,0x00,0x00,0x00,0x00,0x00,0x00,0x00,0x00,0x00,0x00,0x00,0x00,0x00,0x00,0x00,0x00,0x00,0x00,0x00,0x00,0x00,0x00,0x00,
    0x00,0x00,0x0F,0x00,0x00,0x00,0x00,0x00,0x00,0x00,0x00,0x00,0x00,0x00,0x00,0x00,0xFF,0xFF,0xFF,0xFF,0xFF,0xFF,0xFF,0xFF,
    0x00,0x00,0x00,0x00,0x01,0x00,0x00,0x00,0x00,0xFF,0xFF,0xFF,0xFF,0xFF,0xFF,0xFF,0xFF,0xFF,0xFF,0xFF,0xFF,0x05,0x00,0x3A,
    0x00,0x18,0x00,0x0E,0x00,0x00,0x00,0x00,0x00,0x5A,0x00,0x00,0x00,0x0F,0x42,0x6F,0x73,0x73,0x20,0x48,0x65,0x61,0x6C,0x74,
    0x68,0x20,0x42,0x61,0x72,0x00,0x00,0x00,0x00,0x00,0x00,0x00,0x00,0x00,0x00,0x00,0x00,0x00,0x00,0x00,0x00,0x00,0x00,0x00,
    0x00,0x00,0x00,0x00,0x00,0x00,0x00,0x00,0x00,0x0C,0x00,0x00,0x00,0x00,0x00,0x00,0x00,0x00,0x00,0x00,0x00,0x00,0x00,0xFF,
    0xFF,0xFF,0xFF,0xFF,0xFF,0xFF,0xFF,0x00,0x00,0x00,0x00,0x01,0x00,0x00,0x00,0x00,0xFF,0xFF,0xFF,0xFF,0xFF,0xFF,0xFF,0xFF,
    0xFF,0xFF,0xFF,0xFF,0x03,0x00,0x18,0x00,0x05,0x00,0x00,0x00,0x09,0x00,0x00,0x00,0x07,0x0C,0x18,0x01,0xA7,0x03,0x00,0x18,
    0x00,0x05,0x00,0x00,0x00,0x09,0x00,0x00,0x00,0x07,0x0C,0x18,0x01,0xA8,0x03,0x00,0x18,0x00,0x05,0x00,0x00,0x00,0x09,0x00,
    0x00,0x00,0x05,0x0C,0x18,0x00,0xB1,0x03,0x00,0x18,0x00,0x05,0x00,0x00,0x00,0x09,0x00,0x00,0x00,0x0D,0x0C,0x18,0x01,0x00,
    0x03,0x00,0x18,0x00,0x05,0x00,0x00,0x00,0x09,0x00,0x00,0x00,0x0D,0x0C,0x18,0x00,0xAF,0x03,0x00,0x18,0x00,0x05,0x00,0x00,
    0x00,0x09,0x00,0x00,0x00,0x05,0x0C,0x18,0x03,0x53,0x03,0x00,0x18,0x00,0x05,0x00,0x00,0x00,0x09,0x00,0x00,0x00,0x04,0x0C,
    0x18,0x00,0x11,0x03,0x00,0x18,0x00,0x05,0x00,0x00,0x00,0x09,0x00,0x00,0x00,0x04,0x0C,0x18,0x00,0xE7,0x03,0x00,0x18,0x00,
    0x05,0x00,0x00,0x00,0x09,0x00,0x00,0x00,0x04,0x0C,0x18,0x01,0x05,0x03,0x00,0x18,0x00,0x05,0x00,0x00,0x00,0x09,0x00,0x00,
    0x00,0x04,0x0C,0x18,0x01,0x07,0x03,0x00,0x18,0x00,0x05,0x00,0x00,0x00,0x09,0x00,0x00,0x00,0x07,0x0C,0x18,0x01,0x24,0x03,
    0x0C,0x18,0x01,0xD3,0x00,0x00,0x00,0x05,0x00,0x00,0x00,0x05,0x0C,0x18,0x02,0x17,0x03,0x0C,0x18,0x02,0x13,0x00,0x00,0x00,
    0x00,0x00,0x00,0x00,0x07,0x0C,0x18,0x02,0x17,0x03,0x0C,0x18,0x02,0x13,0x00,0x00,0x00,0x00,0x00,0x00,0x00,0x01,0x0C,0x18,
    0x02,0x28,0x03,0x0C,0x18,0x02,0x13,0x00,0x00,0x00,0x00,0x00,0x00,0x00,0x01,0x0C,0x18,0x02,0x65,0x03,0x0C,0x18,0x02,0x13,
    0x00,0x00,0x00,0x00,0x00,0x00,0x00,0x01,0x0C,0x18,0x02,0x64,0x03,0x0C,0x18,0x02,0x13,0x00,0x00,0x00,0x00,0x00,0x00,0x00,
    0x0B,0x0C,0x18,0x03,0x40,0x03,0x0C,0x18,0x02,0x13,0x00,0x00,0x00,0x00,0x00,0x00,0x00,0x0B,0x0C,0x18,0x03,0x41,0x04,0x00,
    0x18,0x00,0x05,0x00,0x00,0x00,0x09,0x00,0x00,0x00,0x05,0x00,0x18,0x02,0x17,0x04,0x00,0x18,0x00,0x05,0x00,0x00,0x00,0x09,
    0x00,0x00,0x00,0x05,0x00,0x18,0x00,0x0C,0x04,0x00,0x18,0x00,0x05,0x00,0x00,0x00,0x09,0x00,0x00,0x00,0x04,0x00,0x18,0x02,
    0x0E,0x04,0x00,0x18,0x00,0x05,0x00,0x00,0x00,0x09,0x00,0x00,0x00,0x22,0x00,0x18,0x00,0x73,0x04,0x0C,0x18,0x01,0xD3,0x00,
    0x00,0x00,0x05,0x00,0x00,0x00,0x0D,0x00,0x18,0x00,0x05,0x04,0x0C,0x18,0x02,0x18,0x00,0x00,0x00,0x09,0x00,0x00,0x00,0x07,
    0x00,0x18,0x02,0x17,0x04,0x0C,0x18,0x02,0x18,0x00,0x00,0x00,0x09,0x00,0x00,0x00,0x01,0x00,0x18,0x02,0x28,0x04,0x0C,0x18,
    0x02,0x18,0x00,0x00,0x00,0x09,0x00,0x00,0x00,0x01,0x00,0x18,0x02,0x65,0x04,0x0C,0x18,0x02,0x18,0x00,0x00,0x00,0x09,0x00,
    0x00,0x00,0x01,0x00,0x18,0x02,0x64,0x04,0x0C,0x18,0x02,0x18,0x00,0x00,0x00,0x09,0x00,0x00,0x00,0x0B,0x00,0x18,0x03,0x40,
    0x04,0x0C,0x18,0x02,0x18,0x00,0x00,0x00,0x09,0x00,0x00,0x00,0x0B,0x00,0x18,0x03,0x41,0x04,0x0C,0x18,0x02,0x18,0x00,0x00,
    0x00,0x09,0x00,0x00,0x00,0x07,0x00,0x18,0x00,0x0C,0x05,0x00,0x15,0x00,0x0A,0x00,0x30,0x00,0x01,0x00,0x00,0x00,0x09,0x00,
    0x00,0x00,0x0D,0x00,0x0B,0x01,0xDA,0x00,0x00,0x00,0x27,0x00,0x00,0x00,0x02,0x43,0x75,0x74,0x73,0x63,0x65,0x6E,0x65,0x20,
    0x53,0x6B,0x69,0x70,0x70,0x65,0x64,0x2C,0x20,0x50,0x72,0x6F,0x63,0x65,0x65,0x64,0x20,0x74,0x6F,0x20,0x4C,0x61,0x69,0x72,
    0x00,0x00,0x05,0x00,0x3A,0x00,0x0A,0x00,0x24,0x00,0x0A,0x00,0x00,0x00,0x09,0x00,0x00,0x00,0x0D,0x00,0x0A,0x00,0x10,0x00,
    0x00,0x00,0x09,0x00,0x00,0x00,0x0F,0x00,0x0A,0x00,0x2C,0x00,0x00,0x00,0x09,0x00,0x00,0x00,0x0F,0x00,0x0A,0x00,0x2B,0x00,
    0x00,0x00,0x09,0x00,0x00,0x00,0x01,0x00,0x0A,0x00,0x28,0x00,0x00,0x00,0x09,0x00,0x00,0x00,0x01,0x00,0x0A,0x00,0x30,0x00,
    0x00,0x00,0x09,0x00,0x00,0x00,0x0D,0x00,0x0A,0x00,0x30,0x00,0x00,0x00,0x09,0x00,0x00,0x00,0x07,0x00,0x0A,0x00,0x88,0x00,
    0x00,0x00,0x09,0x00,0x00,0x00,0x04,0x00,0x0A,0x00,0x16,0x00,0x00,0x00,0x09,0x00,0x00,0x00,0x04,0x00,0x0A,0x00,0x18,0x00,
    0x00,0x00,0x09,0x00,0x00,0x00,0x0D,0x00,0x0B,0x01,0xDA,0x00,0x00,0x00,0x69,0x00,0x00,0x00,0x0F,0x53,0x70,0x65,0x63,0x69,
    0x61,0x6C,0x46,0x75,0x6E,0x63,0x74,0x69,0x6F,0x6E,0x20,0x43,0x69,0x6E,0x65,0x6D,0x61,0x74,0x69,0x63,0x20,0x53,0x6B,0x69,
    0x70,0x00,0x00,0x00,0x00,0x00,0x00,0x00,0x00,0x00,0x00,0x00,0x00,0x00,0x00,0x00,0x00,0x00,0x00,0x00,0x00,0x00,0x00,0x00,
    0x00,0x00,0x00,0x00,0x00,0x0F,0x00,0x00,0x00,0x00,0x00,0x00,0x00,0x00,0x00,0x00,0x00,0x00,0x00,0xFF,0xFF,0xFF,0xFF,0xFF,
    0xFF,0xFF,0xFF,0x00,0x00,0x00,0x00,0x01,0x00,0x00,0x00,0x00,0xFF,0xFF,0xFF,0xFF,0xFF,0xFF,0xFF,0xFF,0xFF,0xFF,0xFF,0xFF,
    0x05,0x00,0x18,0x00,0x0A,0x00,0x88,0x00,0x00,0x00,0x00,0x00,0x43,0x00,0x00,0x00,0x0A,0x53,0x6B,0x69,0x70,0x20,0x42,0x6C,
    0x61,0x63,0x6B,0x20,0x53,0x63,0x72,0x65,0x65,0x6E,0x00,0x01,0x00,0x00,0x00,0x01,0x00,0x00,0x00,0x00,0x00,0x00,0x00,0x02,
    0x00,0x00,0x00,0x00,0x00,0x00,0x00,0x00,0x00,0x00,0x00,0x00,0x00,0x00,0x00,0x00,0x3F,0x80,0x00,0x00,0x00,0x00,0x00,0x00,
    0x3F,0x00,0x00,0x00,0xFF,0xFF,0xFF,0xFF,0x02,0x00,0x0A,0x00,0x28,0x00,0x00,0x00,0x02,0x00,0x09,0x00,0x05,0x42,0xFA,0xC1,
    0xC2,0x48,0x00,0x10,0x00,0x01,0x00,0x03,0x00,0x0A,0x00,0x10,0x00,0x00,0x00,0x09,0x00,0x00,0x00,0x05,0x00,0x0A,0x00,0x11,
    0x03,0x00,0x0A,0x00,0x10,0x00,0x00,0x00,0x09,0x00,0x00,0x00,0x01,0x00,0x0A,0x00,0x27,0x03,0x00,0x0A,0x00,0x10,0x00,0x00,
    0x00,0x09,0x00,0x00,0x00,0x01,0x00,0x0A,0x00,0x28,0x03,0x00,0x0A,0x00,0x12,0x00,0x00,0x00,0x00,0x00,0x00,0x00,0x01,0x00,
    0x0A,0x00,0x16,0x04,0x00,0x0A,0x00,0x02,0x00,0x00,0x00,0x07,0x00,0x00,0x00,0x0D,0x00,0x0A,0x00,0x30,0x04,0x00,0x0A,0x00,
    0x0F,0x00,0x00,0x00,0x09,0x00,0x00,0x00,0x07,0x00,0x0A,0x00,0x24,0x04,0x00,0x0A,0x00,0x0F,0x00,0x00,0x00,0x09,0x00,0x00,
    0x00,0x01,0x00,0x0A,0x00,0x16,0x04,0x00,0x0A,0x00,0x10,0x00,0x00,0x00,0x09,0x00,0x00,0x00,0x05,0x00,0x0A,0x00,0x24,0x04,
    0x00,0x0A,0x00,0x10,0x00,0x00,0x00,0x09,0x00,0x00,0x00,0x04,0x00,0x0A,0x00,0x11,0x04,0x00,0x0A,0x00,0x13,0x00,0x00,0x00,
    0x05,0x00,0x00,0x00,0x01,0x00,0x0A,0x00,0x27,0x04,0x00,0x0A,0x00,0x13,0x00,0x00,0x00,0x05,0x00,0x00,0x00,0x01,0x00,0x0A,
    0x00,0x28,0x05,0x00,0x15,0x00,0x07,0x00,0xA9,0x00,0x05,0x00,0x00,0x00,0x00,0x00,0x00,0x00,0x01,0x00,0x08,0x00,0x35,0x00,
    0x00,0x00,0x00,0x00,0x00,0x00,0x01,0x00,0x08,0x00,0x34,0x00,0x00,0x00,0x00,0x00,0x00,0x00,0x01,0x00,0x08,0x00,0x3C,0x00,
    0x00,0x00,0x00,0x00,0x00,0x00,0x05,0x00,0x07,0x00,0x0F,0x00,0x00,0x00,0x00,0x00,0x00,0x00,0x07,0x00,0x08,0x00,0x0B,0x00,
    0x00,0x00,0x1A,0x00,0x00,0x00,0x02,0x45,0x6E,0x74,0x72,0x79,0x20,0x63,0x75,0x74,0x73,0x63,0x65,0x6E,0x65,0x20,0x73,0x74,
    0x61,0x72,0x74,0x00,0x00,0x05,0x00,0x15,0x00,0x08,0x00,0x0A,0x00,0x06,0x00,0x00,0x00,0x09,0x00,0x00,0x00,0x04,0x00,0x08,
    0x00,0x33,0x00,0x00,0x00,0x09,0x00,0x00,0x00,0x05,0x00,0x08,0x00,0x3C,0x00,0x00,0x00,0x09,0x00,0x00,0x00,0x0E,0x00,0x08,
    0x00,0x16,0x00,0x00,0x00,0x09,0x00,0x00,0x00,0x0D,0x00,0x08,0x00,0x92,0x00,0x00,0x00,0x09,0x00,0x00,0x00,0x05,0x00,0x07,
    0x00,0x0F,0x00,0x00,0x00,0x09,0x00,0x00,0x00,0x05,0x00,0x08,0x00,0x0B,0x00,0x00,0x00,0x18,0x00,0x00,0x00,0x02,0x45,0x6E,
    0x74,0x72,0x79,0x20,0x63,0x75,0x74,0x73,0x63,0x65,0x6E,0x65,0x20,0x65,0x6E,0x64,0x00,0x01,0x05,0x00,0x3A,0x00,0x08,0x00,
    0x0B,0x00,0x06,0x00,0x00,0x00,0x09,0x00,0x00,0x00,0x0D,0x00,0x08,0x00,0x0A,0x00,0x00,0x00,0x09,0x00,0x00,0x00,0x04,0x00,
    0x08,0x00,0x34,0x00,0x00,0x00,0x09,0x00,0x00,0x00,0x04,0x00,0x08,0x00,0x33,0x00,0x00,0x00,0x09,0x00,0x00,0x00,0x0D,0x00,
    0x08,0x00,0x44,0x00,0x00,0x00,0x09,0x00,0x00,0x00,0x0E,0x00,0x08,0x00,0x0C,0x00,0x00,0x00,0x09,0x00,0x00,0x00,0x01,0x00,
    0x08,0x00,0x1B,0x00,0x00,0x00,0x5F,0x00,0x00,0x00,0x0F,0x45,0x6E,0x74,0x72,0x79,0x20,0x43,0x69,0x6E,0x65,0x6D,0x61,0x74,
    0x69,0x63,0x20,0x53,0x6B,0x69,0x70,0x00,0x00,0x00,0x00,0x00,0x00,0x00,0x00,0x00,0x00,0x00,0x00,0x00,0x00,0x00,0x00,0x00,
    0x00,0x00,0x00,0x00,0x00,0x00,0x00,0x00,0x00,0x00,0x00,0x0F,0x00,0x00,0x00,0x00,0x00,0x00,0x00,0x00,0x00,0x00,0x00,0x00,
    0x00,0xFF,0xFF,0xFF,0xFF,0xFF,0xFF,0xFF,0xFF,0x00,0x00,0x00,0x00,0x01,0x00,0x00,0x00,0x00,0xFF,0xFF,0xFF,0xFF,0xFF,0xFF,
    0xFF,0xFF,0xFF,0xFF,0xFF,0xFF,0x05,0x00,0x3A,0x00,0x08,0x00,0x0F,0x00,0x06,0x00,0x00,0x00,0x09,0x00,0x00,0x00,0x0D,0x00,
    0x09,0x00,0x09,0x00,0x00,0x00,0x09,0x00,0x00,0x00,0x0E,0x00,0x09,0x00,0x0B,0x00,0x00,0x00,0x09,0x00,0x00,0x00,0x04,0x00,
    0x09,0x00,0x33,0x00,0x00,0x00,0x09,0x00,0x00,0x00,0x04,0x00,0x09,0x00,0x32,0x00,0x00,0x00,0x09,0x00,0x00,0x00,0x0D,0x00,
    0x09,0x00,0x43,0x00,0x00,0x00,0x09,0x00,0x00,0x00,0x0D,0x00,0x09,0x00,0x80,0x00,0x00,0x00,0x5E,0x00,0x00,0x00,0x0F,0x45,
    0x78,0x69,0x74,0x20,0x43,0x69,0x6E,0x65,0x6D,0x61,0x74,0x69,0x63,0x20,0x53,0x6B,0x69,0x70,0x00,0x00,0x00,0x00,0x00,0x00,
    0x00,0x00,0x00,0x00,0x00,0x00,0x00,0x00,0x00,0x00,0x00,0x00,0x00,0x00,0x00,0x00,0x00,0x00,0x00,0x00,0x00,0x00,0x0F,0x00,
    0x00,0x00,0x00,0x00,0x00,0x00,0x00,0x00,0x00,0x00,0x00,0x00,0xFF,0xFF,0xFF,0xFF,0xFF,0xFF,0xFF,0xFF,0x00,0x00,0x00,0x00,
    0x01,0x00,0x00,0x00,0x00,0xFF,0xFF,0xFF,0xFF,0xFF,0xFF,0xFF,0xFF,0xFF,0xFF,0xFF,0xFF,0x05,0x00,0x05,0x00,0x08,0x00,0x0C,
    0x00,0x01,0x00,0x00,0x00,0x09,0x00,0x00,0x00,0x0E,0x00,0x08,0x00,0x16,0x00,0x00,0x00,0x19,0x00,0x00,0x00,0x06,0x52,0x65,
    0x73,0x65,0x74,0x20,0x45,0x78,0x6F,0x00,0x3F,0x00,0x00,0x00,0x00,0x00,0x00,0x00,0x00,0x00,0x01,0x03,0x00,0x08,0x00,0x35,
    0x00,0x00,0x00,0x00,0x00,0x00,0x00,0x07,0x00,0x08,0x00,0x3C,0x03,0x00,0x08,0x00,0x36,0x00,0x00,0x00,0x05,0x00,0x00,0x00,
    0x04,0x00,0x08,0x00,0x33,0x03,0x00,0x08,0x00,0x36,0x00,0x00,0x00,0x05,0x00,0x00,0x00,0x05,0x00,0x08,0x00,0x3C,0x03,0x00,
    0x08,0x00,0x36,0x00,0x00,0x00,0x05,0x00,0x00,0x00,0x0E,0x00,0x08,0x00,0x16,0x03,0x00,0x08,0x00,0x36,0x00,0x00,0x00,0x05,
    0x00,0x00,0x00,0x0D,0x00,0x08,0x00,0x92,0x03,0x00,0x08,0x00,0x47,0x00,0x00,0x00,0x00,0x00,0x00,0x00,0x07,0x00,0x08,0x00,
    0x46,0x03,0x00,0x08,0x00,0x47,0x00,0x00,0x00,0x05,0x00,0x00,0x00,0x05,0x00,0x08,0x00,0x46,0x03,0x00,0x08,0x00,0x47,0x00,
    0x00,0x00,0x05,0x00,0x00,0x00,0x0D,0x00,0x08,0x00,0x4D,0x04,0x00,0x08,0x00,0x25,0x00,0x00,0x00,0x09,0x00,0x00,0x00,0x07,
    0x00,0x08,0x00,0x46,0x04,0x00,0x08,0x00,0x25,0x00,0x00,0x00,0x09,0x00,0x00,0x00,0x07,0x00,0x08,0x00,0x46,0x04,0x00,0x08,
    0x00,0x25,0x00,0x00,0x00,0x09,0x00,0x00,0x00,0x07,0x00,0x08,0x00,0x0F,0x04,0x00,0x08,0x00,0x36,0x00,0x00,0x00,0x05,0x00,
    0x00,0x00,0x0D,0x00,0x08,0x00,0x0A,0x06,0x00,0x08,0x00,0x90,0x05,0x00,0x0F,0x00,0x54,0xC5,0x63,0x00,0x00,0x00,0x00,0x00,
    0x99,0x00,0x00,0x00,0x23,0x4D,0x6F,0x72,0x70,0x68,0x00,0x00,0x00,0x00,0x00,0x00,0x00,0x00,0x00,0x00,0x00,0x00,0x00,0x00,
    0x00,0x00,0x00,0x00,0x00,0x00,0x00,0x00,0x00,0x00,0x00,0x00,0x00,0x00,0x00,0x00,0x00,0x00,0x00,0x00,0x00,0x00,0x00,0x00,
    0x00,0x00,0x00,0x00,0x00,0x00,0x00,0x00,0x00,0x00,0x00,0x00,0x00,0x00,0x00,0x00,0x00,0x00,0x00,0x00,0x00,0x00,0x00,0x00,
    0x00,0x00,0x00,0x00,0x00,0x00,0x00,0x00,0x00,0x00,0x00,0x00,0x00,0x00,0x00,0x00,0x00,0x00,0x00,0x00,0x00,0x00,0x00,0x00,
    0x00,0x00,0x00,0x00,0x00,0x00,0x00,0x00,0x00,0x00,0x00,0x00,0x00,0x00,0x00,0x00,0x00,0x00,0x00,0x00,0x00,0x00,0x00,0x00,
    0x00,0x00,0x00,0x00,0x00,0x00,0x00,0x00,0x00,0x00,0x00,0x00,0x00,0x00,0x00,0x00,0x00,0x00,0x00,0x00,0x00,0x00,0x00,0x00,
    0x00,0x00,0x00,0x00,0x00,0x00,0x00,0x00,0x01,0x01,0x05,0x00,0x3A,0x00,0x2B,0x00,0x3E,0x00,0x05,0x00,0x00,0x00,0x09,0x00,
    0x00,0x00,0x0B,0x00,0x18,0x00,0x55,0x00,0x00,0x00,0x09,0x00,0x00,0x00,0x04,0x00,0x2B,0x00,0x33,0x00,0x00,0x00,0x09,0x00,
    0x00,0x00,0x14,0x00,0x2B,0x00,0x23,0x00,0x00,0x00,0x09,0x00,0x00,0x00,0x01,0x00,0x2B,0x00,0x18,0x00,0x00,0x00,0x09,0x00,
    0x00,0x00,0x07,0x00,0x00,0xA4,0x55,0x00,0x00,0x00,0x63,0x00,0x00,0x00,0x0F,0x44,0x65,0x70,0x61,0x72,0x74,0x75,0x72,0x65,
    0x20,0x43,0x69,0x6E,0x65,0x6D,0x61,0x74,0x69,0x63,0x20,0x53,0x6B,0x69,0x70,0x00,0x00,0x00,0x00,0x00,0x00,0x00,0x00,0x00,
    0x00,0x00,0x00,0x00,0x00,0x00,0x00,0x00,0x00,0x00,0x00,0x00,0x00,0x00,0x00,0x00,0x00,0x00,0x00,0x0F,0x00,0x00,0x00,0x00,
    0x00,0x00,0x00,0x00,0x00,0x00,0x00,0x00,0x00,0xFF,0xFF,0xFF,0xFF,0xFF,0xFF,0xFF,0xFF,0x00,0x00,0x00,0x00,0x01,0x00,0x00,
    0x00,0x00,0xFF,0xFF,0xFF,0xFF,0xFF,0xFF,0xFF,0xFF,0xFF,0xFF,0xFF,0xFF,0x05,0x00,0x3A,0x00,0x2B,0x00,0x45,0x00,0x05,0x00,
    0x00,0x00,0x09,0x00,0x00,0x00,0x01,0x00,0x0A,0x2C,0x2A,0x00,0x00,0x00,0x09,0x00,0x00,0x00,0x07,0x00,0x00,0xA4,0x55,0x00,
    0x00,0x00,0x09,0x00,0x00,0x00,0x08,0x00,0x2B,0x00,0x1F,0x00,0x00,0x00,0x09,0x00,0x00,0x00,0x04,0x00,0x2B,0x00,0x18,0x00,
    0x00,0x00,0x09,0x00,0x00,0x00,0x04,0x00,0x2B,0x00,0x5B,0x00,0x00,0x00,0x61,0x00,0x00,0x00,0x0F,0x41,0x72,0x72,0x69,0x76,
    0x61,0x6C,0x20,0x43,0x69,0x6E,0x65,0x6D,0x61,0x74,0x69,0x63,0x20,0x53,0x6B,0x69,0x70,0x00,0x00,0x00,0x00,0x00,0x00,0x00,
    0x00,0x00,0x00,0x00,0x00,0x00,0x00,0x00,0x00,0x00,0x00,0x00,0x00,0x00,0x00,0x00,0x00,0x00,0x00,0x00,0x00,0x0F,0x00,0x00,
    0x00,0x00,0x00,0x00,0x00,0x00,0x00,0x00,0x00,0x00,0x00,0xFF,0xFF,0xFF,0xFF,0xFF,0xFF,0xFF,0xFF,0x00,0x00,0x00,0x00,0x01,
    0x00,0x00,0x00,0x00,0xFF,0xFF,0xFF,0xFF,0xFF,0xFF,0xFF,0xFF,0xFF,0xFF,0xFF,0xFF,0x05,0x00,0x0C,0x00,0x0A,0x2C,0x2A,0x00,
    0x04,0x00,0x00,0x00,0x00,0x00,0x00,0x00,0x0D,0x00,0x54,0xC5,0x63,0x00,0x00,0x00,0x05,0x00,0x00,0x00,0x05,0x00,0x00,0xA4,
    0x55,0x00,0x00,0x00,0x05,0x00,0x00,0x00,0x0D,0x00,0x2B,0x00,0x10,0x00,0x00,0x00,0x05,0x00,0x00,0x00,0x0D,0x00,0x2B,0x00,
    0x20,0x00,0x00,0x00,0x33,0x00,0x00,0x00,0x0F,0x48,0x6F,0x6C,0x64,0x00,0x00,0x00,0x00,0x00,0x00,0x00,0x00,0x00,0x00,0x00,
    0x00,0x00,0x00,0x00,0x00,0x00,0x00,0x00,0x00,0x00,0x00,0x00,0x00,0x00,0x00,0x40,0xE0,0x00,0x00,0x00,0x00,0x00,0x00,0x01,
    0x00,0x00,0x42,0x8C,0x00,0x00,0x01,0x00,0x05,0x00,0x18,0x00,0x00,0xA4,0x55,0x00,0x00,0x00,0x00,0x00,0x3C,0x00,0x00,0x00,
    0x0A,0x48,0x6F,0x6C,0x64,0x20,0x42,0x6C,0x61,0x63,0x6B,0x00,0x01,0x00,0x00,0x00,0x01,0x00,0x00,0x00,0x00,0x00,0x00,0x00,
    0x02,0x00,0x00,0x00,0x00,0x00,0x00,0x00,0x00,0x00,0x00,0x00,0x00,0x00,0x00,0x00,0x00,0x3F,0x80,0x00,0x00,0x00,0x00,0x00,
    0x00,0x3F,0x00,0x00,0x00,0xFF,0xFF,0xFF,0xFF,0x05,0x00,0x05,0x00,0x18,0x00,0x55,0x00,0x01,0x00,0x00,0x00,0x09,0x00,0x00,
    0x00,0x08,0x00,0x2B,0x00,0x0F,0x00,0x00,0x00,0x2B,0x00,0x00,0x00,0x06,0x43,0x75,0x74,0x73,0x63,0x65,0x6E,0x65,0x20,0x53,
    0x6B,0x69,0x70,0x20,0x32,0x20,0x46,0x72,0x61,0x6D,0x65,0x20,0x44,0x65,0x6C,0x61,0x79,0x00,0x3C,0xA3,0xD7,0x0A,0x00,0x00,
    0x00,0x00,0x00,0x00,0x01,0x05,0x00,0x05,0x00,0x0A,0x2B,0xBB,0x00,0x01,0x00,0x00,0x00,0x09,0x00,0x00,0x00,0x04,0x00,0x0A,
    0x2C,0x2A,0x00,0x00,0x00,0x1A,0x00,0x00,0x00,0x06,0x4C,0x6F,0x61,0x64,0x20,0x54,0x69,0x6D,0x65,0x72,0x00,0x3A,0x83,0x12,
    0x6F,0x00,0x00,0x00,0x00,0x01,0x01,0x00,0x03,0x00,0x2B,0x00,0x11,0x00,0x00,0x00,0x00,0x00,0x00,0x00,0x07,0x00,0x2B,0x00,
    0x36,0x03,0x00,0x2B,0x00,0x11,0x00,0x00,0x00,0x00,0x00,0x00,0x00,0x01,0x00,0x2B,0x00,0x12,0x03,0x00,0x2B,0x00,0x11,0x00,
    0x00,0x00,0x00,0x00,0x00,0x00,0x14,0x00,0x2B,0x00,0x43,0x03,0x00,0x2B,0x00,0x18,0x00,0x00,0x00,0x05,0x00,0x00,0x00,0x04,
    0x00,0x2B,0x00,0x12,0x03,0x00,0x2B,0x00,0x18,0x00,0x00,0x00,0x05,0x00,0x00,0x00,0x05,0x00,0x2B,0x00,0x36,0x03,0x00,0x2B,
    0x00,0x18,0x00,0x00,0x00,0x05,0x00,0x00,0x00,0x0D,0x00,0x2B,0x00,0x40,0x03,0x00,0x2B,0x00,0x18,0x00,0x00,0x00,0x05,0x00,
    0x00,0x00,0x0D,0x00,0x2B,0x00,0x20,0x04,0x00,0x2B,0x00,0x01,0x00,0x00,0x00,0x07,0x00,0x00,0x00,0x01,0x00,0x0A,0x2B,0xBB,
    0x04,0x00,0x2B,0x00,0x10,0x00,0x00,0x00,0x09,0x00,0x00,0x00,0x05,0x00,0x2B,0x00,0x45,0x04,0x00,0x2B,0x00,0x10,0x00,0x00,
    0x00,0x09,0x00,0x00,0x00,0x04,0x00,0x2B,0x00,0x12,0x04,0x00,0x2B,0x00,0x10,0x00,0x00,0x00,0x09,0x00,0x00,0x00,0x05,0x00,
    0x2B,0x00,0x36,0x04,0x00,0x2B,0x00,0x10,0x00,0x00,0x00,0x09,0x00,0x00,0x00,0x0D,0x00,0x2B,0x00,0x40,0x04,0x00,0x2B,0x00,
    0x10,0x00,0x00,0x00,0x09,0x00,0x00,0x00,0x0D,0x00,0x2B,0x00,0x20,0x04,0x00,0x2B,0x00,0x16,0x00,0x00,0x00,0x09,0x00,0x00,
    0x00,0x07,0x00,0x2B,0x00,0x45,0x04,0x00,0x2B,0x00,0x16,0x00,0x00,0x00,0x09,0x00,0x00,0x00,0x07,0x00,0x2B,0x00,0x36,0x04,
    0x00,0x2B,0x00,0x16,0x00,0x00,0x00,0x09,0x00,0x00,0x00,0x01,0x00,0x2B,0x00,0x12,0x04,0x00,0x2B,0x00,0x16,0x00,0x00,0x00,
    0x09,0x00,0x00,0x00,0x14,0x00,0x2B,0x00,0x43,0x04,0x00,0x2B,0x00,0x18,0x00,0x00,0x00,0x05,0x00,0x00,0x00,0x0D,0x00,0x2B,
    0x00,0x10,0x04,0x00,0x2B,0x00,0x2E,0x00,0x00,0x00,0x09,0x00,0x00,0x00,0x07,0x00,0x2B,0x00,0x3E,0x04,0x00,0x2B,0x00,0x2F,
    0x00,0x00,0x00,0x09,0x00,0x00,0x00,0x05,0x00,0x2B,0x00,0x3E,0x06,0x00,0x2B,0x00,0x17,0x05,0x00,0x0F,0x00,0x54,0xC5,0x63,
    0x00,0x00,0x00,0x00,0x00,0x99,0x00,0x00,0x00,0x23,0x4D,0x6F,0x72,0x70,0x68,0x00,0x00,0x00,0x00,0x00,0x00,0x00,0x00,0x00,
    0x00,0x00,0x00,0x00,0x00,0x00,0x00,0x00,0x00,0x00,0x00,0x00,0x00,0x00,0x00,0x00,0x00,0x00,0x00,0x00,0x00,0x00,0x00,0x00,
    0x00,0x00,0x00,0x00,0x00,0x00,0x00,0x00,0x00,0x00,0x00,0x00,0x00,0x00,0x00,0x00,0x00,0x00,0x00,0x00,0x00,0x00,0x00,0x00,
    0x00,0x00,0x00,0x00,0x00,0x00,0x00,0x00,0x00,0x00,0x00,0x00,0x00,0x00,0x00,0x00,0x00,0x00,0x00,0x00,0x00,0x00,0x00,0x00,
    0x00,0x00,0x00,0x00,0x00,0x00,0x00,0x00,0x00,0x00,0x00,0x00,0x00,0x00,0x00,0x00,0x00,0x00,0x00,0x00,0x00,0x00,0x00,0x00,
    0x00,0x00,0x00,0x00,0x00,0x00,0x00,0x00,0x00,0x00,0x00,0x00,0x00,0x00,0x00,0x00,0x00,0x00,0x00,0x00,0x00,0x00,0x00,0x00,
    0x00,0x00,0x00,0x00,0x00,0x00,0x00,0x00,0x00,0x00,0x00,0x00,0x00,0x01,0x01,0x05,0x00,0x3A,0x00,0x18,0x00,0x11,0x00,0x05,
    0x00,0x00,0x00,0x09,0x00,0x00,0x00,0x0B,0x00,0x18,0x00,0x55,0x00,0x00,0x00,0x09,0x00,0x00,0x00,0x04,0x00,0x18,0x00,0x37,
    0x00,0x00,0x00,0x09,0x00,0x00,0x00,0x14,0x00,0x18,0x00,0x27,0x00,0x00,0x00,0x09,0x00,0x00,0x00,0x07,0x00,0x00,0xA4,0x55,
    0x00,0x00,0x00,0x09,0x00,0x00,0x00,0x01,0x00,0x18,0x00,0x35,0x00,0x00,0x00,0x63,0x00,0x00,0x00,0x0F,0x44,0x65,0x70,0x61,
    0x72,0x74,0x75,0x72,0x65,0x20,0x43,0x69,0x6E,0x65,0x6D,0x61,0x74,0x69,0x63,0x20,0x53,0x6B,0x69,0x70,0x00,0x00,0x00,0x00,
    0x00,0x00,0x00,0x00,0x00,0x00,0x00,0x00,0x00,0x00,0x00,0x00,0x00,0x00,0x00,0x00,0x00,0x00,0x00,0x00,0x00,0x00,0x00,0x00,
    0x0F,0x00,0x00,0x00,0x00,0x00,0x00,0x00,0x00,0x00,0x00,0x00,0x00,0x00,0xFF,0xFF,0xFF,0xFF,0xFF,0xFF,0xFF,0xFF,0x00,0x00,
    0x00,0x00,0x01,0x00,0x00,0x00,0x00,0xFF,0xFF,0xFF,0xFF,0xFF,0xFF,0xFF,0xFF,0xFF,0xFF,0xFF,0xFF,0x05,0x00,0x3A,0x00,0x18,
    0x00,0x12,0x00,0x06,0x00,0x00,0x00,0x09,0x00,0x00,0x00,0x08,0x00,0x18,0x00,0x23,0x00,0x00,0x00,0x09,0x00,0x00,0x00,0x04,
    0x00,0x18,0x00,0x16,0x00,0x00,0x00,0x09,0x00,0x00,0x00,0x04,0x00,0x18,0x00,0x1C,0x00,0x00,0x00,0x09,0x00,0x00,0x00,0x04,
    0x00,0x18,0x00,0x69,0x00,0x00,0x00,0x09,0x00,0x00,0x00,0x01,0x00,0x0A,0x2C,0x2A,0x00,0x00,0x00,0x09,0x00,0x00,0x00,0x07,
    0x00,0x00,0xA4,0x55,0x00,0x00,0x00,0x61,0x00,0x00,0x00,0x0F,0x41,0x72,0x72,0x69,0x76,0x61,0x6C,0x20,0x43,0x69,0x6E,0x65,
    0x6D,0x61,0x74,0x69,0x63,0x20,0x53,0x6B,0x69,0x70,0x00,0x00,0x00,0x00,0x00,0x00,0x00,0x00,0x00,0x00,0x00,0x00,0x00,0x00,
    0x00,0x00,0x00,0x00,0x00,0x00,0x00,0x00,0x00,0x00,0x00,0x00,0x00,0x00,0x0F,0x00,0x00,0x00,0x00,0x00,0x00,0x00,0x00,0x00,
    0x00,0x00,0x00,0x00,0xFF,0xFF,0xFF,0xFF,0xFF,0xFF,0xFF,0xFF,0x00,0x00,0x00,0x00,0x01,0x00,0x00,0x00,0x00,0xFF,0xFF,0xFF,
    0xFF,0xFF,0xFF,0xFF,0xFF,0xFF,0xFF,0xFF,0xFF,0x05,0x00,0x0C,0x00,0x0A,0x2C,0x2A,0x00,0x03,0x00,0x00,0x00,0x00,0x00,0x00,
    0x00,0x0D,0x00,0x54,0xC5,0x63,0x00,0x00,0x00,0x05,0x00,0x00,0x00,0x05,0x00,0x00,0xA4,0x55,0x00,0x00,0x00,0x05,0x00,0x00,
    0x00,0x0D,0x00,0x18,0x00,0x14,0x00,0x00,0x00,0x33,0x00,0x00,0x00,0x0F,0x48,0x6F,0x6C,0x64,0x00,0x00,0x00,0x00,0x00,0x00,
    0x00,0x00,0x00,0x00,0x00,0x00,0x00,0x00,0x00,0x00,0x00,0x00,0x00,0x00,0x00,0x00,0x00,0x00,0x00,0x00,0x40,0xE0,0x00,0x00,
    0x00,0x00,0x00,0x00,0x01,0x00,0x00,0x42,0x8C,0x00,0x00,0x01,0x00,0x05,0x00,0x18,0x00,0x00,0xA4,0x55,0x00,0x00,0x00,0x00,
    0x00,0x3C,0x00,0x00,0x00,0x0A,0x48,0x6F,0x6C,0x64,0x20,0x42,0x6C,0x61,0x63,0x6B,0x00,0x01,0x00,0x00,0x00,0x01,0x00,0x00,
    0x00,0x00,0x00,0x00,0x00,0x02,0x00,0x00,0x00,0x00,0x00,0x00,0x00,0x00,0x00,0x00,0x00,0x00,0x00,0x00,0x00,0x00,0x3F,0x80,
    0x00,0x00,0x00,0x00,0x00,0x00,0x3F,0x00,0x00,0x00,0xFF,0xFF,0xFF,0xFF,0x05,0x00,0x05,0x00,0x18,0x00,0x55,0x00,0x01,0x00,
    0x00,0x00,0x09,0x00,0x00,0x00,0x08,0x00,0x18,0x00,0x13,0x00,0x00,0x00,0x2B,0x00,0x00,0x00,0x06,0x43,0x75,0x74,0x73,0x63,
    0x65,0x6E,0x65,0x20,0x53,0x6B,0x69,0x70,0x20,0x32,0x20,0x46,0x72,0x61,0x6D,0x65,0x20,0x44,0x65,0x6C,0x61,0x79,0x00,0x3C,
    0xA3,0xD7,0x0A,0x00,0x00,0x00,0x00,0x00,0x00,0x01,0x05,0x00,0x05,0x00,0x0A,0x2B,0xBB,0x00,0x01,0x00,0x00,0x00,0x09,0x00,
    0x00,0x00,0x04,0x00,0x0A,0x2C,0x2A,0x00,0x00,0x00,0x1A,0x00,0x00,0x00,0x06,0x4C,0x6F,0x61,0x64,0x20,0x54,0x69,0x6D,0x65,
    0x72,0x00,0x3C,0x23,0xD7,0x0A,0x00,0x00,0x00,0x00,0x01,0x01,0x00,0x03,0x00,0x18,0x00,0x15,0x00,0x00,0x00,0x00,0x00,0x00,
    0x00,0x07,0x00,0x18,0x00,0x3A,0x03,0x00,0x18,0x00,0x15,0x00,0x00,0x00,0x00,0x00,0x00,0x00,0x01,0x00,0x18,0x00,0x16,0x03,
    0x00,0x18,0x00,0x15,0x00,0x00,0x00,0x00,0x00,0x00,0x00,0x14,0x00,0x18,0x00,0x45,0x03,0x00,0x18,0x00,0x1C,0x00,0x00,0x00,
    0x05,0x00,0x00,0x00,0x04,0x00,0x18,0x00,0x16,0x03,0x00,0x18,0x00,0x1C,0x00,0x00,0x00,0x05,0x00,0x00,0x00,0x05,0x00,0x18,
    0x00,0x3A,0x03,0x00,0x18,0x00,0x1C,0x00,0x00,0x00,0x05,0x00,0x00,0x00,0x0D,0x00,0x18,0x00,0x42,0x03,0x00,0x18,0x00,0x1C,
    0x00,0x00,0x00,0x05,0x00,0x00,0x00,0x0D,0x00,0x18,0x00,0x24,0x04,0x00,0x18,0x00,0x01,0x00,0x00,0x00,0x07,0x00,0x00,0x00,
    0x01,0x00,0x0A,0x2B,0xBB,0x04,0x00,0x18,0x00,0x14,0x00,0x00,0x00,0x09,0x00,0x00,0x00,0x05,0x00,0x18,0x00,0x12,0x04,0x00,
    0x18,0x00,0x14,0x00,0x00,0x00,0x09,0x00,0x00,0x00,0x04,0x00,0x18,0x00,0x16,0x04,0x00,0x18,0x00,0x14,0x00,0x00,0x00,0x09,
    0x00,0x00,0x00,0x05,0x00,0x18,0x00,0x3A,0x04,0x00,0x18,0x00,0x14,0x00,0x00,0x00,0x09,0x00,0x00,0x00,0x0D,0x00,0x18,0x00,
    0x42,0x04,0x00,0x18,0x00,0x14,0x00,0x00,0x00,0x09,0x00,0x00,0x00,0x0D,0x00,0x18,0x00,0x24,0x04,0x00,0x18,0x00,0x1A,0x00,
    0x00,0x00,0x09,0x00,0x00,0x00,0x07,0x00,0x18,0x00,0x12,0x04,0x00,0x18,0x00,0x1A,0x00,0x00,0x00,0x09,0x00,0x00,0x00,0x07,
    0x00,0x18,0x00,0x3A,0x04,0x00,0x18,0x00,0x1A,0x00,0x00,0x00,0x09,0x00,0x00,0x00,0x01,0x00,0x18,0x00,0x16,0x04,0x00,0x18,
    0x00,0x1A,0x00,0x00,0x00,0x09,0x00,0x00,0x00,0x14,0x00,0x18,0x00,0x45,0x04,0x00,0x18,0x00,0x1C,0x00,0x00,0x00,0x05,0x00,
    0x00,0x00,0x0D,0x00,0x18,0x00,0x14,0x04,0x00,0x18,0x00,0x32,0x00,0x00,0x00,0x09,0x00,0x00,0x00,0x07,0x00,0x18,0x00,0x11,
    0x04,0x00,0x18,0x00,0x33,0x00,0x00,0x00,0x09,0x00,0x00,0x00,0x05,0x00,0x18,0x00,0x11,0x04,0x00,0x18,0x00,0x3B,0x00,0x00,
    0x00,0x03,0x00,0x00,0x00,0x0D,0x00,0x18,0x00,0x01,0x04,0x00,0x18,0x00,0x3B,0x00,0x00,0x00,0x03,0x00,0x00,0x00,0x0D,0x00,
    0x18,0x00,0x03,0x04,0x00,0x18,0x00,0x3B,0x00,0x00,0x00,0x03,0x00,0x00,0x00,0x0D,0x00,0x18,0x00,0x02,0x06,0x00,0x18,0x00,
    0x1B,0x05,0x00,0x15,0x00,0x2A,0x00,0x0C,0x00,0x03,0x00,0x00,0x00,0x09,0x00,0x00,0x00,0x07,0x00,0x2A,0x00,0x0E,0x00,0x00,
    0x00,0x09,0x00,0x00,0x00,0x01,0x00,0x2A,0x00,0xC4,0x00,0x00,0x00,0x09,0x00,0x00,0x00,0x07,0x00,0x2A,0x00,0xC5,0x00,0x00,
    0x00,0x19,0x00,0x00,0x00,0x02,0x47,0x68,0x6F,0x73,0x74,0x73,0x20,0x43,0x69,0x6E,0x65,0x6D,0x61,0x20,0x53,0x74,0x61,0x72,
    0x74,0x00,0x01,0x05,0x00,0x15,0x00,0x2A,0x00,0x0D,0x00,0x03,0x00,0x00,0x00,0x09,0x00,0x00,0x00,0x05,0x00,0x2A,0x00,0x0E,
    0x00,0x00,0x00,0x09,0x00,0x00,0x00,0x05,0x00,0x2A,0x00,0xC5,0x00,0x00,0x00,0x09,0x00,0x00,0x00,0x0D,0x00,0x2A,0x01,0x49,
    0x00,0x00,0x00,0x17,0x00,0x00,0x00,0x02,0x47,0x68,0x6F,0x73,0x74,0x73,0x20,0x43,0x69,0x6E,0x65,0x6D,0x61,0x20,0x45,0x6E,
    0x64,0x00,0x01,0x05,0x00,0x15,0x00,0x2A,0x00,0x10,0x00,0x02,0x00,0x00,0x00,0x09,0x00,0x00,0x00,0x05,0x00,0x2A,0x00,0x11,
    0x00,0x00,0x00,0x09,0x00,0x00,0x00,0x05,0x00,0x2A,0x00,0xC5,0x00,0x00,0x00,0x1F,0x00,0x00,0x00,0x02,0x47,0x68,0x6F,0x73,
    0x74,0x73,0x20,0x44,0x65,0x61,0x64,0x20,0x43,0x69,0x6E,0x65,0x6D,0x61,0x74,0x69,0x63,0x20,0x45,0x6E,0x64,0x00,0x01,0x05,
    0x00,0x15,0x00,0x2A,0x00,0x02,0x00,0x02,0x00,0x00,0x00,0x09,0x00,0x00,0x00,0x05,0x00,0x2A,0x00,0x07,0x00,0x00,0x00,0x09,
    0x00,0x00,0x00,0x05,0x00,0x2A,0x00,0xC5,0x00,0x00,0x00,0x1F,0x00,0x00,0x00,0x02,0x45,0x6E,0x64,0x20,0x45,0x78,0x74,0x65,
    0x6E,0x64,0x20,0x50,0x6F,0x73,0x74,0x20,0x43,0x69,0x6E,0x65,0x6D,0x61,0x74,0x69,0x63,0x00,0x01,0x05,0x00,0x15,0x00,0x2A,
    0x00,0x0A,0x00,0x02,0x00,0x00,0x00,0x09,0x00,0x00,0x00,0x05,0x00,0x2A,0x00,0x0B,0x00,0x00,0x00,0x09,0x00,0x00,0x00,0x05,
    0x00,0x2A,0x00,0xC5,0x00,0x00,0x00,0x21,0x00,0x00,0x00,0x02,0x45,0x6E,0x64,0x20,0x55,0x6E,0x76,0x65,0x69,0x6C,0x20,0x50,
    0x69,0x6C,0x6C,0x61,0x72,0x20,0x43,0x69,0x6E,0x65,0x6D,0x61,0x74,0x69,0x63,0x00,0x01,0x05,0x00,0x15,0x00,0x2A,0x01,0x0C,
    0x00,0x01,0x00,0x00,0x00,0x09,0x00,0x00,0x00,0x08,0x00,0x2A,0x01,0xCB,0x00,0x00,0x00,0x21,0x00,0x00,0x00,0x02,0x50,0x6C,
    0x61,0x74,0x66,0x6F,0x72,0x6D,0x20,0x53,0x6B,0x69,0x70,0x2C,0x20,0x4D,0x6F,0x76,0x65,0x20,0x74,0x6F,0x20,0x6E,0x65,0x78,
    0x74,0x00,0x01,0x05,0x00,0x0F,0x00,0x2A,0x00,0x12,0x00,0x00,0x00,0x00,0x00,0xB5,0x00,0x00,0x00,0x23,0x43,0x75,0x74,0x73,
    0x63,0x65,0x6E,0x65,0x20,0x53,0x6B,0x69,0x70,0x20,0x53,0x6F,0x66,0x74,0x6C,0x6F,0x63,0x6B,0x20,0x50,0x72,0x65,0x76,0x65,
    0x6E,0x74,0x69,0x6F,0x6E,0x00,0x41,0x8B,0x43,0x3D,0xC2,0x33,0xB3,0x79,0x40,0x0D,0xBA,0xE0,0x00,0x00,0x00,0x00,0x00,0x00,
    0x00,0x00,0xC3,0x34,0x00,0x00,0x00,0x00,0x00,0x00,0x00,0x00,0x00,0x00,0x00,0x00,0x00,0x00,0x00,0x00,0x00,0x00,0x00,0x00,
    0x00,0x00,0x00,0x00,0x00,0x00,0x00,0x00,0x00,0x00,0x00,0x00,0x00,0x00,0x00,0x00,0x00,0x00,0x00,0x00,0x00,0x00,0x00,0x00,
    0x00,0x00,0x00,0x00,0x00,0x00,0x00,0x00,0x00,0x00,0x00,0x00,0x00,0x00,0x00,0x00,0x00,0x00,0x00,0x00,0x00,0x00,0x00,0x00,
    0x00,0x00,0x00,0x00,0x00,0x00,0x00,0x00,0x00,0x00,0x00,0x00,0x00,0x00,0x00,0x00,0x00,0x00,0x00,0x00,0x00,0x00,0x00,0x00,
    0x00,0x00,0x00,0x00,0x00,0x00,0x00,0x00,0x00,0x00,0x00,0x00,0x00,0x00,0x00,0x00,0x00,0x00,0x00,0x00,0x00,0x00,0x00,0x00,
    0x00,0x00,0x00,0x00,0x01,0x05,0x00,0x04,0x00,0x2A,0x00,0x14,0x00,0x02,0x00,0x00,0x00,0x03,0x00,0x00,0x00,0x01,0x00,0x2A,
    0x00,0x12,0x00,0x00,0x00,0x04,0x00,0x00,0x00,0x04,0x00,0x2A,0x00,0x12,0x00,0x00,0x00,0x5F,0x00,0x00,0x00,0x09,0x52,0x65,
    0x70,0x6F,0x73,0x69,0x74,0x69,0x6F,0x6E,0x20,0x50,0x6C,0x61,0x79,0x65,0x72,0x20,0x69,0x66,0x20,0x49,0x6E,0x73,0x69,0x64,
    0x65,0x00,0x41,0x8C,0xF8,0x77,0xC2,0x44,0x56,0x3D,0x41,0x11,0x58,0xC4,0x40,0x40,0x00,0x00,0x40,0x40,0x00,0x00,0x40,0xE0,
    0x00,0x00,0x00,0x00,0x00,0x04,0x00,0x00,0x00,0x00,0x00,0x00,0x00,0x00,0x00,0x00,0x00,0x00,0x00,0x00,0x00,0x00,0x00,0x00,
    0x00,0x00,0x00,0x00,0x00,0x00,0x00,0x00,0x00,0x00,0x00,0x00,0x00,0x01,0x01,0x01,0x00,0x05,0x00,0x3A,0x00,0x2A,0x00,0x07,
    0x00,0x04,0x00,0x00,0x00,0x09,0x00,0x00,0x00,0x0D,0x00,0x2A,0x00,0x02,0x00,0x00,0x00,0x09,0x00,0x00,0x00,0x0D,0x00,0x2A,
    0x01,0x0C,0x00,0x00,0x00,0x09,0x00,0x00,0x00,0x04,0x00,0x2A,0x01,0xD0,0x00,0x00,0x00,0x09,0x00,0x00,0x00,0x0D,0x00,0x2A,
    0x00,0x12,0x00,0x00,0x00,0x65,0x00,0x00,0x00,0x0F,0x50,0x69,0x6C,0x6C,0x61,0x72,0x20,0x52,0x69,0x73,0x65,0x20,0x43,0x69,
    0x6E,0x65,0x6D,0x61,0x74,0x69,0x63,0x20,0x53,0x6B,0x69,0x70,0x00,0x00,0x00,0x00,0x00,0x00,0x00,0x00,0x00,0x00,0x00,0x00,
    0x00,0x00,0x00,0x00,0x00,0x00,0x00,0x00,0x00,0x00,0x00,0x00,0x00,0x00,0x00,0x00,0x0F,0x00,0x00,0x00,0x00,0x00,0x00,0x00,
    0x00,0x00,0x00,0x00,0x00,0x00,0xFF,0xFF,0xFF,0xFF,0xFF,0xFF,0xFF,0xFF,0x00,0x00,0x00,0x00,0x01,0x00,0x00,0x00,0x00,0xFF,
    0xFF,0xFF,0xFF,0xFF,0xFF,0xFF,0xFF,0xFF,0xFF,0xFF,0xFF,0x05,0x00,0x3A,0x00,0x2A,0x00,0x0B,0x00,0x04,0x00,0x00,0x00,0x09,
    0x00,0x00,0x00,0x0D,0x00,0x2A,0x00,0x0A,0x00,0x00,0x00,0x09,0x00,0x00,0x00,0x08,0x00,0x2A,0x01,0xDB,0x00,0x00,0x00,0x09,
    0x00,0x00,0x00,0x08,0x00,0x2A,0x01,0xCA,0x00,0x00,0x00,0x09,0x00,0x00,0x00,0x04,0x00,0x2A,0x01,0xD7,0x00,0x00,0x00,0x67,
    0x00,0x00,0x00,0x0F,0x50,0x69,0x6C,0x6C,0x61,0x72,0x20,0x55,0x6E,0x76,0x65,0x69,0x6C,0x20,0x43,0x69,0x6E,0x65,0x6D,0x61,
    0x74,0x69,0x63,0x20,0x53,0x6B,0x69,0x70,0x00,0x00,0x00,0x00,0x00,0x00,0x00,0x00,0x00,0x00,0x00,0x00,0x00,0x00,0x00,0x00,
    0x00,0x00,0x00,0x00,0x00,0x00,0x00,0x00,0x00,0x00,0x00,0x00,0x0F,0x00,0x00,0x00,0x00,0x00,0x00,0x00,0x00,0x00,0x00,0x00,
    0x00,0x00,0xFF,0xFF,0xFF,0xFF,0xFF,0xFF,0xFF,0xFF,0x00,0x00,0x00,0x00,0x01,0x00,0x00,0x00,0x00,0xFF,0xFF,0xFF,0xFF,0xFF,
    0xFF,0xFF,0xFF,0xFF,0xFF,0xFF,0xFF,0x05,0x00,0x3A,0x00,0x2A,0x00,0x0E,0x00,0x05,0x00,0x00,0x00,0x09,0x00,0x00,0x00,0x0D,
    0x00,0x2A,0x00,0x0D,0x00,0x00,0x00,0x09,0x00,0x00,0x00,0x08,0x00,0x2A,0x00,0xD6,0x00,0x00,0x00,0x09,0x00,0x00,0x00,0x08,
    0x00,0x2A,0x00,0xB8,0x00,0x00,0x00,0x09,0x00,0x00,0x00,0x08,0x00,0x2A,0x00,0xCF,0x00,0x00,0x00,0x09,0x00,0x00,0x00,0x0B,
    0x00,0x2A,0x00,0x0F,0x00,0x00,0x00,0x66,0x00,0x00,0x00,0x0F,0x47,0x68,0x6F,0x73,0x74,0x20,0x52,0x65,0x76,0x65,0x61,0x6C,
    0x20,0x43,0x69,0x6E,0x65,0x6D,0x61,0x74,0x69,0x63,0x20,0x53,0x6B,0x69,0x70,0x00,0x00,0x00,0x00,0x00,0x00,0x00,0x00,0x00,
    0x00,0x00,0x00,0x00,0x00,0x00,0x00,0x00,0x00,0x00,0x00,0x00,0x00,0x00,0x00,0x00,0x00,0x00,0x00,0x0F,0x00,0x00,0x00,0x00,
    0x00,0x00,0x00,0x00,0x00,0x00,0x00,0x00,0x00,0xFF,0xFF,0xFF,0xFF,0xFF,0xFF,0xFF,0xFF,0x00,0x00,0x00,0x00,0x01,0x00,0x00,
    0x00,0x00,0xFF,0xFF,0xFF,0xFF,0xFF,0xFF,0xFF,0xFF,0xFF,0xFF,0xFF,0xFF,0x05,0x00,0x3A,0x00,0x2A,0x00,0x11,0x00,0x03,0x00,
    0x00,0x00,0x09,0x00,0x00,0x00,0x0D,0x00,0x2A,0x00,0x10,0x00,0x00,0x00,0x09,0x00,0x00,0x00,0x10,0x00,0x2A,0x01,0xBB,0x00,
    0x00,0x00,0x09,0x00,0x00,0x00,0x0D,0x00,0x2A,0x01,0xAA,0x00,0x00,0x00,0x65,0x00,0x00,0x00,0x0F,0x47,0x68,0x6F,0x73,0x74,
    0x73,0x20,0x44,0x65,0x61,0x64,0x20,0x43,0x69,0x6E,0x65,0x6D,0x61,0x74,0x69,0x63,0x20,0x53,0x6B,0x69,0x70,0x00,0x00,0x00,
    0x00,0x00,0x00,0x00,0x00,0x00,0x00,0x00,0x00,0x00,0x00,0x00,0x00,0x00,0x00,0x00,0x00,0x00,0x00,0x00,0x00,0x00,0x00,0x00,
    0x00,0x0F,0x00,0x00,0x00,0x00,0x00,0x00,0x00,0x00,0x00,0x00,0x00,0x00,0x00,0xFF,0xFF,0xFF,0xFF,0xFF,0xFF,0xFF,0xFF,0x00,
    0x00,0x00,0x00,0x01,0x00,0x00,0x00,0x00,0xFF,0xFF,0xFF,0xFF,0xFF,0xFF,0xFF,0xFF,0xFF,0xFF,0xFF,0xFF,0x05,0x00,0x02,0x00,
    0x2A,0x01,0x17,0x00,0x01,0x00,0x00,0x00,0x01,0x00,0x00,0x00,0x08,0x00,0x2A,0x01,0x1A,0x00,0x00,0x00,0x50,0x00,0x00,0x00,
    0x0D,0x50,0x6C,0x61,0x74,0x66,0x6F,0x72,0x6D,0x20,0x53,0x74,0x61,0x72,0x74,0x00,0x41,0x8C,0xF8,0x77,0xC2,0x44,0x56,0x3D,
    0xC0,0xAF,0xD2,0xFA,0x00,0x00,0x00,0x00,0x00,0x00,0x00,0x00,0x00,0x00,0x00,0x00,0x01,0x40,0x00,0x00,0x00,0x00,0x00,0x00,
    0x00,0x00,0x00,0x00,0x00,0x00,0x00,0x00,0x00,0x00,0x00,0x00,0x00,0x00,0x00,0x00,0x00,0x00,0x00,0x00,0x00,0x00,0x00,0x00,
    0x00,0x00,0x00,0x00,0x00,0x05,0x00,0x02,0x00,0x2A,0x01,0x1A,0x00,0x02,0x00,0x00,0x00,0x01,0x00,0x00,0x00,0x08,0x00,0x2A,
    0x01,0xCD,0x00,0x00,0x00,0x01,0x00,0x00,0x00,0x04,0x00,0x2A,0x01,0x0C,0x00,0x00,0x00,0x55,0x00,0x00,0x00,0x0D,0x50,0x6C,
    0x61,0x74,0x66,0x6F,0x72,0x6D,0x20,0x42,0x65,0x66,0x6F,0x72,0x65,0x2D,0x45,0x6E,0x64,0x00,0x41,0x8C,0xF8,0x77,0xC2,0x44,
    0x56,0x3D,0x40,0x17,0x0A,0x3D,0x00,0x00,0x00,0x00,0x00,0x00,0x00,0x00,0x00,0x00,0x00,0x00,0x01,0x40,0x00,0x00,0x00,0x00,
    0x00,0x00,0x00,0x00,0x00,0x00,0x00,0x00,0x00,0x00,0x00,0x00,0x00,0x00,0x00,0x00,0x00,0x00,0x00,0x00,0x00,0x00,0x00,0x00,
    0x00,0x00,0x00,0x00,0x00,0x00,0x00,0x05,0x00,0x05,0x00,0x2A,0x00,0x0F,0x00,0x03,0x00,0x00,0x00,0x09,0x00,0x00,0x00,0x13,
    0x00,0x2A,0x00,0xD2,0x00,0x00,0x00,0x09,0x00,0x00,0x00,0x13,0x00,0x2A,0x00,0xC2,0x00,0x00,0x00,0x09,0x00,0x00,0x00,0x13,
    0x00,0x2A,0x00,0xD9,0x00,0x00,0x00,0x29,0x00,0x00,0x00,0x06,0x43,0x75,0x74,0x73,0x63,0x65,0x6E,0x65,0x20,0x53,0x6B,0x69,
    0x70,0x20,0x4D,0x6F,0x76,0x65,0x20,0x47,0x68,0x6F,0x73,0x74,0x73,0x00,0x40,0x90,0x00,0x00,0x00,0x00,0x00,0x00,0x00,0x00,
    0x01,0x03,0x00,0x2A,0x00,0xC4,0x00,0x00,0x00,0x00,0x00,0x00,0x00,0x07,0x00,0x2A,0x00,0xC5,0x03,0x00,0x2A,0x00,0xC4,0x00,
    0x00,0x00,0x05,0x00,0x00,0x00,0x05,0x00,0x2A,0x00,0xC5,0x03,0x00,0x2A,0x00,0xC4,0x00,0x00,0x00,0x05,0x00,0x00,0x00,0x0D,
    0x00,0x2A,0x01,0x49,0x03,0x00,0x2A,0x01,0xB9,0x00,0x00,0x00,0x00,0x00,0x00,0x00,0x07,0x00,0x2A,0x00,0xC5,0x03,0x00,0x2A,
    0x01,0xB9,0x00,0x00,0x00,0x05,0x00,0x00,0x00,0x05,0x00,0x2A,0x00,0xC5,0x03,0x00,0x2A,0x01,0xB9,0x00,0x00,0x00,0x00,0x00,
    0x00,0x00,0x07,0x00,0x2A,0x02,0x4B,0x03,0x00,0x2A,0x01,0xCB,0x00,0x00,0x00,0x12,0x00,0x00,0x00,0x06,0x00,0x2A,0x01,0xCD,
    0x03,0x00,0x2A,0x01,0xD0,0x00,0x00,0x00,0x00,0x00,0x00,0x00,0x07,0x00,0x2A,0x00,0xC5,0x03,0x00,0x2A,0x01,0xD0,0x00,0x00,
    0x00,0x05,0x00,0x00,0x00,0x05,0x00,0x2A,0x00,0xC5,0x03,0x00,0x2A,0x01,0xD7,0x00,0x00,0x00,0x00,0x00,0x00,0x00,0x07,0x00,
    0x2A,0x00,0xC5,0x03,0x00,0x2A,0x01,0xD7,0x00,0x00,0x00,0x05,0x00,0x00,0x00,0x05,0x00,0x2A,0x00,0xC5,0x03,0x00,0x2A,0x02,
    0x4A,0x00,0x00,0x00,0x09,0x00,0x00,0x00,0x01,0x00,0x2A,0x00,0xC4,0x04,0x00,0x2A,0x00,0xC4,0x00,0x00,0x00,0x05,0x00,0x00,
    0x00,0x0D,0x00,0x2A,0x00,0x0D,0x04,0x00,0x2A,0x01,0xAA,0x00,0x00,0x00,0x09,0x00,0x00,0x00,0x04,0x00,0x2A,0x01,0xAA,0x04,
    0x00,0x2A,0x01,0xB9,0x00,0x00,0x00,0x05,0x00,0x00,0x00,0x0D,0x00,0x2A,0x00,0x10,0x04,0x00,0x2A,0x01,0xBA,0x00,0x00,0x00,
    0x09,0x00,0x00,0x00,0x07,0x00,0x2A,0x00,0x11,0x04,0x00,0x2A,0x01,0xBA,0x00,0x00,0x00,0x09,0x00,0x00,0x00,0x07,0x00,0x2A,
    0x00,0xC5,0x04,0x00,0x2A,0x01,0xBA,0x00,0x00,0x00,0x09,0x00,0x00,0x00,0x07,0x00,0x2A,0x02,0x4B,0x04,0x00,0x2A,0x01,0xCB,
    0x00,0x00,0x00,0x12,0x00,0x00,0x00,0x06,0x00,0x2A,0x01,0x17,0x04,0x00,0x2A,0x01,0xD0,0x00,0x00,0x00,0x05,0x00,0x00,0x00,
    0x0D,0x00,0x2A,0x00,0x02,0x04,0x00,0x2A,0x01,0xD4,0x00,0x00,0x00,0x09,0x00,0x00,0x00,0x07,0x00,0x2A,0x00,0x07,0x04,0x00,
    0x2A,0x01,0xD4,0x00,0x00,0x00,0x09,0x00,0x00,0x00,0x07,0x00,0x2A,0x00,0xC5,0x04,0x00,0x2A,0x01,0xD7,0x00,0x00,0x00,0x05,
    0x00,0x00,0x00,0x0D,0x00,0x2A,0x00,0x0A,0x04,0x00,0x2A,0x01,0xD8,0x00,0x00,0x00,0x09,0x00,0x00,0x00,0x07,0x00,0x2A,0x00,
    0x0B,0x04,0x00,0x2A,0x01,0xD8,0x00,0x00,0x00,0x09,0x00,0x00,0x00,0x07,0x00,0x2A,0x00,0xC5,0x04,0x00,0x2A,0x02,0x4A,0x00,
    0x00,0x00,0x09,0x00,0x00,0x00,0x0D,0x00,0x2A,0x00,0x0C,0x05,0x00,0x3A,0x00,0x19,0x00,0x13,0x00,0x29,0x00,0x00,0x00,0x09,
    0x00,0x00,0x00,0x0D,0x00,0x19,0x00,0xAD,0x00,0x00,0x00,0x09,0x00,0x00,0x00,0x04,0x00,0x19,0x00,0x07,0x00,0x00,0x00,0x09,
    0x00,0x00,0x00,0x04,0x00,0x19,0x00,0xAF,0x00,0x00,0x00,0x09,0x00,0x00,0x00,0x04,0x00,0x19,0x00,0xAA,0x00,0x00,0x00,0x09,
    0x00,0x00,0x00,0x04,0x00,0x19,0x00,0xA9,0x00,0x00,0x00,0x09,0x00,0x00,0x00,0x0D,0x00,0x19,0x00,0xA8,0x00,0x00,0x00,0x09,
    0x00,0x00,0x00,0x10,0x00,0x19,0x00,0xC1,0x00,0x00,0x00,0x09,0x00,0x00,0x00,0x05,0x00,0x19,0x01,0x10,0x00,0x00,0x00,0x09,
    0x00,0x00,0x00,0x01,0x00,0x19,0x01,0x0D,0x00,0x00,0x00,0x09,0x00,0x00,0x00,0x04,0x00,0x19,0x00,0x5D,0x00,0x00,0x00,0x09,
    0x00,0x00,0x00,0x04,0x00,0x19,0x00,0x04,0x00,0x00,0x00,0x09,0x00,0x00,0x00,0x22,0x00,0x19,0x00,0x04,0x00,0x00,0x00,0x09,
    0x00,0x00,0x00,0x10,0x00,0x19,0x00,0x41,0x00,0x00,0x00,0x09,0x00,0x00,0x00,0x01,0x00,0x19,0x00,0x43,0x00,0x00,0x00,0x09,
    0x00,0x00,0x00,0x10,0x00,0x19,0x01,0x16,0x00,0x00,0x00,0x09,0x00,0x00,0x00,0x0F,0x00,0x19,0x01,0x01,0x00,0x00,0x00,0x09,
    0x00,0x00,0x00,0x0B,0x00,0x19,0x01,0x2A,0x00,0x00,0x00,0x09,0x00,0x00,0x00,0x14,0x00,0x19,0x01,0x29,0x00,0x00,0x00,0x09,
    0x00,0x00,0x00,0x0B,0x00,0x19,0x01,0x31,0x00,0x00,0x00,0x09,0x00,0x00,0x00,0x10,0x00,0x19,0x01,0x33,0x00,0x00,0x00,0x09,
    0x00,0x00,0x00,0x14,0x00,0x19,0x00,0x85,0x00,0x00,0x00,0x09,0x00,0x00,0x00,0x04,0x00,0x19,0x00,0x01,0x00,0x00,0x00,0x09,
    0x00,0x00,0x00,0x04,0x00,0x19,0x00,0x52,0x00,0x00,0x00,0x09,0x00,0x00,0x00,0x22,0x00,0x19,0x00,0x52,0x00,0x00,0x00,0x09,
    0x00,0x00,0x00,0x10,0x00,0x19,0x00,0x40,0x00,0x00,0x00,0x09,0x00,0x00,0x00,0x01,0x00,0x19,0x00,0x46,0x00,0x00,0x00,0x09,
    0x00,0x00,0x00,0x01,0x00,0x19,0x00,0x34,0x00,0x00,0x00,0x09,0x00,0x00,0x00,0x01,0x00,0x19,0x00,0x48,0x00,0x00,0x00,0x09,
    0x00,0x00,0x00,0x01,0x00,0x19,0x00,0x4C,0x00,0x00,0x00,0x09,0x00,0x00,0x00,0x01,0x00,0x19,0x00,0x4C,0x00,0x00,0x00,0x09,
    0x00,0x00,0x00,0x0B,0x00,0x19,0x00,0x4E,0x00,0x00,0x00,0x09,0x00,0x00,0x00,0x01,0x00,0x19,0x00,0xA0,0x00,0x00,0x00,0x09,
    0x00,0x00,0x00,0x13,0x00,0x19,0x00,0x45,0x00,0x00,0x00,0x09,0x00,0x00,0x00,0x01,0x00,0x19,0x00,0x44,0x00,0x00,0x00,0x09,
    0x00,0x00,0x00,0x07,0x00,0x19,0x01,0x1F,0x00,0x00,0x00,0x09,0x00,0x00,0x00,0x07,0x00,0x19,0x01,0x21,0x00,0x00,0x00,0x09,
    0x00,0x00,0x00,0x05,0x00,0x19,0x01,0x20,0x00,0x00,0x00,0x09,0x00,0x00,0x00,0x07,0x00,0x19,0x01,0x26,0x00,0x00,0x00,0x09,
    0x00,0x00,0x00,0x05,0x00,0x19,0x01,0x27,0x00,0x00,0x00,0x09,0x00,0x00,0x00,0x05,0x00,0x19,0x01,0x28,0x00,0x00,0x00,0x09,
    0x00,0x00,0x00,0x05,0x00,0x19,0x01,0x35,0x00,0x00,0x00,0x69,0x00,0x00,0x00,0x0F,0x53,0x70,0x65,0x63,0x69,0x61,0x6C,0x46,
    0x75,0x6E,0x63,0x74,0x69,0x6F,0x6E,0x20,0x43,0x69,0x6E,0x65,0x6D,0x61,0x74,0x69,0x63,0x20,0x53,0x6B,0x69,0x70,0x00,0x00,
    0x00,0x00,0x00,0x00,0x00,0x00,0x00,0x00,0x00,0x00,0x00,0x00,0x00,0x00,0x00,0x00,0x00,0x00,0x00,0x00,0x00,0x00,0x00,0x00,
    0x00,0x00,0x0F,0x00,0x00,0x00,0x00,0x00,0x00,0x00,0x00,0x00,0x00,0x00,0x00,0x00,0xFF,0xFF,0xFF,0xFF,0xFF,0xFF,0xFF,0xFF,
    0x00,0x00,0x00,0x00,0x01,0x00,0x00,0x00,0x00,0xFF,0xFF,0xFF,0xFF,0xFF,0xFF,0xFF,0xFF,0xFF,0xFF,0xFF,0xFF,0x03,0x00,0x19,
    0x00,0xA9,0x00,0x00,0x00,0x05,0x00,0x00,0x00,0x0B,0x00,0x19,0x00,0xFE,0x03,0x00,0x19,0x00,0xA9,0x00,0x00,0x00,0x05,0x00,
    0x00,0x00,0x07,0x00,0x19,0x01,0x0C,0x03,0x00,0x19,0x00,0xA9,0x00,0x00,0x00,0x05,0x00,0x00,0x00,0x14,0x04,0x19,0x01,0x1E,
    0x04,0x00,0x19,0x00,0x0D,0x00,0x00,0x00,0x09,0x00,0x00,0x00,0x07,0x00,0x19,0x00,0x13,0x04,0x00,0x19,0x00,0xAD,0x00,0x00,
    0x00,0x09,0x00,0x00,0x00,0x05,0x00,0x19,0x00,0x13,0x04,0x00,0x19,0x00,0xAD,0x00,0x00,0x00,0x09,0x00,0x00,0x00,0x0B,0x00,
    0x19,0x00,0xFE,0x04,0x00,0x19,0x00,0xAD,0x00,0x00,0x00,0x09,0x00,0x00,0x00,0x07,0x00,0x19,0x01,0x0C,0x04,0x00,0x19,0x00,
    0xAD,0x00,0x00,0x00,0x09,0x00,0x00,0x00,0x14,0x00,0x19,0x01,0x1E,0x05,0x00,0x0F,0x00,0x54,0xC5,0x63,0x00,0x00,0x00,0x00,
    0x00,0x99,0x00,0x00,0x00,0x23,0x4D,0x6F,0x72,0x70,0x68,0x00,0x00,0x00,0x00,0x00,0x00,0x00,0x00,0x00,0x00,0x00,0x00,0x00,
    0x00,0x00,0x00,0x00,0x00,0x00,0x00,0x00,0x00,0x00,0x00,0x00,0x00,0x00,0x00,0x00,0x00,0x00,0x00,0x00,0x00,0x00,0x00,0x00,
    0x00,0x00,0x00,0x00,0x00,0x00,0x00,0x00,0x00,0x00,0x00,0x00,0x00,0x00,0x00,0x00,0x00,0x00,0x00,0x00,0x00,0x00,0x00,0x00,
    0x00,0x00,0x00,0x00,0x00,0x00,0x00,0x00,0x00,0x00,0x00,0x00,0x00,0x00,0x00,0x00,0x00,0x00,0x00,0x00,0x00,0x00,0x00,0x00,
    0x00,0x00,0x00,0x00,0x00,0x00,0x00,0x00,0x00,0x00,0x00,0x00,0x00,0x00,0x00,0x00,0x00,0x00,0x00,0x00,0x00,0x00,0x00,0x00,
    0x00,0x00,0x00,0x00,0x00,0x00,0x00,0x00,0x00,0x00,0x00,0x00,0x00,0x00,0x00,0x00,0x00,0x00,0x00,0x00,0x00,0x00,0x00,0x00,
    0x00,0x00,0x00,0x00,0x00,0x00,0x00,0x00,0x00,0x01,0x01,0x05,0x00,0x3A,0x00,0x16,0x00,0x04,0x00,0x09,0x00,0x00,0x00,0x09,
    0x00,0x00,0x00,0x01,0x00,0x0A,0x2C,0x2A,0x00,0x00,0x00,0x09,0x00,0x00,0x00,0x07,0x00,0x00,0xA4,0x55,0x00,0x00,0x00,0x09,
    0x00,0x00,0x00,0x08,0x00,0x16,0x00,0x4F,0x00,0x00,0x00,0x09,0x00,0x00,0x00,0x10,0x00,0x16,0x00,0x4C,0x00,0x00,0x00,0x09,
    0x00,0x00,0x00,0x04,0x00,0x16,0x00,0x3E,0x00,0x00,0x00,0x09,0x00,0x00,0x00,0x04,0x00,0x16,0x00,0x3F,0x00,0x00,0x00,0x09,
    0x00,0x00,0x00,0x04,0x00,0x16,0x00,0x43,0x00,0x00,0x00,0x09,0x00,0x00,0x00,0x04,0x00,0x16,0x00,0x48,0x00,0x00,0x00,0x09,
    0x00,0x00,0x00,0x04,0x00,0x16,0x00,0x79,0x00,0x00,0x00,0x61,0x00,0x00,0x00,0x0F,0x41,0x72,0x72,0x69,0x76,0x61,0x6C,0x20,
    0x43,0x69,0x6E,0x65,0x6D,0x61,0x74,0x69,0x63,0x20,0x53,0x6B,0x69,0x70,0x00,0x00,0x00,0x00,0x00,0x00,0x00,0x00,0x00,0x00,
    0x00,0x00,0x00,0x00,0x00,0x00,0x00,0x00,0x00,0x00,0x00,0x00,0x00,0x00,0x00,0x00,0x00,0x00,0x0F,0x00,0x00,0x00,0x00,0x00,
    0x00,0x00,0x00,0x00,0x00,0x00,0x00,0x00,0xFF,0xFF,0xFF,0xFF,0xFF,0xFF,0xFF,0xFF,0x00,0x00,0x00,0x00,0x01,0x00,0x00,0x00,
    0x00,0xFF,0xFF,0xFF,0xFF,0xFF,0xFF,0xFF,0xFF,0xFF,0xFF,0xFF,0xFF,0x05,0x00,0x3A,0x00,0x16,0x00,0x05,0x00,0x05,0x00,0x00,
    0x00,0x09,0x00,0x00,0x00,0x0B,0x00,0x18,0x00,0x55,0x00,0x00,0x00,0x09,0x00,0x00,0x00,0x0D,0x00,0x16,0x00,0x30,0x00,0x00,
    0x00,0x09,0x00,0x00,0x00,0x14,0x00,0x16,0x00,0x38,0x00,0x00,0x00,0x09,0x00,0x00,0x00,0x01,0x00,0x16,0x00,0x34,0x00,0x00,
    0x00,0x09,0x00,0x00,0x00,0x07,0x00,0x00,0xA4,0x55,0x00,0x00,0x00,0x63,0x00,0x00,0x00,0x0F,0x44,0x65,0x70,0x61,0x72,0x74,
    0x75,0x72,0x65,0x20,0x43,0x69,0x6E,0x65,0x6D,0x61,0x74,0x69,0x63,0x20,0x53,0x6B,0x69,0x70,0x00,0x00,0x00,0x00,0x00,0x00,
    0x00,0x00,0x00,0x00,0x00,0x00,0x00,0x00,0x00,0x00,0x00,0x00,0x00,0x00,0x00,0x00,0x00,0x00,0x00,0x00,0x00,0x00,0x0F,0x00,
    0x00,0x00,0x00,0x00,0x00,0x00,0x00,0x00,0x00,0x00,0x00,0x00,0xFF,0xFF,0xFF,0xFF,0xFF,0xFF,0xFF,0xFF,0x00,0x00,0x00,0x00,
    0x01,0x00,0x00,0x00,0x00,0xFF,0xFF,0xFF,0xFF,0xFF,0xFF,0xFF,0xFF,0xFF,0xFF,0xFF,0xFF,0x05,0x00,0x0C,0x00,0x0A,0x2C,0x2A,
    0x00,0x03,0x00,0x00,0x00,0x00,0x00,0x00,0x00,0x0D,0x00,0x54,0xC5,0x63,0x00,0x00,0x00,0x05,0x00,0x00,0x00,0x05,0x00,0x00,
    0xA4,0x55,0x00,0x00,0x00,0x05,0x00,0x00,0x00,0x0D,0x00,0x16,0x00,0x3D,0x00,0x00,0x00,0x33,0x00,0x00,0x00,0x0F,0x48,0x6F,
    0x6C,0x64,0x00,0x00,0x00,0x00,0x00,0x00,0x00,0x00,0x00,0x00,0x00,0x00,0x00,0x00,0x00,0x00,0x00,0x00,0x00,0x00,0x00,0x00,
    0x00,0x00,0x00,0x00,0x40,0xE0,0x00,0x00,0x00,0x00,0x00,0x00,0x01,0x00,0x00,0x42,0x8C,0x00,0x00,0x01,0x00,0x05,0x00,0x18,
    0x00,0x00,0xA4,0x55,0x00,0x00,0x00,0x00,0x00,0x3C,0x00,0x00,0x00,0x0A,0x48,0x6F,0x6C,0x64,0x20,0x42,0x6C,0x61,0x63,0x6B,
    0x00,0x01,0x00,0x00,0x00,0x01,0x00,0x00,0x00,0x00,0x00,0x00,0x00,0x02,0x00,0x00,0x00,0x00,0x00,0x00,0x00,0x00,0x00,0x00,
    0x00,0x00,0x00,0x00,0x00,0x00,0x3F,0x80,0x00,0x00,0x00,0x00,0x00,0x00,0x3F,0x00,0x00,0x00,0xFF,0xFF,0xFF,0xFF,0x05,0x00,
    0x05,0x00,0x18,0x00,0x55,0x00,0x01,0x00,0x00,0x00,0x09,0x00,0x00,0x00,0x08,0x00,0x16,0x00,0x2B,0x00,0x00,0x00,0x2B,0x00,
    0x00,0x00,0x06,0x43,0x75,0x74,0x73,0x63,0x65,0x6E,0x65,0x20,0x53,0x6B,0x69,0x70,0x20,0x32,0x20,0x46,0x72,0x61,0x6D,0x65,
    0x20,0x44,0x65,0x6C,0x61,0x79,0x00,0x3C,0xA3,0xD7,0x0A,0x00,0x00,0x00,0x00,0x00,0x00,0x01,0x05,0x00,0x05,0x00,0x0A,0x2B,
    0xBB,0x00,0x01,0x00,0x00,0x00,0x09,0x00,0x00,0x00,0x04,0x00,0x0A,0x2C,0x2A,0x00,0x00,0x00,0x1A,0x00,0x00,0x00,0x06,0x4C,
    0x6F,0x61,0x64,0x20,0x54,0x69,0x6D,0x65,0x72,0x00,0x3A,0x83,0x12,0x6F,0x00,0x00,0x00,0x00,0x01,0x01,0x00,0x03,0x00,0x16,
    0x00,0x3F,0x00,0x00,0x00,0x00,0x00,0x00,0x00,0x07,0x00,0x16,0x00,0x56,0x03,0x00,0x16,0x00,0x3F,0x00,0x00,0x00,0x00,0x00,
    0x00,0x00,0x01,0x00,0x16,0x00,0x3E,0x03,0x00,0x16,0x00,0x48,0x00,0x00,0x00,0x05,0x00,0x00,0x00,0x0D,0x00,0x16,0x00,0x60,
    0x03,0x00,0x16,0x00,0x48,0x00,0x00,0x00,0x05,0x00,0x00,0x00,0x05,0x00,0x16,0x00,0x56,0x03,0x00,0x16,0x00,0x48,0x00,0x00,
    0x00,0x05,0x00,0x00,0x00,0x04,0x00,0x16,0x00,0x3E,0x03,0x00,0x16,0x00,0x48,0x00,0x00,0x00,0x05,0x00,0x00,0x00,0x0D,0x00,
    0x16,0x00,0x53,0x04,0x00,0x16,0x00,0x01,0x00,0x00,0x00,0x07,0x00,0x00,0x00,0x01,0x00,0x0A,0x2B,0xBB,0x04,0x00,0x16,0x00,
    0x2E,0x00,0x00,0x00,0x09,0x00,0x00,0x00,0x07,0x00,0x16,0x00,0x05,0x04,0x00,0x16,0x00,0x30,0x00,0x00,0x00,0x09,0x00,0x00,
    0x00,0x05,0x00,0x16,0x00,0x05,0x04,0x00,0x16,0x00,0x3C,0x00,0x00,0x00,0x09,0x00,0x00,0x00,0x07,0x00,0x16,0x00,0x04,0x04,
    0x00,0x16,0x00,0x3C,0x00,0x00,0x00,0x09,0x00,0x00,0x00,0x07,0x00,0x16,0x00,0x56,0x04,0x00,0x16,0x00,0x3C,0x00,0x00,0x00,
    0x09,0x00,0x00,0x00,0x01,0x00,0x16,0x00,0x3E,0x04,0x00,0x16,0x00,0x3D,0x00,0x00,0x00,0x09,0x00,0x00,0x00,0x05,0x00,0x16,
    0x00,0x04,0x04,0x00,0x16,0x00,0x3D,0x00,0x00,0x00,0x09,0x00,0x00,0x00,0x04,0x00,0x16,0x00,0x3E,0x04,0x00,0x16,0x00,0x3D,
    0x00,0x00,0x00,0x09,0x00,0x00,0x00,0x05,0x00,0x16,0x00,0x56,0x04,0x00,0x16,0x00,0x3D,0x00,0x00,0x00,0x09,0x00,0x00,0x00,
    0x0D,0x00,0x16,0x00,0x60,0x04,0x00,0x16,0x00,0x3D,0x00,0x00,0x00,0x09,0x00,0x00,0x00,0x0D,0x00,0x16,0x00,0x53,0x04,0x00,
    0x16,0x00,0x48,0x00,0x00,0x00,0x05,0x00,0x00,0x00,0x0D,0x00,0x16,0x00,0x3D,0x06,0x00,0x16,0x00,0x5B,0x05,0x00,0x15,0x00,
    0x0D,0x00,0x07,0x00,0x03,0x00,0x00,0x00,0x09,0x00,0x00,0x00,0x01,0x00,0x0D,0x04,0x13,0x00,0x00,0x00,0x09,0x00,0x00,0x00,
    0x07,0x00,0x0D,0x00,0x09,0x00,0x00,0x00,0x09,0x00,0x00,0x00,0x07,0x00,0x0D,0x04,0xCD,0x00,0x00,0x00,0x1B,0x00,0x00,0x00,
    0x02,0x41,0x72,0x74,0x69,0x66,0x61,0x63,0x74,0x20,0x52,0x65,0x76,0x65,0x61,0x6C,0x20,0x53,0x74,0x61,0x72,0x74,0x00,0x01,
    0x05,0x00,0x15,0x00,0x0D,0x00,0x08,0x00,0x02,0x00,0x00,0x00,0x09,0x00,0x00,0x00,0x05,0x00,0x0D,0x00,0x09,0x00,0x00,0x00,
    0x09,0x00,0x00,0x00,0x05,0x00,0x0D,0x04,0xCD,0x00,0x00,0x00,0x19,0x00,0x00,0x00,0x02,0x41,0x72,0x74,0x69,0x66,0x61,0x63,
    0x74,0x20,0x52,0x65,0x76,0x65,0x61,0x6C,0x20,0x45,0x6E,0x64,0x00,0x01,0x05,0x00,0x15,0x00,0x0D,0x00,0x0A,0x00,0x02,0x00,
    0x00,0x00,0x09,0x00,0x00,0x00,0x05,0x00,0x0D,0x02,0xDE,0x00,0x00,0x00,0x09,0x00,0x00,0x00,0x05,0x00,0x0D,0x00,0x0B,0x00,
    0x00,0x00,0x18,0x00,0x00,0x00,0x02,0x4F,0x6E,0x65,0x20,0x53,0x68,0x6F,0x74,0x20,0x4F,0x75,0x74,0x20,0x45,0x6E,0x64,0x20,
    0x31,0x00,0x01,0x05,0x00,0x15,0x00,0x0D,0x06,0x4A,0x00,0x02,0x00,0x00,0x00,0x09,0x00,0x00,0x00,0x05,0x00,0x0D,0x02,0xDE,
    0x00,0x00,0x00,0x09,0x00,0x00,0x00,0x05,0x00,0x0E,0x86,0xAB,0x00,0x00,0x00,0x18,0x00,0x00,0x00,0x02,0x4F,0x6E,0x65,0x20,
    0x53,0x68,0x6F,0x74,0x20,0x4F,0x75,0x74,0x20,0x45,0x6E,0x64,0x20,0x32,0x00,0x01,0x05,0x00,0x15,0x00,0x0E,0x86,0xAF,0x00,
    0x01,0x00,0x00,0x00,0x09,0x00,0x00,0x00,0x08,0x00,0x0D,0x01,0xFA,0x00,0x00,0x00,0x17,0x00,0x00,0x00,0x02,0x53,0x6B,0x69,
    0x70,0x20,0x50,0x6C,0x61,0x74,0x66,0x6F,0x72,0x6D,0x20,0x32,0x2D,0x31,0x00,0x01,0x05,0x00,0x15,0x00,0x0E,0x86,0xB0,0x00,
    0x01,0x00,0x00,0x00,0x09,0x00,0x00,0x00,0x08,0x00,0x0D,0x01,0xF9,0x00,0x00,0x00,0x17,0x00,0x00,0x00,0x02,0x53,0x6B,0x69,
    0x70,0x20,0x50,0x6C,0x61,0x74,0x66,0x6F,0x72,0x6D,0x20,0x32,0x2D,0x32,0x00,0x01,0x05,0x00,0x15,0x00,0x0E,0x86,0xB1,0x00,
    0x01,0x00,0x00,0x00,0x09,0x00,0x00,0x00,0x08,0x00,0x0D,0x01,0xF8,0x00,0x00,0x00,0x17,0x00,0x00,0x00,0x02,0x53,0x6B,0x69,
    0x70,0x20,0x50,0x6C,0x61,0x74,0x66,0x6F,0x72,0x6D,0x20,0x32,0x2D,0x33,0x00,0x01,0x05,0x00,0x15,0x00,0x0D,0x00,0x0F,0x00,
    0x01,0x00,0x00,0x00,0x09,0x00,0x00,0x00,0x08,0x00,0x0D,0x00,0xC9,0x00,0x00,0x00,0x17,0x00,0x00,0x00,0x02,0x53,0x6B,0x69,
    0x70,0x20,0x50,0x6C,0x61,0x74,0x66,0x6F,0x72,0x6D,0x20,0x31,0x2D,0x31,0x00,0x01,0x05,0x00,0x15,0x00,0x0D,0x00,0x10,0x00,
    0x01,0x00,0x00,0x00,0x09,0x00,0x00,0x00,0x08,0x00,0x0D,0x00,0xC8,0x00,0x00,0x00,0x17,0x00,0x00,0x00,0x02,0x53,0x6B,0x69,
    0x70,0x20,0x50,0x6C,0x61,0x74,0x66,0x6F,0x72,0x6D,0x20,0x31,0x2D,0x32,0x00,0x01,0x05,0x00,0x15,0x00,0x0D,0x00,0x11,0x00,
    0x01,0x00,0x00,0x00,0x09,0x00,0x00,0x00,0x08,0x00,0x0D,0x00,0xC7,0x00,0x00,0x00,0x17,0x00,0x00,0x00,0x02,0x53,0x6B,0x69,
    0x70,0x20,0x50,0x6C,0x61,0x74,0x66,0x6F,0x72,0x6D,0x20,0x31,0x2D,0x33,0x00,0x01,0x05,0x00,0x3A,0x00,0x0D,0x00,0x09,0x00,
    0x04,0x00,0x00,0x00,0x09,0x00,0x00,0x00,0x0D,0x00,0x0D,0x00,0x08,0x00,0x00,0x00,0x09,0x00,0x00,0x00,0x0F,0x00,0x0D,0x04,
    0x12,0x00,0x00,0x00,0x09,0x00,0x00,0x00,0x01,0x00,0x0D,0x03,0x40,0x00,0x00,0x00,0x09,0x00,0x00,0x00,0x04,0x00,0x0D,0x04,
    0x13,0x00,0x00,0x00,0x69,0x00,0x00,0x00,0x0F,0x53,0x70,0x65,0x63,0x69,0x61,0x6C,0x46,0x75,0x6E,0x63,0x74,0x69,0x6F,0x6E,
    0x20,0x43,0x69,0x6E,0x65,0x6D,0x61,0x74,0x69,0x63,0x20,0x53,0x6B,0x69,0x70,0x00,0x00,0x00,0x00,0x00,0x00,0x00,0x00,0x00,
    0x00,0x00,0x00,0x00,0x00,0x00,0x00,0x00,0x00,0x00,0x00,0x00,0x00,0x00,0x00,0x00,0x00,0x00,0x00,0x0F,0x00,0x00,0x00,0x00,
    0x00,0x00,0x00,0x00,0x00,0x00,0x00,0x00,0x00,0xFF,0xFF,0xFF,0xFF,0xFF,0xFF,0xFF,0xFF,0x00,0x00,0x00,0x00,0x01,0x00,0x00,
    0x00,0x00,0xFF,0xFF,0xFF,0xFF,0xFF,0xFF,0xFF,0xFF,0xFF,0xFF,0xFF,0xFF,0x05,0x00,0x3A,0x00,0x0D,0x00,0x0B,0x00,0x07,0x00,
    0x00,0x00,0x09,0x00,0x00,0x00,0x0D,0x00,0x0D,0x00,0x0A,0x00,0x00,0x00,0x09,0x00,0x00,0x00,0x0F,0x00,0x0D,0x02,0xF2,0x00,
    0x00,0x00,0x09,0x00,0x00,0x00,0x04,0x00,0x0D,0x02,0xC5,0x00,0x00,0x00,0x09,0x00,0x00,0x00,0x0D,0x00,0x0D,0x00,0x0F,0x00,
    0x00,0x00,0x09,0x00,0x00,0x00,0x0D,0x00,0x0D,0x00,0x10,0x00,0x00,0x00,0x09,0x00,0x00,0x00,0x0D,0x00,0x0D,0x00,0x11,0x00,
    0x00,0x00,0x09,0x00,0x00,0x00,0x01,0x00,0x0D,0x01,0xF4,0x00,0x00,0x00,0x69,0x00,0x00,0x00,0x0F,0x53,0x70,0x65,0x63,0x69,
    0x61,0x6C,0x46,0x75,0x6E,0x63,0x74,0x69,0x6F,0x6E,0x20,0x43,0x69,0x6E,0x65,0x6D,0x61,0x74,0x69,0x63,0x20,0x53,0x6B,0x69,
    0x70,0x00,0x00,0x00,0x00,0x00,0x00,0x00,0x00,0x00,0x00,0x00,0x00,0x00,0x00,0x00,0x00,0x00,0x00,0x00,0x00,0x00,0x00,0x00,
    0x00,0x00,0x00,0x00,0x00,0x0F,0x00,0x00,0x00,0x00,0x00,0x00,0x00,0x00,0x00,0x00,0x00,0x00,0x00,0xFF,0xFF,0xFF,0xFF,0xFF,
    0xFF,0xFF,0xFF,0x00,0x00,0x00,0x00,0x01,0x00,0x00,0x00,0x00,0xFF,0xFF,0xFF,0xFF,0xFF,0xFF,0xFF,0xFF,0xFF,0xFF,0xFF,0xFF,
    0x05,0x00,0x3A,0x00,0x0E,0x86,0xAB,0x00,0x08,0x00,0x00,0x00,0x09,0x00,0x00,0x00,0x0D,0x00,0x0D,0x06,0x4A,0x00,0x00,0x00,
    0x09,0x00,0x00,0x00,0x04,0x00,0x0D,0x02,0xCC,0x00,0x00,0x00,0x09,0x00,0x00,0x00,0x0F,0x00,0x0D,0x02,0xDF,0x00,0x00,0x00,
    0x09,0x00,0x00,0x00,0x0F,0x00,0x0D,0x02,0xDF,0x00,0x00,0x00,0x09,0x00,0x00,0x00,0x01,0x00,0x0D,0x01,0xFD,0x00,0x00,0x00,
    0x09,0x00,0x00,0x00,0x0D,0x00,0x0E,0x86,0xAF,0x00,0x00,0x00,0x09,0x00,0x00,0x00,0x0D,0x00,0x0E,0x86,0xB0,0x00,0x00,0x00,
    0x09,0x00,0x00,0x00,0x0D,0x00,0x0E,0x86,0xB1,0x00,0x00,0x00,0x69,0x00,0x00,0x00,0x0F,0x53,0x70,0x65,0x63,0x69,0x61,0x6C,
    0x46,0x75,0x6E,0x63,0x74,0x69,0x6F,0x6E,0x20,0x43,0x69,0x6E,0x65,0x6D,0x61,0x74,0x69,0x63,0x20,0x53,0x6B,0x69,0x70,0x00,
    0x00,0x00,0x00,0x00,0x00,0x00,0x00,0x00,0x00,0x00,0x00,0x00,0x00,0x00,0x00,0x00,0x00,0x00,0x00,0x00,0x00,0x00,0x00,0x00,
    0x00,0x00,0x00,0x0F,0x00,0x00,0x00,0x00,0x00,0x00,0x00,0x00,0x00,0x00,0x00,0x00,0x00,0xFF,0xFF,0xFF,0xFF,0xFF,0xFF,0xFF,
    0xFF,0x00,0x00,0x00,0x00,0x01,0x00,0x00,0x00,0x00,0xFF,0xFF,0xFF,0xFF,0xFF,0xFF,0xFF,0xFF,0xFF,0xFF,0xFF,0xFF,0x05,0x00,
    0x05,0x00,0x0D,0x00,0x12,0x00,0x00,0x00,0x00,0x00,0x27,0x00,0x00,0x00,0x06,0x50,0x6C,0x61,0x74,0x66,0x6F,0x72,0x6D,0x73,
    0x20,0x43,0x75,0x74,0x73,0x63,0x65,0x6E,0x65,0x20,0x53,0x6B,0x69,0x70,0x00,0x40,0x40,0x00,0x00,0x00,0x00,0x00,0x00,0x00,
    0x00,0x01,0x05,0x01,0x15,0x00,0x0D,0x00,0x03,0x00,0x04,0x00,0x00,0x00,0x09,0x00,0x00,0x00,0x07,0x00,0x0D,0x00,0x05,0x00,
    0x00,0x00,0x09,0x00,0x00,0x00,0x07,0x00,0x0D,0x04,0xCD,0x00,0x00,0x00,0x09,0x00,0x00,0x00,0x0D,0x00,0x0D,0x01,0xCF,0x00,
    0x00,0x00,0x09,0x00,0x00,0x00,0x01,0x00,0x0D,0x04,0xC8,0x00,0x00,0x00,0x1D,0x00,0x00,0x00,0x02,0x42,0x72,0x65,0x61,0x6B,
    0x6F,0x75,0x74,0x20,0x43,0x75,0x74,0x73,0x63,0x65,0x6E,0x65,0x20,0x53,0x74,0x61,0x72,0x74,0x00,0x01,0x05,0x01,0x15,0x00,
    0x0D,0x00,0x04,0x00,0x02,0x00,0x00,0x00,0x09,0x00,0x00,0x00,0x05,0x00,0x0D,0x04,0xCD,0x00,0x00,0x00,0x09,0x00,0x00,0x00,
    0x05,0x00,0x0D,0x00,0x05,0x00,0x00,0x00,0x1B,0x00,0x00,0x00,0x02,0x42,0x72,0x65,0x61,0x6B,0x6F,0x75,0x74,0x20,0x43,0x75,
    0x74,0x73,0x63,0x65,0x6E,0x65,0x20,0x45,0x6E,0x64,0x00,0x01,0x05,0x01,0x15,0x00,0x0D,0x00,0x16,0x00,0x01,0x00,0x00,0x00,
    0x09,0x00,0x00,0x00,0x04,0x00,0x0D,0x00,0x15,0x00,0x00,0x00,0x21,0x00,0x00,0x00,0x02,0x42,0x72,0x65,0x61,0x6B,0x20,0x54,
    0x61,0x6E,0x6B,0x20,0x52,0x65,0x6C,0x61,0x79,0x20,0x44,0x65,0x61,0x63,0x74,0x69,0x76,0x61,0x74,0x65,0x00,0x01,0x05,0x01,
    0x15,0x00,0x0D,0x00,0x15,0x00,0x09,0x00,0x00,0x00,0x09,0x00,0x00,0x00,0x0D,0x00,0x0D,0x00,0x16,0x00,0x00,0x00,0x09,0x00,
    0x00,0x00,0x13,0x00,0x0D,0x01,0xC3,0x00,0x00,0x00,0x09,0x00,0x00,0x00,0x14,0x00,0x0D,0x01,0xC4,0x00,0x00,0x00,0x09,0x00,
    0x00,0x00,0x0D,0x00,0x0D,0x01,0xD1,0x00,0x00,0x00,0x09,0x00,0x00,0x00,0x14,0x00,0x0D,0x01,0xEC,0x00,0x00,0x00,0x09,0x00,
    0x00,0x00,0x01,0x00,0x0D,0x03,0x54,0x00,0x00,0x00,0x09,0x00,0x00,0x00,0x04,0x00,0x0D,0x00,0xF6,0x00,0x00,0x00,0x09,0x00,
    0x00,0x00,0x01,0x00,0x0D,0x02,0x1B,0x00,0x00,0x00,0x09,0x00,0x00,0x00,0x0B,0x00,0x0D,0x01,0xC2,0x00,0x00,0x00,0x16,0x00,
    0x00,0x00,0x02,0x42,0x72,0x65,0x61,0x6B,0x20,0x54,0x61,0x6E,0x6B,0x20,0x52,0x65,0x6C,0x61,0x79,0x00,0x01,0x05,0x01,0x3A,
    0x00,0x0D,0x00,0x05,0x00,0x03,0x00,0x00,0x00,0x09,0x00,0x00,0x00,0x0D,0x00,0x0D,0x00,0x04,0x00,0x00,0x00,0x09,0x00,0x00,
    0x00,0x04,0x00,0x0D,0x04,0x13,0x00,0x00,0x00,0x09,0x00,0x00,0x00,0x0D,0x00,0x0D,0x00,0x15,0x00,0x00,0x00,0x62,0x00,0x00,
    0x00,0x0F,0x42,0x72,0x65,0x61,0x6B,0x6F,0x75,0x74,0x20,0x43,0x69,0x6E,0x65,0x6D,0x61,0x74,0x69,0x63,0x20,0x53,0x6B,0x69,
    0x70,0x00,0x00,0x00,0x00,0x00,0x00,0x00,0x00,0x00,0x00,0x00,0x00,0x00,0x00,0x00,0x00,0x00,0x00,0x00,0x00,0x00,0x00,0x00,
    0x00,0x00,0x00,0x00,0x00,0x0F,0x00,0x00,0x00,0x00,0x00,0x00,0x00,0x00,0x00,0x00,0x00,0x00,0x00,0xFF,0xFF,0xFF,0xFF,0xFF,
    0xFF,0xFF,0xFF,0x00,0x00,0x00,0x00,0x01,0x00,0x00,0x00,0x00,0xFF,0xFF,0xFF,0xFF,0xFF,0xFF,0xFF,0xFF,0xFF,0xFF,0xFF,0xFF,
    0x03,0x00,0x0D,0x02,0xC5,0x00,0x00,0x00,0x00,0x00,0x00,0x00,0x07,0x00,0x0D,0x02,0xDE,0x03,0x00,0x0D,0x02,0xC5,0x00,0x00,
    0x00,0x05,0x00,0x00,0x00,0x05,0x00,0x0D,0x02,0xDE,0x03,0x00,0x0D,0x02,0xCC,0x00,0x00,0x00,0x00,0x00,0x00,0x00,0x07,0x00,
    0x0D,0x02,0xDE,0x03,0x00,0x0D,0x02,0xCC,0x00,0x00,0x00,0x05,0x00,0x00,0x00,0x05,0x00,0x0D,0x02,0xDE,0x03,0x00,0x0D,0x02,
    0xCC,0x00,0x00,0x00,0x00,0x00,0x00,0x00,0x0D,0x00,0x0D,0x02,0xE0,0x03,0x04,0x0D,0x01,0xA4,0x00,0x00,0x00,0x0E,0x00,0x00,
    0x00,0x01,0x00,0x0D,0x04,0x13,0x03,0x04,0x0D,0x01,0xA9,0x00,0x00,0x00,0x09,0x00,0x00,0x00,0x0B,0x04,0x0D,0x01,0xC2,0x03,
    0x04,0x0D,0x01,0xA9,0x00,0x00,0x00,0x09,0x00,0x00,0x00,0x13,0x04,0x0D,0x01,0xC3,0x03,0x04,0x0D,0x01,0xA9,0x00,0x00,0x00,
    0x09,0x00,0x00,0x00,0x14,0x04,0x0D,0x01,0xC4,0x03,0x04,0x0D,0x01,0xA9,0x00,0x00,0x00,0x09,0x00,0x00,0x00,0x0D,0x04,0x0D,
    0x01,0xD1,0x03,0x04,0x0D,0x01,0xA9,0x00,0x00,0x00,0x09,0x00,0x00,0x00,0x14,0x04,0x0D,0x01,0xEC,0x03,0x04,0x0D,0x01,0xA9,
    0x00,0x00,0x00,0x09,0x00,0x00,0x00,0x01,0x00,0x0D,0x03,0x54,0x03,0x04,0x0D,0x01,0xA9,0x00,0x00,0x00,0x09,0x00,0x00,0x00,
    0x04,0x04,0x0D,0x00,0xF6,0x03,0x04,0x0D,0x01,0xA9,0x00,0x00,0x00,0x09,0x00,0x00,0x00,0x01,0x04,0x0D,0x02,0x1B,0x03,0x04,
    0x0D,0x04,0xC8,0x00,0x00,0x00,0x00,0x00,0x00,0x00,0x07,0x04,0x0D,0x04,0xCD,0x03,0x04,0x0D,0x04,0xC8,0x00,0x00,0x00,0x05,
    0x00,0x00,0x00,0x05,0x04,0x0D,0x04,0xCD,0x03,0x04,0x0D,0x04,0xC8,0x00,0x00,0x00,0x00,0x00,0x00,0x00,0x0D,0x04,0x0D,0x01,
    0xCF,0x03,0x04,0x0D,0x04,0xCE,0x00,0x00,0x00,0x09,0x00,0x00,0x00,0x01,0x04,0x0D,0x04,0xC8,0x04,0x00,0x0D,0x01,0xF1,0x00,
    0x00,0x00,0x01,0x00,0x00,0x00,0x04,0x00,0x0D,0x00,0x11,0x04,0x00,0x0D,0x01,0xF2,0x00,0x00,0x00,0x01,0x00,0x00,0x00,0x04,
    0x00,0x0D,0x00,0x10,0x04,0x00,0x0D,0x01,0xF3,0x00,0x00,0x00,0x01,0x00,0x00,0x00,0x04,0x00,0x0D,0x00,0x0F,0x04,0x00,0x0D,
    0x01,0xFB,0x00,0x00,0x00,0x01,0x00,0x00,0x00,0x04,0x00,0x0E,0x86,0xAF,0x04,0x00,0x0D,0x01,0xFC,0x00,0x00,0x00,0x01,0x00,
    0x00,0x00,0x04,0x00,0x0E,0x86,0xAF,0x04,0x00,0x0D,0x02,0x01,0x00,0x00,0x00,0x01,0x00,0x00,0x00,0x04,0x00,0x0E,0x86,0xAF,
    0x04,0x00,0x0D,0x02,0xC5,0x00,0x00,0x00,0x05,0x00,0x00,0x00,0x0D,0x00,0x0D,0x00,0x0A,0x04,0x00,0x0D,0x02,0xCC,0x00,0x00,
    0x00,0x05,0x00,0x00,0x00,0x0D,0x00,0x0D,0x06,0x4A,0x04,0x00,0x0D,0x02,0xD6,0x00,0x00,0x00,0x09,0x00,0x00,0x00,0x07,0x00,
    0x0D,0x02,0xDE,0x04,0x00,0x0D,0x02,0xD6,0x00,0x00,0x00,0x09,0x00,0x00,0x00,0x07,0x00,0x0D,0x00,0x0B,0x04,0x00,0x0D,0x02,
    0xD8,0x00,0x00,0x00,0x09,0x00,0x00,0x00,0x07,0x00,0x0D,0x02,0xDE,0x04,0x00,0x0D,0x02,0xD8,0x00,0x00,0x00,0x09,0x00,0x00,
    0x00,0x0D,0x00,0x0D,0x02,0xE0,0x04,0x00,0x0D,0x02,0xD8,0x00,0x00,0x00,0x09,0x00,0x00,0x00,0x07,0x00,0x0E,0x86,0xAB,0x04,
    0x00,0x0D,0x04,0x03,0x00,0x00,0x00,0x01,0x00,0x00,0x00,0x01,0x00,0x0D,0x00,0x11,0x04,0x00,0x0D,0x04,0x04,0x00,0x00,0x00,
    0x01,0x00,0x00,0x00,0x01,0x00,0x0D,0x00,0x10,0x04,0x00,0x0D,0x04,0x13,0x00,0x00,0x00,0x05,0x00,0x00,0x00,0x0D,0x00,0x0D,
    0x00,0x08,0x04,0x00,0x0D,0x04,0x1C,0x00,0x00,0x00,0x01,0x00,0x00,0x00,0x01,0x00,0x0D,0x00,0x0F,0x04,0x04,0x0D,0x01,0xA4,
    0x00,0x00,0x00,0x0E,0x00,0x00,0x00,0x0D,0x00,0x0D,0x00,0x07,0x04,0x04,0x0D,0x01,0xA9,0x00,0x00,0x00,0x09,0x00,0x00,0x00,
    0x0D,0x00,0x0D,0x00,0x15,0x04,0x04,0x0D,0x04,0xC8,0x00,0x00,0x00,0x05,0x00,0x00,0x00,0x0D,0x00,0x0D,0x00,0x04,0x04,0x04,
    0x0D,0x04,0xCE,0x00,0x00,0x00,0x09,0x00,0x00,0x00,0x0D,0x00,0x0D,0x00,0x03,0x05,0x00,0x15,0x00,0x17,0x00,0x06,0x00,0x02,
    0x00,0x00,0x00,0x09,0x00,0x00,0x00,0x05,0x00,0x17,0x01,0xEE,0x00,0x00,0x00,0x09,0x00,0x00,0x00,0x05,0x00,0x17,0x00,0x01,
    0x00,0x00,0x00,0x2E,0x00,0x00,0x00,0x02,0x45,0x6E,0x64,0x20,0x4D,0x61,0x63,0x68,0x69,0x6E,0x65,0x20,0x41,0x63,0x74,0x69,
    0x76,0x61,0x74,0x69,0x6E,0x67,0x20,0x43,0x69,0x6E,0x65,0x6D,0x61,0x74,0x69,0x63,0x20,0x53,0x70,0x65,0x63,0x69,0x61,0x6C,
    0x00,0x01,0x05,0x00,0x3A,0x00,0x17,0x00,0x01,0x00,0x09,0x00,0x00,0x00,0x09,0x00,0x00,0x00,0x0D,0x00,0x17,0x01,0x56,0x00,
    0x00,0x00,0x09,0x00,0x00,0x00,0x0D,0x00,0x17,0x00,0x06,0x00,0x00,0x00,0x09,0x00,0x00,0x00,0x04,0x00,0x17,0x01,0x53,0x00,
    0x00,0x00,0x09,0x00,0x00,0x00,0x14,0x00,0x17,0x02,0x6B,0x00,0x00,0x00,0x09,0x00,0x00,0x00,0x10,0x00,0x17,0x02,0x39,0x00,
    0x00,0x00,0x09,0x00,0x00,0x00,0x0D,0x00,0x17,0x01,0x97,0x00,0x00,0x00,0x09,0x00,0x00,0x00,0x0D,0x00,0x17,0x01,0x48,0x00,
    0x00,0x00,0x09,0x00,0x00,0x00,0x10,0x00,0x17,0x02,0x35,0x00,0x00,0x00,0x09,0x00,0x00,0x00,0x0D,0x00,0x17,0x00,0x06,0x00,
    0x00,0x00,0x6C,0x00,0x00,0x00,0x0F,0x4D,0x61,0x63,0x68,0x69,0x6E,0x65,0x20,0x41,0x63,0x74,0x69,0x76,0x61,0x74,0x69,0x6F,
    0x6E,0x20,0x43,0x69,0x6E,0x65,0x6D,0x61,0x74,0x69,0x63,0x20,0x53,0x6B,0x69,0x70,0x00,0x00,0x00,0x00,0x00,0x00,0x00,0x00,
    0x00,0x00,0x00,0x00,0x00,0x00,0x00,0x00,0x00,0x00,0x00,0x00,0x00,0x00,0x00,0x00,0x00,0x00,0x00,0x00,0x0F,0x00,0x00,0x00,
    0x00,0x00,0x00,0x00,0x00,0x00,0x00,0x00,0x00,0x00,0xFF,0xFF,0xFF,0xFF,0xFF,0xFF,0xFF,0xFF,0x00,0x00,0x00,0x00,0x01,0x00,
    0x00,0x00,0x00,0xFF,0xFF,0xFF,0xFF,0xFF,0xFF,0xFF,0xFF,0xFF,0xFF,0xFF,0xFF,0x05,0x00,0x3A,0x00,0x17,0x00,0x02,0x00,0x07,
    0x00,0x00,0x00,0x09,0x00,0x00,0x00,0x0D,0x00,0x17,0x01,0x7D,0x00,0x00,0x00,0x09,0x00,0x00,0x00,0x04,0x00,0x17,0x01,0x7B,
    0x00,0x00,0x00,0x09,0x00,0x00,0x00,0x01,0x00,0x17,0x00,0x1C,0x00,0x00,0x00,0x09,0x00,0x00,0x00,0x10,0x00,0x17,0x02,0x36,
    0x00,0x00,0x00,0x09,0x00,0x00,0x00,0x10,0x00,0x17,0x02,0x5F,0x00,0x00,0x00,0x09,0x00,0x00,0x00,0x0D,0x00,0x17,0x01,0x69,
    0x00,0x00,0x00,0x09,0x00,0x00,0x00,0x0D,0x00,0x17,0x01,0x94,0x00,0x00,0x00,0x6B,0x00,0x00,0x00,0x0F,0x45,0x61,0x73,0x74,
    0x20,0x44,0x6F,0x6F,0x72,0x20,0x4F,0x70,0x65,0x6E,0x69,0x6E,0x67,0x20,0x43,0x69,0x6E,0x65,0x6D,0x61,0x74,0x69,0x63,0x20,
    0x53,0x6B,0x69,0x70,0x00,0x00,0x00,0x00,0x00,0x00,0x00,0x00,0x00,0x00,0x00,0x00,0x00,0x00,0x00,0x00,0x00,0x00,0x00,0x00,
    0x00,0x00,0x00,0x00,0x00,0x00,0x00,0x00,0x0F,0x00,0x00,0x00,0x00,0x00,0x00,0x00,0x00,0x00,0x00,0x00,0x00,0x00,0xFF,0xFF,
    0xFF,0xFF,0xFF,0xFF,0xFF,0xFF,0x00,0x00,0x00,0x00,0x01,0x00,0x00,0x00,0x00,0xFF,0xFF,0xFF,0xFF,0xFF,0xFF,0xFF,0xFF,0xFF,
    0xFF,0xFF,0xFF,0x05,0x00,0x3A,0x00,0x17,0x00,0x03,0x00,0x07,0x00,0x00,0x00,0x09,0x00,0x00,0x00,0x0D,0x00,0x17,0x01,0x63,
    0x00,0x00,0x00,0x09,0x00,0x00,0x00,0x04,0x00,0x17,0x01,0x62,0x00,0x00,0x00,0x09,0x00,0x00,0x00,0x01,0x00,0x17,0x01,0x68,
    0x00,0x00,0x00,0x09,0x00,0x00,0x00,0x10,0x00,0x17,0x02,0x37,0x00,0x00,0x00,0x09,0x00,0x00,0x00,0x10,0x00,0x17,0x02,0x63,
    0x00,0x00,0x00,0x09,0x00,0x00,0x00,0x0D,0x00,0x17,0x01,0x70,0x00,0x00,0x00,0x09,0x00,0x00,0x00,0x0D,0x00,0x17,0x01,0x9A,
    0x00,0x00,0x00,0x6C,0x00,0x00,0x00,0x0F,0x4E,0x6F,0x72,0x74,0x68,0x20,0x44,0x6F,0x6F,0x72,0x20,0x4F,0x70,0x65,0x6E,0x69,
    0x6E,0x67,0x20,0x43,0x69,0x6E,0x65,0x6D,0x61,0x74,0x69,0x63,0x20,0x53,0x6B,0x69,0x70,0x00,0x00,0x00,0x00,0x00,0x00,0x00,
    0x00,0x00,0x00,0x00,0x00,0x00,0x00,0x00,0x00,0x00,0x00,0x00,0x00,0x00,0x00,0x00,0x00,0x00,0x00,0x00,0x00,0x0F,0x00,0x00,
    0x00,0x00,0x00,0x00,0x00,0x00,0x00,0x00,0x00,0x00,0x00,0xFF,0xFF,0xFF,0xFF,0xFF,0xFF,0xFF,0xFF,0x00,0x00,0x00,0x00,0x01,
    0x00,0x00,0x00,0x00,0xFF,0xFF,0xFF,0xFF,0xFF,0xFF,0xFF,0xFF,0xFF,0xFF,0xFF,0xFF,0x03,0x00,0x17,0x01,0x53,0x00,0x00,0x00,
    0x00,0x00,0x00,0x00,0x07,0x00,0x17,0x01,0xEE,0x03,0x00,0x17,0x01,0x53,0x00,0x00,0x00,0x05,0x00,0x00,0x00,0x05,0x00,0x17,
    0x01,0xEE,0x03,0x00,0x17,0x01,0x62,0x00,0x00,0x00,0x00,0x00,0x00,0x00,0x07,0x00,0x17,0x01,0xEE,0x03,0x00,0x17,0x01,0x62,
    0x00,0x00,0x00,0x05,0x00,0x00,0x00,0x05,0x00,0x17,0x01,0xEE,0x03,0x00,0x17,0x01,0x7B,0x00,0x00,0x00,0x00,0x00,0x00,0x00,
    0x07,0x00,0x17,0x01,0xEE,0x03,0x00,0x17,0x01,0x7B,0x00,0x00,0x00,0x05,0x00,0x00,0x00,0x05,0x00,0x17,0x01,0xEE,0x04,0x00,
    0x17,0x01,0x51,0x00,0x00,0x00,0x09,0x00,0x00,0x00,0x07,0x00,0x17,0x01,0xEE,0x04,0x00,0x17,0x01,0x51,0x00,0x00,0x00,0x09,
    0x00,0x00,0x00,0x07,0x00,0x17,0x00,0x01,0x04,0x00,0x17,0x01,0x53,0x00,0x00,0x00,0x05,0x00,0x00,0x00,0x0D,0x00,0x17,0x00,
    0x06,0x04,0x00,0x17,0x01,0x61,0x00,0x00,0x00,0x09,0x00,0x00,0x00,0x07,0x00,0x17,0x01,0xEE,0x04,0x00,0x17,0x01,0x61,0x00,
    0x00,0x00,0x09,0x00,0x00,0x00,0x07,0x00,0x17,0x00,0x03,0x04,0x00,0x17,0x01,0x63,0x00,0x00,0x00,0x09,0x00,0x00,0x00,0x05,
    0x00,0x17,0x01,0xEE,0x04,0x00,0x17,0x01,0x63,0x00,0x00,0x00,0x09,0x00,0x00,0x00,0x05,0x00,0x17,0x00,0x03,0x04,0x00,0x17,
    0x01,0x7C,0x00,0x00,0x00,0x09,0x00,0x00,0x00,0x07,0x00,0x17,0x01,0xEE,0x04,0x00,0x17,0x01,0x7C,0x00,0x00,0x00,0x09,0x00,
    0x00,0x00,0x07,0x00,0x17,0x00,0x02,0x04,0x00,0x17,0x01,0x7D,0x00,0x00,0x00,0x09,0x00,0x00,0x00,0x05,0x00,0x17,0x01,0xEE,
    0x04,0x00,0x17,0x01,0x7D,0x00,0x00,0x00,0x09,0x00,0x00,0x00,0x05,0x00,0x17,0x00,0x02,0x05,0x00,0x15,0x00,0x12,0x00,0x03,
    0x00,0x03,0x00,0x00,0x00,0x09,0x00,0x00,0x00,0x07,0x00,0x12,0x00,0x86,0x00,0x00,0x00,0x09,0x00,0x00,0x00,0x01,0x00,0x12,
    0x01,0x20,0x00,0x00,0x00,0x09,0x00,0x00,0x00,0x07,0x00,0x12,0x00,0x05,0x00,0x00,0x00,0x1B,0x00,0x00,0x00,0x02,0x52,0x65,
    0x6C,0x61,0x79,0x2D,0x73,0x74,0x61,0x72,0x74,0x20,0x6F,0x66,0x20,0x63,0x69,0x6E,0x65,0x6D,0x61,0x00,0x01,0x05,0x00,0x15,
    0x00,0x12,0x00,0x04,0x00,0x02,0x00,0x00,0x00,0x09,0x00,0x00,0x00,0x05,0x00,0x12,0x00,0x86,0x00,0x00,0x00,0x09,0x00,0x00,
    0x00,0x05,0x00,0x12,0x00,0x05,0x00,0x00,0x00,0x19,0x00,0x00,0x00,0x02,0x52,0x65,0x6C,0x61,0x79,0x2D,0x65,0x6E,0x64,0x20,
    0x6F,0x66,0x20,0x63,0x69,0x6E,0x65,0x6D,0x61,0x00,0x01,0x05,0x00,0x15,0x00,0x12,0x00,0x06,0x00,0x02,0x00,0x00,0x00,0x09,
    0x00,0x00,0x00,0x05,0x00,0x12,0x00,0x86,0x00,0x00,0x00,0x09,0x00,0x00,0x00,0x05,0x00,0x12,0x00,0x07,0x00,0x00,0x00,0x13,
    0x00,0x00,0x00,0x02,0x45,0x6E,0x64,0x20,0x43,0x69,0x6E,0x65,0x6D,0x61,0x74,0x69,0x63,0x00,0x01,0x05,0x00,0x3A,0x00,0x12,
    0x00,0x05,0x00,0x0F,0x00,0x00,0x00,0x09,0x00,0x00,0x00,0x0D,0x00,0x12,0x00,0x04,0x00,0x00,0x00,0x09,0x00,0x00,0x00,0x01,
    0x00,0x12,0x00,0xC2,0x00,0x00,0x00,0x09,0x00,0x00,0x00,0x04,0x00,0x12,0x01,0x20,0x00,0x00,0x00,0x09,0x00,0x00,0x00,0x0F,
    0x00,0x12,0x00,0xDE,0x00,0x00,0x00,0x09,0x00,0x00,0x00,0x01,0x00,0x12,0x00,0xBA,0x00,0x00,0x00,0x09,0x00,0x00,0x00,0x01,
    0x00,0x12,0x00,0xBB,0x00,0x00,0x00,0x09,0x00,0x00,0x00,0x14,0x00,0x12,0x01,0x08,0x00,0x00,0x00,0x09,0x00,0x00,0x00,0x0B,
    0x00,0x12,0x00,0x69,0x00,0x00,0x00,0x09,0x00,0x00,0x00,0x0F,0x00,0x12,0x00,0xBF,0x00,0x00,0x00,0x09,0x00,0x00,0x00,0x0D,
    0x00,0x12,0x00,0x5F,0x00,0x00,0x00,0x09,0x00,0x00,0x00,0x0D,0x00,0x12,0x00,0x73,0x00,0x00,0x00,0x09,0x00,0x00,0x00,0x0F,
    0x00,0x12,0x01,0x46,0x00,0x00,0x00,0x09,0x00,0x00,0x00,0x14,0x00,0x12,0x01,0x07,0x00,0x00,0x00,0x09,0x00,0x00,0x00,0x0F,
    0x00,0x12,0x00,0xC3,0x00,0x00,0x00,0x09,0x00,0x00,0x00,0x13,0x00,0x12,0x00,0x87,0x00,0x00,0x00,0x69,0x00,0x00,0x00,0x0F,
    0x53,0x70,0x65,0x63,0x69,0x61,0x6C,0x46,0x75,0x6E,0x63,0x74,0x69,0x6F,0x6E,0x20,0x43,0x69,0x6E,0x65,0x6D,0x61,0x74,0x69,
    0x63,0x20,0x53,0x6B,0x69,0x70,0x00,0x00,0x00,0x00,0x00,0x00,0x00,0x00,0x00,0x00,0x00,0x00,0x00,0x00,0x00,0x00,0x00,0x00,
    0x00,0x00,0x00,0x00,0x00,0x00,0x00,0x00,0x00,0x00,0x0F,0x00,0x00,0x00,0x00,0x00,0x00,0x00,0x00,0x00,0x00,0x00,0x00,0x00,
    0xFF,0xFF,0xFF,0xFF,0xFF,0xFF,0xFF,0xFF,0x00,0x00,0x00,0x00,0x01,0x00,0x00,0x00,0x00,0xFF,0xFF,0xFF,0xFF,0xFF,0xFF,0xFF,
    0xFF,0xFF,0xFF,0xFF,0xFF,0x05,0x00,0x3A,0x00,0x12,0x00,0x07,0x00,0x11,0x00,0x00,0x00,0x09,0x00,0x00,0x00,0x0D,0x00,0x12,
    0x00,0x06,0x00,0x00,0x00,0x09,0x00,0x00,0x00,0x0D,0x00,0x12,0x00,0x93,0x00,0x00,0x00,0x09,0x00,0x00,0x00,0x04,0x00,0x12,
    0x00,0xB8,0x00,0x00,0x00,0x09,0x00,0x00,0x00,0x04,0x00,0x12,0x00,0xB2,0x00,0x00,0x00,0x09,0x00,0x00,0x00,0x04,0x00,0x12,
    0x00,0xB4,0x00,0x00,0x00,0x09,0x00,0x00,0x00,0x04,0x00,0x12,0x00,0xB5,0x00,0x00,0x00,0x09,0x00,0x00,0x00,0x04,0x00,0x12,
    0x00,0xB6,0x00,0x00,0x00,0x09,0x00,0x00,0x00,0x04,0x00,0x12,0x00,0xB7,0x00,0x00,0x00,0x09,0x00,0x00,0x00,0x0F,0x00,0x12,
    0x00,0x72,0x00,0x00,0x00,0x09,0x00,0x00,0x00,0x0F,0x00,0x12,0x00,0x5E,0x00,0x00,0x00,0x09,0x00,0x00,0x00,0x0F,0x00,0x12,
    0x00,0x69,0x00,0x00,0x00,0x09,0x00,0x00,0x00,0x0F,0x00,0x12,0x01,0x33,0x00,0x00,0x00,0x09,0x00,0x00,0x00,0x04,0x00,0x12,
    0x00,0x85,0x00,0x00,0x00,0x09,0x00,0x00,0x00,0x0F,0x00,0x12,0x01,0x08,0x00,0x00,0x00,0x09,0x00,0x00,0x00,0x04,0x00,0x12,
    0x00,0xC2,0x00,0x00,0x00,0x09,0x00,0x00,0x00,0x0F,0x00,0x12,0x00,0xC4,0x00,0x00,0x00,0x09,0x00,0x00,0x00,0x13,0x00,0x12,
    0x00,0x89,0x00,0x00,0x00,0x69,0x00,0x00,0x00,0x0F,0x53,0x70,0x65,0x63,0x69,0x61,0x6C,0x46,0x75,0x6E,0x63,0x74,0x69,0x6F,
    0x6E,0x20,0x43,0x69,0x6E,0x65,0x6D,0x61,0x74,0x69,0x63,0x20,0x53,0x6B,0x69,0x70,0x00,0x00,0x00,0x00,0x00,0x00,0x00,0x00,
    0x00,0x00,0x00,0x00,0x00,0x00,0x00,0x00,0x00,0x00,0x00,0x00,0x00,0x00,0x00,0x00,0x00,0x00,0x00,0x00,0x0F,0x00,0x00,0x00,
    0x00,0x00,0x00,0x00,0x00,0x00,0x00,0x00,0x00,0x00,0xFF,0xFF,0xFF,0xFF,0xFF,0xFF,0xFF,0xFF,0x00,0x00,0x00,0x00,0x01,0x00,
    0x00,0x00,0x00,0xFF,0xFF,0xFF,0xFF,0xFF,0xFF,0xFF,0xFF,0xFF,0xFF,0xFF,0xFF,0x03,0x00,0x12,0x00,0x85,0x00,0x00,0x00,0x00,
    0x00,0x00,0x00,0x07,0x00,0x12,0x00,0x86,0x03,0x00,0x12,0x00,0x85,0x00,0x00,0x00,0x05,0x00,0x00,0x00,0x05,0x00,0x12,0x00,
    0x86,0x03,0x00,0x12,0x00,0x85,0x00,0x00,0x00,0x00,0x00,0x00,0x00,0x0B,0x00,0x12,0x01,0x33,0x03,0x00,0x12,0x01,0x20,0x00,
    0x00,0x00,0x00,0x00,0x00,0x00,0x07,0x00,0x12,0x00,0x86,0x03,0x00,0x12,0x01,0x20,0x00,0x00,0x00,0x05,0x00,0x00,0x00,0x05,
    0x00,0x12,0x00,0x86,0x03,0x00,0x12,0x01,0x2E,0x00,0x00,0x00,0x09,0x00,0x00,0x00,0x01,0x00,0x12,0x01,0x20,0x04,0x00,0x12,
    0x00,0x84,0x00,0x00,0x00,0x09,0x00,0x00,0x00,0x07,0x00,0x12,0x00,0x86,0x04,0x00,0x12,0x00,0x84,0x00,0x00,0x00,0x09,0x00,
    0x00,0x00,0x0B,0x00,0x12,0x01,0x33,0x04,0x00,0x12,0x00,0x84,0x00,0x00,0x00,0x09,0x00,0x00,0x00,0x07,0x00,0x12,0x00,0x07,
    0x04,0x00,0x12,0x00,0x85,0x00,0x00,0x00,0x05,0x00,0x00,0x00,0x0D,0x00,0x12,0x00,0x06,0x04,0x00,0x12,0x01,0x20,0x00,0x00,
    0x00,0x05,0x00,0x00,0x00,0x0D,0x00,0x12,0x00,0x04,0x04,0x00,0x12,0x01,0x2E,0x00,0x00,0x00,0x09,0x00,0x00,0x00,0x0D,0x00,
    0x12,0x00,0x03,0x05,0x00,0x15,0x00,0x00,0x00,0x13,0x00,0x06,0x00,0x00,0x00,0x09,0x00,0x00,0x00,0x05,0x00,0x00,0x00,0x12,
    0x00,0x00,0x00,0x09,0x00,0x00,0x00,0x05,0x00,0x00,0x00,0x75,0x00,0x00,0x00,0x09,0x00,0x00,0x00,0x0D,0x00,0x00,0x00,0x7E,
    0x00,0x00,0x00,0x09,0x00,0x00,0x00,0x04,0x00,0x00,0x00,0x81,0x00,0x00,0x00,0x09,0x00,0x00,0x00,0x04,0x00,0x00,0x00,0x7C,
    0x00,0x00,0x00,0x09,0x00,0x00,0x00,0x0D,0x00,0x00,0x00,0x97,0x00,0x00,0x00,0x1B,0x00,0x00,0x00,0x02,0x45,0x6E,0x64,0x20,
    0x6F,0x66,0x20,0x41,0x72,0x72,0x69,0x76,0x61,0x6C,0x20,0x43,0x69,0x6E,0x65,0x6D,0x61,0x00,0x01,0x05,0x00,0x15,0x00,0x00,
    0x00,0x14,0x00,0x00,0x00,0x00,0x00,0x1D,0x00,0x00,0x00,0x02,0x45,0x6E,0x64,0x20,0x6F,0x66,0x20,0x44,0x65,0x70,0x61,0x72,
    0x74,0x75,0x72,0x65,0x20,0x43,0x69,0x6E,0x65,0x6D,0x61,0x00,0x01,0x05,0x00,0x3A,0x00,0x00,0x00,0x12,0x00,0x01,0x00,0x00,
    0x00,0x09,0x00,0x00,0x00,0x0D,0x00,0x00,0x00,0x13,0x00,0x00,0x00,0x61,0x00,0x00,0x00,0x0F,0x41,0x72,0x72,0x69,0x76,0x61,
    0x6C,0x20,0x43,0x69,0x6E,0x65,0x6D,0x61,0x74,0x69,0x63,0x20,0x53,0x6B,0x69,0x70,0x00,0x00,0x00,0x00,0x00,0x00,0x00,0x00,
    0x00,0x00,0x00,0x00,0x00,0x00,0x00,0x00,0x00,0x00,0x00,0x00,0x00,0x00,0x00,0x00,0x00,0x00,0x00,0x00,0x0F,0x00,0x00,0x00,
    0x00,0x00,0x00,0x00,0x00,0x00,0x00,0x00,0x00,0x00,0xFF,0xFF,0xFF,0xFF,0xFF,0xFF,0xFF,0xFF,0x00,0x00,0x00,0x00,0x01,0x00,
    0x00,0x00,0x00,0xFF,0xFF,0xFF,0xFF,0xFF,0xFF,0xFF,0xFF,0xFF,0xFF,0xFF,0xFF,0x05,0x00,0x3A,0x00,0x00,0x00,0x15,0x00,0x05,
    0x00,0x00,0x00,0x09,0x00,0x00,0x00,0x0B,0x00,0x18,0x00,0x55,0x00,0x00,0x00,0x09,0x00,0x00,0x00,0x01,0x00,0x0A,0x2C,0x2A,
    0x00,0x00,0x00,0x09,0x00,0x00,0x00,0x07,0x00,0x00,0xA4,0x55,0x00,0x00,0x00,0x09,0x00,0x00,0x00,0x0F,0x00,0x00,0x00,0xA9,
    0x00,0x00,0x00,0x09,0x00,0x00,0x00,0x0F,0x00,0x00,0x00,0x99,0x00,0x00,0x00,0x63,0x00,0x00,0x00,0x0F,0x44,0x65,0x70,0x61,
    0x72,0x74,0x75,0x72,0x65,0x20,0x43,0x69,0x6E,0x65,0x6D,0x61,0x74,0x69,0x63,0x20,0x53,0x6B,0x69,0x70,0x00,0x00,0x00,0x00,
    0x00,0x00,0x00,0x00,0x00,0x00,0x00,0x00,0x00,0x00,0x00,0x00,0x00,0x00,0x00,0x00,0x00,0x00,0x00,0x00,0x00,0x00,0x00,0x00,
    0x0F,0x00,0x00,0x00,0x00,0x00,0x00,0x00,0x00,0x00,0x00,0x00,0x00,0x00,0xFF,0xFF,0xFF,0xFF,0xFF,0xFF,0xFF,0xFF,0x00,0x00,
    0x00,0x00,0x01,0x00,0x00,0x00,0x00,0xFF,0xFF,0xFF,0xFF,0xFF,0xFF,0xFF,0xFF,0xFF,0xFF,0xFF,0xFF,0x05,0x00,0x0C,0x00,0x0A,
    0x2C,0x2A,0x00,0x00,0x00,0x00,0x00,0x33,0x00,0x00,0x00,0x0F,0x48,0x6F,0x6C,0x64,0x00,0x00,0x00,0x00,0x00,0x00,0x00,0x00,
    0x00,0x00,0x00,0x00,0x00,0x00,0x00,0x00,0x00,0x00,0x00,0x00,0x00,0x00,0x00,0x00,0x00,0x00,0x40,0xE0,0x00,0x00,0x00,0x00,
    0x00,0x00,0x01,0x00,0x00,0x42,0x8C,0x00,0x00,0x01,0x00,0x05,0x00,0x18,0x00,0x00,0xA4,0x55,0x00,0x00,0x00,0x00,0x00,0x3C,
    0x00,0x00,0x00,0x0A,0x48,0x6F,0x6C,0x64,0x20,0x42,0x6C,0x61,0x63,0x6B,0x00,0x01,0x00,0x00,0x00,0x01,0x00,0x00,0x00,0x00,
    0x00,0x00,0x00,0x00,0x00,0x00,0x00,0x00,0x00,0x00,0x00,0x00,0x00,0x00,0x00,0x00,0x00,0x00,0x00,0x00,0x3F,0x80,0x00,0x00,
    0x00,0x00,0x00,0x00,0x3F,0x00,0x00,0x00,0xFF,0xFF,0xFF,0xFF,0x05,0x00,0x05,0x00,0x18,0x00,0x55,0x00,0x01,0x00,0x00,0x00,
    0x09,0x00,0x00,0x00,0x0D,0x00,0x00,0x00,0x98,0x00,0x00,0x00,0x2B,0x00,0x00,0x00,0x06,0x43,0x75,0x74,0x73,0x63,0x65,0x6E,
    0x65,0x20,0x53,0x6B,0x69,0x70,0x20,0x32,0x20,0x46,0x72,0x61,0x6D,0x65,0x20,0x44,0x65,0x6C,0x61,0x79,0x00,0x3C,0xA3,0xD7,
    0x0A,0x00,0x00,0x00,0x00,0x00,0x00,0x01,0x03,0x00,0x00,0x00,0x74,0x00,0x00,0x00,0x05,0x00,0x00,0x00,0x05,0x00,0x00,0x00,
    0x75,0x03,0x00,0x00,0x00,0x74,0x00,0x00,0x00,0x00,0x00,0x00,0x00,0x01,0x00,0x00,0x00,0x7C,0x03,0x00,0x00,0x00,0x74,0x00,
    0x00,0x00,0x05,0x00,0x00,0x00,0x0D,0x00,0x00,0x00,0x7E,0x03,0x00,0x00,0x00,0x74,0x00,0x00,0x00,0x00,0x00,0x00,0x00,0x01,
    0x00,0x00,0x00,0x81,0x03,0x00,0x00,0x00,0x74,0x00,0x00,0x00,0x05,0x00,0x00,0x00,0x04,0x00,0x00,0x00,0x81,0x03,0x00,0x00,
    0x00,0x74,0x00,0x00,0x00,0x05,0x00,0x00,0x00,0x04,0x00,0x00,0x00,0x7C,0x03,0x00,0x00,0x00,0x74,0x00,0x00,0x00,0x05,0x00,
    0x00,0x00,0x0D,0x00,0x00,0x00,0x97,0x04,0x00,0x00,0x00,0x73,0x00,0x00,0x00,0x09,0x00,0x00,0x00,0x07,0x00,0x00,0x00,0x12,
    0x04,0x00,0x00,0x00,0x73,0x00,0x00,0x00,0x09,0x00,0x00,0x00,0x01,0x00,0x00,0x00,0x7C,0x04,0x00,0x00,0x00,0x73,0x00,0x00,
    0x00,0x09,0x00,0x00,0x00,0x01,0x00,0x00,0x00,0x81,0x04,0x00,0x00,0x00,0x74,0x00,0x00,0x00,0x05,0x00,0x00,0x00,0x0D,0x00,
    0x00,0x00,0x13,0x04,0x00,0x00,0x00,0x83,0x00,0x00,0x00,0x09,0x00,0x00,0x00,0x07,0x00,0x00,0x00,0x15,0x05,0x00,0x15,0x00,
    0x07,0x00,0x01,0x00,0x09,0x00,0x00,0x00,0x09,0x00,0x00,0x00,0x01,0x00,0x07,0x05,0x13,0x00,0x00,0x00,0x09,0x00,0x00,0x00,
    0x07,0x00,0x07,0x04,0xBA,0x00,0x00,0x00,0x09,0x00,0x00,0x00,0x0D,0x00,0x07,0x04,0xC5,0x00,0x00,0x00,0x09,0x00,0x00,0x00,
    0x0D,0x00,0x07,0x05,0xE8,0x00,0x00,0x00,0x09,0x00,0x00,0x00,0x05,0x00,0x07,0x05,0x16,0x00,0x00,0x00,0x09,0x00,0x00,0x00,
    0x14,0x00,0x07,0x05,0x9F,0x00,0x00,0x00,0x09,0x00,0x00,0x00,0x0B,0x00,0x07,0x05,0x0E,0x00,0x00,0x00,0x09,0x00,0x00,0x00,
    0x0B,0x00,0x07,0x05,0x09,0x00,0x00,0x00,0x09,0x00,0x00,0x00,0x07,0x00,0x07,0x00,0x04,0x00,0x00,0x00,0x1B,0x00,0x00,0x00,
    0x02,0x52,0x65,0x6C,0x61,0x79,0x2D,0x73,0x74,0x61,0x72,0x74,0x20,0x6F,0x66,0x20,0x63,0x69,0x6E,0x65,0x6D,0x61,0x00,0x01,
    0x05,0x00,0x15,0x00,0x07,0x00,0x02,0x00,0x02,0x00,0x00,0x00,0x09,0x00,0x00,0x00,0x05,0x00,0x07,0x00,0x04,0x00,0x00,0x00,
    0x09,0x00,0x00,0x00,0x05,0x00,0x07,0x04,0xBA,0x00,0x00,0x00,0x19,0x00,0x00,0x00,0x02,0x52,0x65,0x6C,0x61,0x79,0x2D,0x65,
    0x6E,0x64,0x20,0x6F,0x66,0x20,0x63,0x69,0x6E,0x65,0x6D,0x61,0x00,0x01,0x05,0x00,0x15,0x00,0x07,0x00,0x05,0x00,0x03,0x00,
    0x00,0x00,0x09,0x00,0x00,0x00,0x04,0x00,0x07,0x04,0xDE,0x00,0x00,0x00,0x09,0x00,0x00,0x00,0x15,0x00,0x07,0x05,0x12,0x00,
    0x00,0x00,0x09,0x00,0x00,0x00,0x04,0x00,0x07,0x05,0x0F,0x00,0x00,0x00,0x19,0x00,0x00,0x00,0x02,0x52,0x65,0x6C,0x61,0x79,
    0x20,0x41,0x6C,0x65,0x72,0x74,0x20,0x54,0x72,0x6F,0x6F,0x70,0x65,0x72,0x00,0x01,0x05,0x00,0x15,0x00,0x07,0x00,0x06,0x00,
    0x03,0x00,0x00,0x00,0x09,0x00,0x00,0x00,0x04,0x00,0x07,0x04,0xF4,0x00,0x00,0x00,0x09,0x00,0x00,0x00,0x15,0x00,0x07,0x04,
    0xB1,0x00,0x00,0x00,0x09,0x00,0x00,0x00,0x04,0x00,0x07,0x04,0xB6,0x00,0x00,0x00,0x19,0x00,0x00,0x00,0x02,0x52,0x65,0x6C,
    0x61,0x79,0x20,0x41,0x6C,0x65,0x72,0x74,0x20,0x54,0x72,0x6F,0x6F,0x70,0x65,0x72,0x00,0x01,0x05,0x00,0x15,0x00,0x07,0x00,
    0x07,0x00,0x02,0x00,0x00,0x00,0x09,0x00,0x00,0x00,0x04,0x00,0x07,0x04,0xC8,0x00,0x00,0x00,0x09,0x00,0x00,0x00,0x15,0x00,
    0x07,0x05,0x0D,0x00,0x00,0x00,0x19,0x00,0x00,0x00,0x02,0x52,0x65,0x6C,0x61,0x79,0x20,0x41,0x6C,0x65,0x72,0x74,0x20,0x54,
    0x72,0x6F,0x6F,0x70,0x65,0x72,0x00,0x01,0x05,0x00,0x15,0x00,0x08,0x86,0xA8,0x00,0x02,0x00,0x00,0x00,0x09,0x00,0x00,0x00,
    0x05,0x00,0x07,0x05,0x4B,0x00,0x00,0x00,0x09,0x00,0x00,0x00,0x05,0x00,0x08,0x86,0xA9,0x00,0x00,0x00,0x1B,0x00,0x00,0x00,
    0x02,0x53,0x68,0x75,0x74,0x4F,0x66,0x66,0x46,0x6F,0x72,0x63,0x65,0x66,0x69,0x65,0x6C,0x64,0x20,0x45,0x6E,0x64,0x00,0x01,
    0x05,0x00,0x3A,0x00,0x07,0x00,0x04,0x00,0x08,0x00,0x00,0x00,0x09,0x00,0x00,0x00,0x0D,0x00,0x07,0x00,0x02,0x00,0x00,0x00,
    0x09,0x00,0x00,0x00,0x04,0x00,0x07,0x04,0xBB,0x00,0x00,0x00,0x09,0x00,0x00,0x00,0x0F,0x00,0x07,0x04,0xB4,0x00,0x00,0x00,
    0x09,0x00,0x00,0x00,0x0F,0x00,0x07,0x05,0x09,0x00,0x00,0x00,0x09,0x00,0x00,0x00,0x0F,0x00,0x07,0x05,0x0E,0x00,0x00,0x00,
    0x09,0x00,0x00,0x00,0x0D,0x00,0x07,0x00,0x05,0x00,0x00,0x00,0x09,0x00,0x00,0x00,0x0D,0x00,0x07,0x00,0x06,0x00,0x00,0x00,
    0x09,0x00,0x00,0x00,0x0D,0x00,0x07,0x00,0x07,0x00,0x00,0x00,0x69,0x00,0x00,0x00,0x0F,0x53,0x70,0x65,0x63,0x69,0x61,0x6C,
    0x46,0x75,0x6E,0x63,0x74,0x69,0x6F,0x6E,0x20,0x43,0x69,0x6E,0x65,0x6D,0x61,0x74,0x69,0x63,0x20,0x53,0x6B,0x69,0x70,0x00,
    0x00,0x00,0x00,0x00,0x00,0x00,0x00,0x00,0x00,0x00,0x00,0x00,0x00,0x00,0x00,0x00,0x00,0x00,0x00,0x00,0x00,0x00,0x00,0x00,
    0x00,0x00,0x00,0x0F,0x00,0x00,0x00,0x00,0x00,0x00,0x00,0x00,0x00,0x00,0x00,0x00,0x00,0xFF,0xFF,0xFF,0xFF,0xFF,0xFF,0xFF,
    0xFF,0x00,0x00,0x00,0x00,0x01,0x00,0x00,0x00,0x00,0xFF,0xFF,0xFF,0xFF,0xFF,0xFF,0xFF,0xFF,0xFF,0xFF,0xFF,0xFF,0x05,0x00,
    0x3A,0x00,0x08,0x86,0xA9,0x00,0x07,0x00,0x00,0x00,0x09,0x00,0x00,0x00,0x0D,0x00,0x08,0x86,0xA8,0x00,0x00,0x00,0x09,0x00,
    0x00,0x00,0x0F,0x00,0x07,0x05,0x66,0x00,0x00,0x00,0x09,0x00,0x00,0x00,0x04,0x00,0x07,0x04,0x98,0x00,0x00,0x00,0x09,0x00,
    0x00,0x00,0x04,0x00,0x07,0x04,0x99,0x00,0x00,0x00,0x09,0x00,0x00,0x00,0x04,0x00,0x07,0x04,0x99,0x00,0x00,0x00,0x09,0x00,
    0x00,0x00,0x04,0x00,0x07,0x04,0x9A,0x00,0x00,0x00,0x09,0x00,0x00,0x00,0x04,0x00,0x07,0x04,0xAA,0x00,0x00,0x00,0x69,0x00,
    0x00,0x00,0x0F,0x53,0x70,0x65,0x63,0x69,0x61,0x6C,0x46,0x75,0x6E,0x63,0x74,0x69,0x6F,0x6E,0x20,0x43,0x69,0x6E,0x65,0x6D,
    0x61,0x74,0x69,0x63,0x20,0x53,0x6B,0x69,0x70,0x00,0x00,0x00,0x00,0x00,0x00,0x00,0x00,0x00,0x00,0x00,0x00,0x00,0x00,0x00,
    0x00,0x00,0x00,0x00,0x00,0x00,0x00,0x00,0x00,0x00,0x00,0x00,0x00,0x0F,0x00,0x00,0x00,0x00,0x00,0x00,0x00,0x00,0x00,0x00,
    0x00,0x00,0x00,0xFF,0xFF,0xFF,0xFF,0xFF,0xFF,0xFF,0xFF,0x00,0x00,0x00,0x00,0x01,0x00,0x00,0x00,0x00,0xFF,0xFF,0xFF,0xFF,
    0xFF,0xFF,0xFF,0xFF,0xFF,0xFF,0xFF,0xFF,0x03,0x00,0x07,0x04,0xAA,0x00,0x00,0x00,0x00,0x00,0x00,0x00,0x07,0x00,0x07,0x05,
    0x4B,0x03,0x00,0x07,0x04,0xAA,0x00,0x00,0x00,0x05,0x00,0x00,0x00,0x05,0x00,0x07,0x05,0x4B,0x03,0x04,0x07,0x04,0xBB,0x00,
    0x00,0x00,0x05,0x00,0x00,0x00,0x05,0x04,0x07,0x04,0xBA,0x03,0x04,0x07,0x04,0xBB,0x00,0x00,0x00,0x00,0x00,0x00,0x00,0x0D,
    0x04,0x07,0x04,0xC5,0x03,0x04,0x07,0x05,0x13,0x00,0x00,0x00,0x00,0x00,0x00,0x00,0x07,0x04,0x07,0x04,0xBA,0x03,0x04,0x07,
    0x05,0x13,0x00,0x00,0x00,0x00,0x00,0x00,0x00,0x0B,0x04,0x07,0x05,0x0E,0x03,0x04,0x07,0x05,0x13,0x00,0x00,0x00,0x00,0x00,
    0x00,0x00,0x0B,0x04,0x07,0x05,0x09,0x03,0x04,0x07,0x05,0x13,0x00,0x00,0x00,0x00,0x00,0x00,0x00,0x07,0x04,0x07,0x05,0x21,
    0x03,0x04,0x07,0x05,0x13,0x00,0x00,0x00,0x00,0x00,0x00,0x00,0x05,0x00,0x07,0x05,0x16,0x03,0x04,0x07,0x05,0x13,0x00,0x00,
    0x00,0x00,0x00,0x00,0x00,0x0D,0x04,0x07,0x05,0xE8,0x03,0x04,0x07,0x05,0x13,0x00,0x00,0x00,0x00,0x00,0x00,0x00,0x14,0x04,
    0x07,0x05,0x9F,0x03,0x04,0x07,0x05,0x1F,0x00,0x00,0x00,0x09,0x00,0x00,0x00,0x01,0x04,0x07,0x05,0x13,0x04,0x00,0x07,0x04,
    0xA9,0x00,0x00,0x00,0x09,0x00,0x00,0x00,0x07,0x00,0x07,0x05,0x4B,0x04,0x00,0x07,0x04,0xA9,0x00,0x00,0x00,0x09,0x00,0x00,
    0x00,0x07,0x00,0x08,0x86,0xA9,0x04,0x00,0x07,0x04,0xAA,0x00,0x00,0x00,0x05,0x00,0x00,0x00,0x0D,0x00,0x08,0x86,0xA8,0x04,
    0x04,0x07,0x04,0xB2,0x00,0x00,0x00,0x03,0x00,0x00,0x00,0x0D,0x00,0x07,0x00,0x01,0x04,0x04,0x07,0x04,0xBB,0x00,0x00,0x00,
    0x05,0x00,0x00,0x00,0x0D,0x00,0x07,0x00,0x02,0x04,0x04,0x07,0x05,0x1F,0x00,0x00,0x00,0x09,0x00,0x00,0x00,0x0D,0x00,0x07,
    0x00,0x01,0x05,0x01,0x15,0x00,0x25,0x00,0x09,0x00,0x03,0x00,0x00,0x00,0x09,0x00,0x00,0x00,0x07,0x00,0x25,0x00,0x08,0x00,
    0x00,0x00,0x09,0x00,0x00,0x00,0x01,0x00,0x25,0x00,0xD3,0x00,0x00,0x00,0x09,0x00,0x00,0x00,0x0D,0x00,0x25,0x2F,0x55,0x00,
    0x00,0x00,0x21,0x00,0x00,0x00,0x02,0x53,0x74,0x61,0x72,0x74,0x20,0x53,0x6C,0x6F,0x74,0x20,0x52,0x65,0x76,0x65,0x61,0x6C,
    0x20,0x43,0x69,0x6E,0x65,0x6D,0x61,0x74,0x69,0x63,0x00,0x01,0x05,0x01,0x15,0x00,0x25,0x00,0x17,0x00,0x03,0x00,0x00,0x00,
    0x09,0x00,0x00,0x00,0x05,0x00,0x25,0x00,0x08,0x00,0x00,0x00,0x09,0x00,0x00,0x00,0x04,0x00,0x25,0x00,0xD2,0x00,0x00,0x00,
    0x09,0x00,0x00,0x00,0x05,0x00,0x25,0x27,0x34,0x00,0x00,0x00,0x1F,0x00,0x00,0x00,0x02,0x45,0x6E,0x64,0x20,0x53,0x6C,0x6F,
    0x74,0x20,0x52,0x65,0x76,0x65,0x61,0x6C,0x20,0x43,0x69,0x6E,0x65,0x6D,0x61,0x74,0x69,0x63,0x00,0x01,0x05,0x01,0x15,0x00,
    0x25,0x00,0x23,0x00,0x01,0x00,0x00,0x00,0x09,0x00,0x00,0x00,0x05,0x00,0x25,0x00,0x22,0x00,0x00,0x00,0x22,0x00,0x00,0x00,
    0x02,0x45,0x6E,0x64,0x20,0x43,0x69,0x6E,0x65,0x6D,0x61,0x74,0x69,0x63,0x20,0x46,0x61,0x75,0x6C,0x74,0x79,0x20,0x52,0x65,
    0x6C,0x61,0x79,0x20,0x31,0x00,0x01,0x05,0x01,0x15,0x00,0x25,0x00,0x24,0x00,0x01,0x00,0x00,0x00,0x09,0x00,0x00,0x00,0x05,
    0x00,0x25,0x00,0x22,0x00,0x00,0x00,0x22,0x00,0x00,0x00,0x02,0x45,0x6E,0x64,0x20,0x43,0x69,0x6E,0x65,0x6D,0x61,0x74,0x69,
    0x63,0x20,0x46,0x61,0x75,0x6C,0x74,0x79,0x20,0x52,0x65,0x6C,0x61,0x79,0x20,0x32,0x00,0x01,0x05,0x01,0x15,0x00,0x25,0x00,
    0x26,0x00,0x01,0x00,0x00,0x00,0x09,0x00,0x00,0x00,0x05,0x00,0x25,0x00,0x22,0x00,0x00,0x00,0x22,0x00,0x00,0x00,0x02,0x45,
    0x6E,0x64,0x20,0x43,0x69,0x6E,0x65,0x6D,0x61,0x74,0x69,0x63,0x20,0x46,0x61,0x75,0x6C,0x74,0x79,0x20,0x52,0x65,0x6C,0x61,
    0x79,0x20,0x33,0x00,0x01,0x05,0x01,0x15,0x00,0x25,0x00,0x2F,0x00,0x01,0x00,0x00,0x00,0x09,0x00,0x00,0x00,0x05,0x00,0x25,
    0x00,0x22,0x00,0x00,0x00,0x22,0x00,0x00,0x00,0x02,0x45,0x6E,0x64,0x20,0x43,0x69,0x6E,0x65,0x6D,0x61,0x74,0x69,0x63,0x20,
    0x46,0x61,0x75,0x6C,0x74,0x79,0x20,0x52,0x65,0x6C,0x61,0x79,0x20,0x34,0x00,0x01,0x05,0x01,0x15,0x00,0x25,0x00,0x52,0x00,
    0x0C,0x00,0x00,0x00,0x09,0x00,0x00,0x00,0x10,0x00,0x25,0x00,0x93,0x00,0x00,0x00,0x09,0x00,0x00,0x00,0x0B,0x00,0x15,0xBE,
    0x29,0x00,0x00,0x00,0x09,0x00,0x00,0x00,0x0D,0x00,0x34,0x42,0xB2,0x00,0x00,0x00,0x09,0x00,0x00,0x00,0x05,0x00,0x25,0x01,
    0xC4,0x00,0x00,0x00,0x09,0x00,0x00,0x00,0x10,0x00,0x25,0x00,0x95,0x00,0x00,0x00,0x09,0x00,0x00,0x00,0x04,0x00,0x25,0x00,
    0x16,0x00,0x00,0x00,0x09,0x00,0x00,0x00,0x04,0x00,0x25,0x00,0x28,0x00,0x00,0x00,0x09,0x00,0x00,0x00,0x04,0x00,0x25,0x00,
    0xDA,0x00,0x00,0x00,0x09,0x00,0x00,0x00,0x0B,0x00,0x25,0x00,0x45,0x00,0x00,0x00,0x09,0x00,0x00,0x00,0x0F,0x00,0x25,0x00,
    0x98,0x00,0x00,0x00,0x09,0x00,0x00,0x00,0x14,0x00,0x25,0x00,0x97,0x00,0x00,0x00,0x09,0x00,0x00,0x00,0x10,0x00,0x25,0x00,
    0x66,0x00,0x00,0x00,0x1C,0x00,0x00,0x00,0x02,0x42,0x6F,0x6D,0x62,0x20,0x53,0x6C,0x6F,0x74,0x20,0x31,0x20,0x44,0x65,0x73,
    0x74,0x72,0x6F,0x79,0x65,0x64,0x3F,0x00,0x00,0x05,0x01,0x15,0x00,0x25,0x00,0x55,0x00,0x0C,0x00,0x00,0x00,0x09,0x00,0x00,
    0x00,0x04,0x00,0x25,0x00,0x34,0x00,0x00,0x00,0x09,0x00,0x00,0x00,0x0B,0x00,0x15,0xBE,0x29,0x00,0x00,0x00,0x09,0x00,0x00,
    0x00,0x0D,0x00,0x34,0x42,0xB2,0x00,0x00,0x00,0x09,0x00,0x00,0x00,0x10,0x00,0x25,0x00,0x94,0x00,0x00,0x00,0x09,0x00,0x00,
    0x00,0x04,0x00,0x25,0x00,0x1A,0x00,0x00,0x00,0x09,0x00,0x00,0x00,0x10,0x00,0x25,0x00,0xC5,0x00,0x00,0x00,0x09,0x00,0x00,
    0x00,0x0B,0x00,0x25,0x00,0x4D,0x00,0x00,0x00,0x09,0x00,0x00,0x00,0x04,0x00,0x25,0x00,0xD9,0x00,0x00,0x00,0x09,0x00,0x00,
    0x00,0x05,0x00,0x25,0x01,0xC6,0x00,0x00,0x00,0x09,0x00,0x00,0x00,0x10,0x00,0x25,0x00,0x89,0x00,0x00,0x00,0x09,0x00,0x00,
    0x00,0x0F,0x00,0x25,0x00,0x9C,0x00,0x00,0x00,0x09,0x00,0x00,0x00,0x14,0x00,0x25,0x00,0x9B,0x00,0x00,0x00,0x1C,0x00,0x00,
    0x00,0x02,0x42,0x6F,0x6D,0x62,0x20,0x53,0x6C,0x6F,0x74,0x20,0x32,0x20,0x44,0x65,0x73,0x74,0x72,0x6F,0x79,0x65,0x64,0x3F,
    0x00,0x00,0x05,0x01,0x15,0x00,0x25,0x00,0x58,0x00,0x0C,0x00,0x00,0x00,0x09,0x00,0x00,0x00,0x04,0x00,0x25,0x00,0x70,0x00,
    0x00,0x00,0x09,0x00,0x00,0x00,0x0B,0x00,0x15,0xBE,0x29,0x00,0x00,0x00,0x09,0x00,0x00,0x00,0x0D,0x00,0x34,0x42,0xB2,0x00,
    0x00,0x00,0x09,0x00,0x00,0x00,0x10,0x00,0x25,0x00,0x8C,0x00,0x00,0x00,0x09,0x00,0x00,0x00,0x10,0x00,0x25,0x00,0xA8,0x00,
    0x00,0x00,0x09,0x00,0x00,0x00,0x04,0x00,0x25,0x00,0x19,0x00,0x00,0x00,0x09,0x00,0x00,0x00,0x05,0x00,0x25,0x01,0xC7,0x00,
    0x00,0x00,0x09,0x00,0x00,0x00,0x0E,0x00,0x25,0x00,0x50,0x00,0x00,0x00,0x09,0x00,0x00,0x00,0x04,0x00,0x25,0x00,0xD5,0x00,
    0x00,0x00,0x09,0x00,0x00,0x00,0x0F,0x00,0x25,0x00,0xA0,0x00,0x00,0x00,0x09,0x00,0x00,0x00,0x14,0x00,0x25,0x00,0x9F,0x00,
    0x00,0x00,0x09,0x00,0x00,0x00,0x10,0x00,0x25,0x00,0xC6,0x00,0x00,0x00,0x1C,0x00,0x00,0x00,0x02,0x42,0x6F,0x6D,0x62,0x20,
    0x53,0x6C,0x6F,0x74,0x20,0x33,0x20,0x44,0x65,0x73,0x74,0x72,0x6F,0x79,0x65,0x64,0x3F,0x00,0x00,0x05,0x01,0x15,0x00,0x25,
    0x00,0x5E,0x00,0x0C,0x00,0x00,0x00,0x09,0x00,0x00,0x00,0x04,0x00,0x25,0x00,0x7A,0x00,0x00,0x00,0x09,0x00,0x00,0x00,0x0B,
    0x00,0x15,0xBE,0x29,0x00,0x00,0x00,0x09,0x00,0x00,0x00,0x0D,0x00,0x34,0x42,0xB2,0x00,0x00,0x00,0x09,0x00,0x00,0x00,0x10,
    0x00,0x25,0x00,0x8F,0x00,0x00,0x00,0x09,0x00,0x00,0x00,0x10,0x00,0x25,0x00,0x92,0x00,0x00,0x00,0x09,0x00,0x00,0x00,0x04,
    0x00,0x25,0x00,0x18,0x00,0x00,0x00,0x09,0x00,0x00,0x00,0x04,0x00,0x25,0x00,0x85,0x00,0x00,0x00,0x09,0x00,0x00,0x00,0x0F,
    0x00,0x25,0x00,0xA4,0x00,0x00,0x00,0x09,0x00,0x00,0x00,0x14,0x00,0x25,0x00,0xA3,0x00,0x00,0x00,0x09,0x00,0x00,0x00,0x05,
    0x00,0x25,0x01,0xC8,0x00,0x00,0x00,0x09,0x00,0x00,0x00,0x0E,0x00,0x25,0x00,0x3D,0x00,0x00,0x00,0x09,0x00,0x00,0x00,0x10,
    0x00,0x25,0x00,0xC4,0x00,0x00,0x00,0x1C,0x00,0x00,0x00,0x02,0x42,0x6F,0x6D,0x62,0x20,0x53,0x6C,0x6F,0x74,0x20,0x34,0x20,
    0x44,0x65,0x73,0x74,0x72,0x6F,0x79,0x65,0x64,0x3F,0x00,0x00,0x05,0x01,0x15,0x00,0x34,0x42,0xB2,0x00,0x03,0x00,0x00,0x00,
    0x09,0x00,0x00,0x00,0x0D,0x00,0x34,0x42,0x9E,0x00,0x00,0x00,0x09,0x00,0x00,0x00,0x0D,0x00,0x43,0x84,0xDF,0x00,0x00,0x00,
    0x09,0x00,0x00,0x00,0x0D,0x00,0x52,0xC7,0x20,0x00,0x00,0x00,0x1F,0x00,0x00,0x00,0x02,0x46,0x6C,0x61,0x61,0x68,0x67,0x72,
    0x61,0x20,0x53,0x77,0x69,0x74,0x63,0x68,0x20,0x41,0x63,0x74,0x69,0x76,0x61,0x74,0x6F,0x72,0x00,0x00,0x05,0x01,0x15,0x00,
    0x34,0x42,0x9E,0x00,0x04,0x00,0x00,0x00,0x09,0x00,0x00,0x00,0x04,0x00,0x25,0x00,0x1E,0x00,0x00,0x00,0x09,0x00,0x00,0x00,
    0x22,0x00,0x25,0x00,0x1E,0x00,0x00,0x00,0x09,0x00,0x00,0x00,0x01,0x00,0x50,0x00,0x00,0x00,0x00,0x00,0x09,0x00,0x00,0x00,
    0x0A,0x00,0x50,0x00,0x00,0x00,0x00,0x00,0x10,0x00,0x00,0x00,0x02,0x46,0x6C,0x61,0x61,0x68,0x67,0x72,0x61,0x20,0x31,0x00,
    0x01,0x05,0x01,0x15,0x00,0x43,0x84,0xDF,0x00,0x06,0x00,0x00,0x00,0x09,0x00,0x00,0x00,0x04,0x00,0x25,0x00,0x1E,0x00,0x00,
    0x00,0x09,0x00,0x00,0x00,0x22,0x00,0x25,0x00,0x1E,0x00,0x00,0x00,0x09,0x00,0x00,0x00,0x04,0x00,0x50,0x00,0x00,0x00,0x00,
    0x00,0x09,0x00,0x00,0x00,0x22,0x00,0x50,0x00,0x00,0x00,0x00,0x00,0x09,0x00,0x00,0x00,0x01,0x00,0x50,0x00,0x01,0x00,0x00,
    0x00,0x09,0x00,0x00,0x00,0x0A,0x00,0x50,0x00,0x01,0x00,0x00,0x00,0x10,0x00,0x00,0x00,0x02,0x46,0x6C,0x61,0x61,0x68,0x67,
    0x72,0x61,0x20,0x32,0x00,0x00,0x05,0x01,0x15,0x00,0x52,0xC7,0x20,0x00,0x08,0x00,0x00,0x00,0x09,0x00,0x00,0x00,0x04,0x00,
    0x25,0x00,0x1E,0x00,0x00,0x00,0x09,0x00,0x00,0x00,0x22,0x00,0x25,0x00,0x1E,0x00,0x00,0x00,0x09,0x00,0x00,0x00,0x04,0x00,
    0x50,0x00,0x00,0x00,0x00,0x00,0x09,0x00,0x00,0x00,0x22,0x00,0x50,0x00,0x00,0x00,0x00,0x00,0x09,0x00,0x00,0x00,0x04,0x00,
    0x50,0x00,0x01,0x00,0x00,0x00,0x09,0x00,0x00,0x00,0x22,0x00,0x50,0x00,0x01,0x00,0x00,0x00,0x09,0x00,0x00,0x00,0x01,0x00,
    0x50,0x00,0x02,0x00,0x00,0x00,0x09,0x00,0x00,0x00,0x0A,0x00,0x50,0x00,0x02,0x00,0x00,0x00,0x10,0x00,0x00,0x00,0x02,0x46,
    0x6C,0x61,0x61,0x68,0x67,0x72,0x61,0x20,0x33,0x00,0x00,0x05,0x01,0x15,0x00,0x43,0x84,0xDE,0x00,0x00,0x00,0x00,0x00,0x1C,
    0x00,0x00,0x00,0x02,0x53,0x77,0x61,0x70,0x20,0x52,0x65,0x6C,0x61,0x79,0x73,0x20,0x46,0x61,0x69,0x6C,0x73,0x61,0x66,0x65,
    0x20,0x31,0x00,0x00,0x05,0x01,0x15,0x00,0x52,0xC7,0x1F,0x00,0x00,0x00,0x00,0x00,0x1C,0x00,0x00,0x00,0x02,0x53,0x77,0x61,
    0x70,0x20,0x52,0x65,0x6C,0x61,0x79,0x73,0x20,0x46,0x61,0x69,0x6C,0x73,0x61,0x66,0x65,0x20,0x32,0x00,0x00,0x05,0x01,0x15,
    0x00,0x62,0x09,0x60,0x00,0x00,0x00,0x00,0x00,0x1C,0x00,0x00,0x00,0x02,0x53,0x77,0x61,0x70,0x20,0x52,0x65,0x6C,0x61,0x79,
    0x73,0x20,0x46,0x61,0x69,0x6C,0x73,0x61,0x66,0x65,0x20,0x33,0x00,0x00,0x05,0x01,0x15,0x00,0x52,0xC7,0x21,0x00,0x03,0x00,
    0x00,0x00,0x09,0x00,0x00,0x00,0x0D,0x00,0x25,0x2F,0xC0,0x00,0x00,0x00,0x09,0x00,0x00,0x00,0x04,0x00,0x0A,0x2C,0x2A,0x00,
    0x00,0x00,0x09,0x00,0x00,0x00,0x05,0x00,0x00,0xA4,0x55,0x00,0x00,0x00,0x16,0x00,0x00,0x00,0x02,0x50,0x72,0x65,0x2D,0x46,
    0x6C,0x6F,0x61,0x74,0x79,0x20,0x52,0x65,0x6C,0x61,0x79,0x00,0x01,0x05,0x01,0x3A,0x00,0x25,0x00,0x08,0x00,0x01,0x00,0x00,
    0x00,0x09,0x00,0x00,0x00,0x0D,0x00,0x25,0x00,0x17,0x00,0x00,0x00,0x69,0x00,0x00,0x00,0x0F,0x53,0x70,0x65,0x63,0x69,0x61,
    0x6C,0x46,0x75,0x6E,0x63,0x74,0x69,0x6F,0x6E,0x20,0x43,0x69,0x6E,0x65,0x6D,0x61,0x74,0x69,0x63,0x20,0x53,0x6B,0x69,0x70,
    0x00,0x00,0x00,0x00,0x00,0x00,0x00,0x00,0x00,0x00,0x00,0x00,0x00,0x00,0x00,0x00,0x00,0x00,0x00,0x00,0x00,0x00,0x00,0x00,
    0x00,0x00,0x00,0x00,0x0F,0x00,0x00,0x00,0x00,0x00,0x00,0x00,0x00,0x00,0x00,0x00,0x00,0x00,0xFF,0xFF,0xFF,0xFF,0xFF,0xFF,
    0xFF,0xFF,0x00,0x00,0x00,0x00,0x01,0x00,0x00,0x00,0x00,0xFF,0xFF,0xFF,0xFF,0xFF,0xFF,0xFF,0xFF,0xFF,0xFF,0xFF,0xFF,0x05,
    0x01,0x3A,0x00,0x25,0x00,0x21,0x00,0x38,0x00,0x00,0x00,0x09,0x00,0x00,0x00,0x0D,0x00,0x52,0xC7,0x21,0x00,0x00,0x00,0x09,
    0x00,0x00,0x00,0x01,0x00,0x0A,0x2C,0x2A,0x00,0x00,0x00,0x09,0x00,0x00,0x00,0x07,0x00,0x00,0xA4,0x55,0x00,0x00,0x00,0x09,
    0x00,0x00,0x00,0x01,0x00,0x25,0x01,0x29,0x00,0x00,0x00,0x09,0x00,0x00,0x00,0x04,0x00,0x25,0x00,0x46,0x00,0x00,0x00,0x09,
    0x00,0x00,0x00,0x0D,0x00,0x25,0x27,0x94,0x00,0x00,0x00,0x09,0x00,0x00,0x00,0x0B,0x00,0x34,0x42,0x87,0x00,0x00,0x00,0x09,
    0x00,0x00,0x00,0x22,0x00,0x25,0x00,0x1E,0x00,0x00,0x00,0x09,0x00,0x00,0x00,0x04,0x00,0x25,0x00,0x1E,0x00,0x00,0x00,0x09,
    0x00,0x00,0x00,0x22,0x00,0x50,0x00,0x00,0x00,0x00,0x00,0x09,0x00,0x00,0x00,0x04,0x00,0x50,0x00,0x00,0x00,0x00,0x00,0x09,
    0x00,0x00,0x00,0x22,0x00,0x50,0x00,0x01,0x00,0x00,0x00,0x09,0x00,0x00,0x00,0x04,0x00,0x50,0x00,0x01,0x00,0x00,0x00,0x09,
    0x00,0x00,0x00,0x22,0x00,0x50,0x00,0x02,0x00,0x00,0x00,0x09,0x00,0x00,0x00,0x04,0x00,0x50,0x00,0x02,0x00,0x00,0x00,0x09,
    0x00,0x00,0x00,0x05,0x00,0x25,0x29,0x09,0x00,0x00,0x00,0x09,0x00,0x00,0x00,0x04,0x00,0x25,0x30,0x02,0x00,0x00,0x00,0x09,
    0x00,0x00,0x00,0x04,0x00,0x25,0x01,0x23,0x00,0x00,0x00,0x09,0x00,0x00,0x00,0x04,0x00,0x25,0x27,0x37,0x00,0x00,0x00,0x09,
    0x00,0x00,0x00,0x04,0x00,0x25,0x27,0x39,0x00,0x00,0x00,0x09,0x00,0x00,0x00,0x04,0x00,0x25,0x27,0x64,0x00,0x00,0x00,0x09,
    0x00,0x00,0x00,0x04,0x00,0x25,0x27,0x7B,0x00,0x00,0x00,0x09,0x00,0x00,0x00,0x0F,0x00,0x25,0x27,0xAC,0x00,0x00,0x00,0x09,
    0x00,0x00,0x00,0x04,0x00,0x25,0x27,0xB4,0x00,0x00,0x00,0x09,0x00,0x00,0x00,0x04,0x00,0x25,0x27,0x6F,0x00,0x00,0x00,0x09,
    0x00,0x00,0x00,0x10,0x00,0x25,0x27,0x1A,0x00,0x00,0x00,0x09,0x00,0x00,0x00,0x04,0x00,0x25,0x27,0x71,0x00,0x00,0x00,0x09,
    0x00,0x00,0x00,0x0F,0x00,0x25,0x27,0x9F,0x00,0x00,0x00,0x09,0x00,0x00,0x00,0x10,0x00,0x25,0x27,0x76,0x00,0x00,0x00,0x09,
    0x00,0x00,0x00,0x04,0x00,0x25,0x27,0x73,0x00,0x00,0x00,0x09,0x00,0x00,0x00,0x04,0x00,0x25,0x27,0x7A,0x00,0x00,0x00,0x09,
    0x00,0x00,0x00,0x04,0x00,0x25,0x27,0x7C,0x00,0x00,0x00,0x09,0x00,0x00,0x00,0x0F,0x00,0x25,0x27,0x9D,0x00,0x00,0x00,0x09,
    0x00,0x00,0x00,0x10,0x00,0x25,0x27,0x78,0x00,0x00,0x00,0x09,0x00,0x00,0x00,0x04,0x00,0x25,0x27,0x74,0x00,0x00,0x00,0x09,
    0x00,0x00,0x00,0x05,0x00,0x25,0x27,0x82,0x00,0x00,0x00,0x09,0x00,0x00,0x00,0x0F,0x00,0x25,0x27,0x9E,0x00,0x00,0x00,0x09,
    0x00,0x00,0x00,0x10,0x00,0x25,0x27,0x83,0x00,0x00,0x00,0x09,0x00,0x00,0x00,0x10,0x00,0x25,0x27,0x1B,0x00,0x00,0x00,0x09,
    0x00,0x00,0x00,0x04,0x00,0x25,0x27,0x72,0x00,0x00,0x00,0x09,0x00,0x00,0x00,0x0F,0x00,0x25,0x27,0xA0,0x00,0x00,0x00,0x09,
    0x00,0x00,0x00,0x04,0x00,0x25,0x27,0x81,0x00,0x00,0x00,0x09,0x00,0x00,0x00,0x10,0x00,0x25,0x27,0x8E,0x00,0x00,0x00,0x09,
    0x00,0x00,0x00,0x10,0x00,0x25,0x27,0xA2,0x00,0x00,0x00,0x09,0x00,0x00,0x00,0x0F,0x00,0x25,0x27,0xA5,0x00,0x00,0x00,0x09,
    0x00,0x00,0x00,0x0F,0x00,0x25,0x27,0xA1,0x00,0x00,0x00,0x09,0x00,0x00,0x00,0x04,0x00,0x25,0x27,0x8F,0x00,0x00,0x00,0x09,
    0x00,0x00,0x00,0x04,0x00,0x25,0x2B,0xBA,0x00,0x00,0x00,0x09,0x00,0x00,0x00,0x0F,0x00,0x25,0x30,0x03,0x00,0x00,0x00,0x09,
    0x00,0x00,0x00,0x10,0x00,0x25,0x30,0x04,0x00,0x00,0x00,0x09,0x00,0x00,0x00,0x04,0x00,0x25,0x2F,0xB3,0x00,0x00,0x00,0x09,
    0x00,0x00,0x00,0x0D,0x00,0x25,0x00,0x52,0x00,0x00,0x00,0x09,0x00,0x00,0x00,0x0D,0x00,0x25,0x00,0x55,0x00,0x00,0x00,0x09,
    0x00,0x00,0x00,0x0D,0x00,0x25,0x00,0x58,0x00,0x00,0x00,0x09,0x00,0x00,0x00,0x0D,0x00,0x25,0x00,0x5E,0x00,0x00,0x00,0x09,
    0x00,0x00,0x00,0x08,0x00,0x25,0x00,0x13,0x00,0x00,0x00,0x69,0x00,0x00,0x00,0x0F,0x53,0x70,0x65,0x63,0x69,0x61,0x6C,0x46,
    0x75,0x6E,0x63,0x74,0x69,0x6F,0x6E,0x20,0x43,0x69,0x6E,0x65,0x6D,0x61,0x74,0x69,0x63,0x20,0x53,0x6B,0x69,0x70,0x00,0x00,
    0x00,0x00,0x00,0x00,0x00,0x00,0x00,0x00,0x00,0x00,0x00,0x00,0x00,0x00,0x00,0x00,0x00,0x00,0x00,0x00,0x00,0x00,0x00,0x00,
    0x00,0x00,0x0F,0x00,0x00,0x00,0x00,0x00,0x00,0x00,0x00,0x00,0x00,0x00,0x00,0x00,0xFF,0xFF,0xFF,0xFF,0xFF,0xFF,0xFF,0xFF,
    0x00,0x00,0x00,0x00,0x01,0x00,0x00,0x00,0x00,0xFF,0xFF,0xFF,0xFF,0xFF,0xFF,0xFF,0xFF,0xFF,0xFF,0xFF,0xFF,0x05,0x01,0x3A,
    0x00,0x25,0x00,0x22,0x00,0x26,0x00,0x00,0x00,0x09,0x00,0x00,0x00,0x04,0x00,0x60,0x00,0x00,0x00,0x00,0x00,0x09,0x00,0x00,
    0x00,0x04,0x00,0x70,0x00,0x00,0x00,0x00,0x00,0x09,0x00,0x00,0x00,0x04,0x00,0x60,0x00,0x01,0x00,0x00,0x00,0x09,0x00,0x00,
    0x00,0x04,0x00,0x70,0x00,0x01,0x00,0x00,0x00,0x09,0x00,0x00,0x00,0x04,0x00,0x60,0x00,0x02,0x00,0x00,0x00,0x09,0x00,0x00,
    0x00,0x04,0x00,0x70,0x00,0x02,0x00,0x00,0x00,0x09,0x00,0x00,0x00,0x03,0x00,0x25,0x2F,0xDC,0x00,0x00,0x00,0x09,0x00,0x00,
    0x00,0x03,0x00,0x25,0x2F,0xE0,0x00,0x00,0x00,0x09,0x00,0x00,0x00,0x03,0x00,0x25,0x2F,0xD6,0x00,0x00,0x00,0x09,0x00,0x00,
    0x00,0x0B,0x00,0x34,0x42,0x87,0x00,0x00,0x00,0x09,0x00,0x00,0x00,0x0D,0x00,0x25,0x00,0x52,0x00,0x00,0x00,0x09,0x00,0x00,
    0x00,0x0D,0x00,0x25,0x00,0x55,0x00,0x00,0x00,0x09,0x00,0x00,0x00,0x0D,0x00,0x25,0x00,0x58,0x00,0x00,0x00,0x09,0x00,0x00,
    0x00,0x0D,0x00,0x25,0x00,0x5E,0x00,0x00,0x00,0x09,0x00,0x00,0x00,0x0D,0x00,0x25,0x00,0x23,0x00,0x00,0x00,0x09,0x00,0x00,
    0x00,0x04,0x00,0x25,0x01,0x13,0x00,0x00,0x00,0x09,0x00,0x00,0x00,0x05,0x00,0x25,0x30,0xA1,0x00,0x00,0x00,0x09,0x00,0x00,
    0x00,0x04,0x00,0x25,0x30,0x17,0x00,0x00,0x00,0x09,0x00,0x00,0x00,0x05,0x00,0x25,0x27,0x60,0x00,0x00,0x00,0x09,0x00,0x00,
    0x00,0x04,0x00,0x25,0x30,0x02,0x00,0x00,0x00,0x09,0x00,0x00,0x00,0x0D,0x00,0x25,0x00,0x24,0x00,0x00,0x00,0x09,0x00,0x00,
    0x00,0x04,0x00,0x25,0x2F,0x56,0x00,0x00,0x00,0x09,0x00,0x00,0x00,0x04,0x00,0x25,0x30,0x17,0x00,0x00,0x00,0x09,0x00,0x00,
    0x00,0x05,0x00,0x25,0x27,0x60,0x00,0x00,0x00,0x09,0x00,0x00,0x00,0x05,0x00,0x25,0x30,0xA1,0x00,0x00,0x00,0x09,0x00,0x00,
    0x00,0x04,0x00,0x25,0x30,0x02,0x00,0x00,0x00,0x09,0x00,0x00,0x00,0x0D,0x00,0x25,0x00,0x26,0x00,0x00,0x00,0x09,0x00,0x00,
    0x00,0x04,0x00,0x25,0x2F,0x63,0x00,0x00,0x00,0x09,0x00,0x00,0x00,0x04,0x00,0x25,0x30,0x17,0x00,0x00,0x00,0x09,0x00,0x00,
    0x00,0x05,0x00,0x25,0x27,0x60,0x00,0x00,0x00,0x09,0x00,0x00,0x00,0x05,0x00,0x25,0x30,0xA1,0x00,0x00,0x00,0x09,0x00,0x00,
    0x00,0x04,0x00,0x25,0x30,0x02,0x00,0x00,0x00,0x09,0x00,0x00,0x00,0x0D,0x00,0x25,0x00,0x2F,0x00,0x00,0x00,0x09,0x00,0x00,
    0x00,0x04,0x00,0x25,0x2F,0x70,0x00,0x00,0x00,0x09,0x00,0x00,0x00,0x04,0x00,0x25,0x30,0x17,0x00,0x00,0x00,0x09,0x00,0x00,
    0x00,0x05,0x00,0x25,0x27,0x60,0x00,0x00,0x00,0x09,0x00,0x00,0x00,0x05,0x00,0x25,0x30,0xA1,0x00,0x00,0x00,0x09,0x00,0x00,
    0x00,0x04,0x00,0x25,0x30,0x02,0x00,0x00,0x00,0x6E,0x00,0x00,0x00,0x0F,0x53,0x70,0x65,0x63,0x69,0x61,0x6C,0x46,0x75,0x6E,
    0x63,0x74,0x69,0x6F,0x6E,0x20,0x43,0x69,0x6E,0x65,0x6D,0x61,0x74,0x69,0x63,0x20,0x53,0x6B,0x69,0x70,0x20,0x4D,0x61,0x69,
    0x6E,0x00,0x00,0x00,0x00,0x00,0x00,0x00,0x00,0x00,0x00,0x00,0x00,0x00,0x00,0x00,0x00,0x00,0x00,0x00,0x00,0x00,0x00,0x00,
    0x00,0x00,0x00,0x00,0x00,0x0F,0x00,0x00,0x00,0x00,0x00,0x00,0x00,0x00,0x00,0x00,0x00,0x00,0x00,0xFF,0xFF,0xFF,0xFF,0xFF,
    0xFF,0xFF,0xFF,0x00,0x00,0x00,0x00,0x01,0x00,0x00,0x00,0x00,0xFF,0xFF,0xFF,0xFF,0xFF,0xFF,0xFF,0xFF,0xFF,0xFF,0xFF,0xFF,
    0x05,0x01,0x0C,0x00,0x0A,0x2C,0x2A,0x00,0x00,0x00,0x00,0x00,0x33,0x00,0x00,0x00,0x0F,0x48,0x6F,0x6C,0x64,0x00,0x00,0x00,
    0x00,0x00,0x00,0x00,0x00,0x00,0x00,0x00,0x00,0x00,0x00,0x00,0x00,0x00,0x00,0x00,0x00,0x00,0x00,0x00,0x00,0x00,0x00,0x40,
    0xE0,0x00,0x00,0x00,0x00,0x00,0x00,0x01,0x00,0x00,0x42,0x8C,0x00,0x00,0x01,0x00,0x05,0x01,0x18,0x00,0x00,0xA4,0x55,0x00,
    0x00,0x00,0x00,0x00,0x3C,0x00,0x00,0x00,0x0A,0x48,0x6F,0x6C,0x64,0x20,0x42,0x6C,0x61,0x63,0x6B,0x00,0x01,0x00,0x00,0x00,
    0x01,0x00,0x00,0x00,0x00,0x00,0x00,0x00,0x02,0x00,0x00,0x00,0x00,0x00,0x00,0x00,0x00,0x00,0x00,0x00,0x00,0x00,0x00,0x00,
    0x00,0x3F,0x80,0x00,0x00,0x00,0x00,0x00,0x00,0x3F,0x00,0x00,0x00,0xFF,0xFF,0xFF,0xFF,0x05,0x01,0x3A,0x00,0x60,0x00,0x00,
    0x00,0x02,0x00,0x00,0x00,0x12,0x00,0x00,0x00,0x01,0x00,0x50,0x00,0x00,0x00,0x00,0x00,0x12,0x00,0x00,0x00,0x04,0x00,0x25,
    0x2A,0xCC,0x00,0x00,0x00,0x55,0x00,0x00,0x00,0x0F,0x6D,0x79,0x73,0x66,0x00,0x43,0x87,0xD3,0xF8,0x42,0x58,0x61,0x48,0x42,
    0x78,0xE6,0x66,0x00,0x00,0x00,0x00,0x00,0x00,0x00,0x00,0x43,0x34,0x00,0x00,0x00,0x00,0x00,0x03,0x48,0x65,0x61,0x64,0x5F,
    0x31,0x00,0x00,0x00,0x00,0x00,0x00,0x00,0x00,0x00,0x00,0x00,0x00,0x00,0xFF,0xFF,0xFF,0xFF,0xFF,0xFF,0xFF,0xFF,0x00,0x00,
    0x00,0x00,0x00,0x00,0x00,0x00,0x00,0xFF,0xFF,0xFF,0xFF,0xFF,0xFF,0xFF,0xFF,0xFF,0xFF,0xFF,0xFF,0x05,0x01,0x3A,0x00,0x70,
    0x00,0x00,0x00,0x02,0x00,0x00,0x00,0x12,0x00,0x00,0x00,0x01,0x00,0x50,0x00,0x00,0x00,0x00,0x00,0x12,0x00,0x00,0x00,0x04,
    0x00,0x25,0x2F,0xD3,0x00,0x00,0x00,0x55,0x00,0x00,0x00,0x0F,0x6D,0x79,0x73,0x66,0x00,0x43,0x87,0x53,0xF8,0x42,0x58,0x61,
    0x48,0x42,0x78,0xE6,0x66,0x00,0x00,0x00,0x00,0x00,0x00,0x00,0x00,0x43,0x34,0x00,0x00,0x00,0x00,0x00,0x03,0x48,0x65,0x61,
    0x64,0x5F,0x31,0x00,0x00,0x00,0x00,0x00,0x00,0x00,0x00,0x00,0x00,0x00,0x00,0x00,0xFF,0xFF,0xFF,0xFF,0xFF,0xFF,0xFF,0xFF,
    0x00,0x00,0x00,0x00,0x00,0x00,0x00,0x00,0x00,0xFF,0xFF,0xFF,0xFF,0xFF,0xFF,0xFF,0xFF,0xFF,0xFF,0xFF,0xFF,0x01,0x01,0x04,
    0x25,0x00,0x1E,0x00,0x50,0x00,0x00,0x05,0x01,0x3A,0x00,0x60,0x00,0x01,0x00,0x02,0x00,0x00,0x00,0x12,0x00,0x00,0x00,0x01,
    0x00,0x50,0x00,0x01,0x00,0x00,0x00,0x12,0x00,0x00,0x00,0x04,0x00,0x25,0x2A,0xCC,0x00,0x00,0x00,0x55,0x00,0x00,0x00,0x0F,
    0x6D,0x79,0x73,0x66,0x00,0x43,0x87,0xD3,0xF8,0x42,0x58,0x61,0x48,0x42,0x78,0xE6,0x66,0x00,0x00,0x00,0x00,0x00,0x00,0x00,
    0x00,0x43,0x34,0x00,0x00,0x00,0x00,0x00,0x03,0x48,0x65,0x61,0x64,0x5F,0x31,0x00,0x00,0x00,0x00,0x00,0x00,0x00,0x00,0x00,
    0x00,0x00,0x00,0x00,0xFF,0xFF,0xFF,0xFF,0xFF,0xFF,0xFF,0xFF,0x00,0x00,0x00,0x00,0x00,0x00,0x00,0x00,0x00,0xFF,0xFF,0xFF,
    0xFF,0xFF,0xFF,0xFF,0xFF,0xFF,0xFF,0xFF,0xFF,0x05,0x01,0x3A,0x00,0x70,0x00,0x01,0x00,0x02,0x00,0x00,0x00,0x12,0x00,0x00,
    0x00,0x01,0x00,0x50,0x00,0x01,0x00,0x00,0x00,0x12,0x00,0x00,0x00,0x04,0x00,0x25,0x2F,0xD3,0x00,0x00,0x00,0x55,0x00,0x00,
    0x00,0x0F,0x6D,0x79,0x73,0x66,0x00,0x43,0x87,0x53,0xF8,0x42,0x58,0x61,0x48,0x42,0x78,0xE6,0x66,0x00,0x00,0x00,0x00,0x00,
    0x00,0x00,0x00,0x43,0x34,0x00,0x00,0x00,0x00,0x00,0x03,0x48,0x65,0x61,0x64,0x5F,0x31,0x00,0x00,0x00,0x00,0x00,0x00,0x00,
    0x00,0x00,0x00,0x00,0x00,0x00,0xFF,0xFF,0xFF,0xFF,0xFF,0xFF,0xFF,0xFF,0x00,0x00,0x00,0x00,0x00,0x00,0x00,0x00,0x00,0xFF,
    0xFF,0xFF,0xFF,0xFF,0xFF,0xFF,0xFF,0xFF,0xFF,0xFF,0xFF,0x01,0x01,0x04,0x25,0x00,0x1E,0x00,0x50,0x00,0x01,0x05,0x01,0x3A,
    0x00,0x60,0x00,0x02,0x00,0x02,0x00,0x00,0x00,0x12,0x00,0x00,0x00,0x01,0x00,0x50,0x00,0x02,0x00,0x00,0x00,0x12,0x00,0x00,
    0x00,0x04,0x00,0x25,0x2A,0xCC,0x00,0x00,0x00,0x55,0x00,0x00,0x00,0x0F,0x6D,0x79,0x73,0x66,0x00,0x43,0x87,0xD3,0xF8,0x42,
    0x58,0x61,0x48,0x42,0x78,0xE6,0x66,0x00,0x00,0x00,0x00,0x00,0x00,0x00,0x00,0x43,0x34,0x00,0x00,0x00,0x00,0x00,0x03,0x48,
    0x65,0x61,0x64,0x5F,0x31,0x00,0x00,0x00,0x00,0x00,0x00,0x00,0x00,0x00,0x00,0x00,0x00,0x00,0xFF,0xFF,0xFF,0xFF,0xFF,0xFF,
    0xFF,0xFF,0x00,0x00,0x00,0x00,0x00,0x00,0x00,0x00,0x00,0xFF,0xFF,0xFF,0xFF,0xFF,0xFF,0xFF,0xFF,0xFF,0xFF,0xFF,0xFF,0x05,
    0x01,0x3A,0x00,0x70,0x00,0x02,0x00,0x02,0x00,0x00,0x00,0x12,0x00,0x00,0x00,0x01,0x00,0x50,0x00,0x02,0x00,0x00,0x00,0x12,
    0x00,0x00,0x00,0x04,0x00,0x25,0x2F,0xD3,0x00,0x00,0x00,0x55,0x00,0x00,0x00,0x0F,0x6D,0x79,0x73,0x66,0x00,0x43,0x87,0x53,
    0xF8,0x42,0x58,0x61,0x48,0x42,0x78,0xE6,0x66,0x00,0x00,0x00,0x00,0x00,0x00,0x00,0x00,0x43,0x34,0x00,0x00,0x00,0x00,0x00,
    0x03,0x48,0x65,0x61,0x64,0x5F,0x31,0x00,0x00,0x00,0x00,0x00,0x00,0x00,0x00,0x00,0x00,0x00,0x00,0x00,0xFF,0xFF,0xFF,0xFF,
    0xFF,0xFF,0xFF,0xFF,0x00,0x00,0x00,0x00,0x00,0x00,0x00,0x00,0x00,0xFF,0xFF,0xFF,0xFF,0xFF,0xFF,0xFF,0xFF,0xFF,0xFF,0xFF,
    0xFF,0x01,0x01,0x04,0x25,0x00,0x1E,0x00,0x50,0x00,0x02,0x05,0x01,0x05,0x00,0x25,0x00,0x45,0x00,0x01,0x00,0x00,0x00,0x09,
    0x00,0x00,0x00,0x08,0x00,0x25,0x00,0xFB,0x00,0x00,0x00,0x28,0x00,0x00,0x00,0x06,0x4C,0x6F,0x77,0x65,0x72,0x20,0x50,0x6C,
    0x61,0x74,0x66,0x6F,0x72,0x6D,0x20,0x2B,0x20,0x54,0x65,0x65,0x74,0x68,0x20,0x31,0x00,0x3C,0x23,0xD7,0x0A,0x00,0x00,0x00,
    0x00,0x00,0x00,0x01,0x05,0x01,0x05,0x00,0x25,0x00,0x4D,0x00,0x01,0x00,0x00,0x00,0x09,0x00,0x00,0x00,0x08,0x00,0x25,0x00,
    0xFF,0x00,0x00,0x00,0x28,0x00,0x00,0x00,0x06,0x4C,0x6F,0x77,0x65,0x72,0x20,0x50,0x6C,0x61,0x74,0x66,0x6F,0x72,0x6D,0x20,
    0x2B,0x20,0x54,0x65,0x65,0x74,0x68,0x20,0x32,0x00,0x3C,0x23,0xD7,0x0A,0x00,0x00,0x00,0x00,0x00,0x00,0x01,0x05,0x01,0x05,
    0x00,0x25,0x00,0x50,0x00,0x01,0x00,0x00,0x00,0x09,0x00,0x00,0x00,0x08,0x00,0x25,0x01,0x02,0x00,0x00,0x00,0x28,0x00,0x00,
    0x00,0x06,0x4C,0x6F,0x77,0x65,0x72,0x20,0x50,0x6C,0x61,0x74,0x66,0x6F,0x72,0x6D,0x20,0x2B,0x20,0x54,0x65,0x65,0x74,0x68,
    0x20,0x33,0x00,0x3C,0x23,0xD7,0x0A,0x00,0x00,0x00,0x00,0x00,0x00,0x01,0x05,0x01,0x05,0x00,0x25,0x00,0x3D,0x00,0x01,0x00,
    0x00,0x00,0x09,0x00,0x00,0x00,0x08,0x00,0x25,0x01,0x05,0x00,0x00,0x00,0x28,0x00,0x00,0x00,0x06,0x4C,0x6F,0x77,0x65,0x72,
    0x20,0x50,0x6C,0x61,0x74,0x66,0x6F,0x72,0x6D,0x20,0x2B,0x20,0x54,0x65,0x65,0x74,0x68,0x20,0x34,0x00,0x3C,0x23,0xD7,0x0A,
    0x00,0x00,0x00,0x00,0x00,0x00,0x01,0x05,0x01,0x05,0x00,0x34,0x42,0x87,0x00,0x04,0x00,0x00,0x00,0x09,0x00,0x00,0x00,0x0F,
    0x00,0x25,0x00,0xAA,0x00,0x00,0x00,0x09,0x00,0x00,0x00,0x0F,0x00,0x25,0x00,0xAB,0x00,0x00,0x00,0x09,0x00,0x00,0x00,0x0F,
    0x00,0x25,0x00,0xC0,0x00,0x00,0x00,0x09,0x00,0x00,0x00,0x0F,0x00,0x25,0x00,0xC1,0x00,0x00,0x00,0x22,0x00,0x00,0x00,0x06,
    0x53,0x74,0x6F,0x70,0x20,0x54,0x75,0x6E,0x6E,0x65,0x6C,0x20,0x53,0x6F,0x75,0x6E,0x64,0x73,0x00,0x3F,0x00,0x00,0x00,0x00,
    0x00,0x00,0x00,0x00,0x00,0x01,0x05,0x01,0x05,0x00,0x15,0xBE,0x29,0x00,0x05,0x00,0x00,0x00,0x09,0x00,0x00,0x00,0x04,0x00,
    0x34,0x42,0xB2,0x00,0x00,0x00,0x09,0x00,0x00,0x00,0x04,0x00,0x25,0x00,0x52,0x00,0x00,0x00,0x09,0x00,0x00,0x00,0x04,0x00,
    0x25,0x00,0x55,0x00,0x00,0x00,0x09,0x00,0x00,0x00,0x04,0x00,0x25,0x00,0x58,0x00,0x00,0x00,0x09,0x00,0x00,0x00,0x04,0x00,
    0x25,0x00,0x5E,0x00,0x00,0x00,0x2A,0x00,0x00,0x00,0x06,0x44,0x65,0x61,0x63,0x74,0x69,0x76,0x61,0x74,0x65,0x20,0x46,0x6C,
    0x61,0x61,0x68,0x67,0x72,0x61,0x20,0x53,0x77,0x69,0x74,0x63,0x68,0x00,0x3D,0xCC,0xCC,0xCD,0x00,0x00,0x00,0x00,0x00,0x00,
    0x01,0x05,0x01,0x05,0x00,0x25,0x02,0x8D,0x00,0x01,0x00,0x00,0x00,0x09,0x00,0x00,0x00,0x0D,0x00,0x25,0x28,0x0F,0x00,0x00,
    0x00,0x21,0x00,0x00,0x00,0x06,0x72,0x61,0x6E,0x64,0x6F,0x6D,0x70,0x72,0x69,0x6D,0x65,0x20,0x54,0x69,0x6D,0x65,0x72,0x00,
    0x3A,0x83,0x12,0x6F,0x00,0x00,0x00,0x00,0x00,0x01,0x01,0x05,0x02,0x15,0x00,0x34,0x42,0x9F,0x00,0x02,0x00,0x00,0x00,0x09,
    0x00,0x00,0x00,0x05,0x00,0x25,0x27,0x34,0x00,0x00,0x00,0x09,0x00,0x00,0x00,0x05,0x00,0x34,0x42,0xA1,0x00,0x00,0x00,0x1A,
    0x00,0x00,0x00,0x02,0x45,0x6E,0x64,0x20,0x55,0x6E,0x76,0x65,0x69,0x6C,0x20,0x43,0x69,0x6E,0x65,0x6D,0x61,0x74,0x69,0x63,
    0x00,0x01,0x05,0x02,0x3A,0x00,0x34,0x42,0xA1,0x00,0x07,0x00,0x00,0x00,0x09,0x00,0x00,0x00,0x0D,0x00,0x34,0x42,0x9F,0x00,
    0x00,0x00,0x09,0x00,0x00,0x00,0x04,0x00,0x25,0x2F,0xAA,0x00,0x00,0x00,0x09,0x00,0x00,0x00,0x04,0x00,0x25,0x28,0xF4,0x00,
    0x00,0x00,0x09,0x00,0x00,0x00,0x10,0x00,0x25,0x28,0xF6,0x00,0x00,0x00,0x09,0x00,0x00,0x00,0x10,0x00,0x25,0x30,0xAA,0x00,
    0x00,0x00,0x09,0x00,0x00,0x00,0x01,0x00,0x25,0x28,0xF7,0x00,0x00,0x00,0x09,0x00,0x00,0x00,0x01,0x00,0x25,0x30,0x10,0x00,
    0x00,0x00,0x69,0x00,0x00,0x00,0x0F,0x53,0x70,0x65,0x63,0x69,0x61,0x6C,0x46,0x75,0x6E,0x63,0x74,0x69,0x6F,0x6E,0x20,0x43,
    0x69,0x6E,0x65,0x6D,0x61,0x74,0x69,0x63,0x20,0x53,0x6B,0x69,0x70,0x00,0x00,0x00,0x00,0x00,0x00,0x00,0x00,0x00,0x00,0x00,
    0x00,0x00,0x00,0x00,0x00,0x00,0x00,0x00,0x00,0x00,0x00,0x00,0x00,0x00,0x00,0x00,0x00,0x0F,0x00,0x00,0x00,0x00,0x00,0x00,
    0x00,0x00,0x00,0x00,0x00,0x00,0x00,0xFF,0xFF,0xFF,0xFF,0xFF,0xFF,0xFF,0xFF,0x00,0x00,0x00,0x00,0x01,0x00,0x00,0x00,0x00,
    0xFF,0xFF,0xFF,0xFF,0xFF,0xFF,0xFF,0xFF,0xFF,0xFF,0xFF,0xFF,0x02,0x04,0x25,0x00,0x66,0x00,0x1A,0x52,0x65,0x70,0x6F,0x73,
    0x69,0x74,0x69,0x6F,0x6E,0x20,0x50,0x6C,0x61,0x79,0x65,0x72,0x20,0x54,0x69,0x6D,0x65,0x72,0x20,0x31,0x00,0x00,0x01,0x00,
    0x00,0x00,0x04,0x3F,0x7A,0xE1,0x48,0x02,0x04,0x25,0x00,0x89,0x00,0x1A,0x52,0x65,0x70,0x6F,0x73,0x69,0x74,0x69,0x6F,0x6E,
    0x20,0x50,0x6C,0x61,0x79,0x65,0x72,0x20,0x54,0x69,0x6D,0x65,0x72,0x20,0x32,0x00,0x00,0x01,0x00,0x00,0x00,0x04,0x3F,0x7A,
    0xE1,0x48,0x02,0x04,0x25,0x00,0x8C,0x00,0x1A,0x52,0x65,0x70,0x6F,0x73,0x69,0x74,0x69,0x6F,0x6E,0x20,0x50,0x6C,0x61,0x79,
    0x65,0x72,0x20,0x54,0x69,0x6D,0x65,0x72,0x20,0x33,0x00,0x00,0x01,0x00,0x00,0x00,0x04,0x3F,0x7A,0xE1,0x48,0x02,0x04,0x25,
    0x00,0x8F,0x00,0x1A,0x52,0x65,0x70,0x6F,0x73,0x69,0x74,0x69,0x6F,0x6E,0x20,0x50,0x6C,0x61,0x79,0x65,0x72,0x20,0x54,0x69,
    0x6D,0x65,0x72,0x20,0x34,0x00,0x00,0x01,0x00,0x00,0x00,0x04,0x3F,0x7A,0xE1,0x48,0x02,0x04,0x25,0x2F,0x4B,0x00,0x00,0x00,
    0x03,0x00,0x0C,0x00,0x02,0x40,0xA0,0x00,0x10,0x00,0x02,0x40,0xE0,0x00,0x14,0x00,0x02,0x40,0x20,0x02,0x04,0x25,0x2F,0x4C,
    0x00,0x00,0x00,0x03,0x00,0x0C,0x00,0x02,0x40,0xE0,0x00,0x10,0x00,0x02,0x40,0xA0,0x00,0x14,0x00,0x02,0x40,0x20,0x02,0x04,
    0x25,0x2F,0x4D,0x00,0x00,0x00,0x03,0x00,0x0C,0x00,0x02,0x40,0xA0,0x00,0x10,0x00,0x02,0x40,0xE0,0x00,0x14,0x00,0x02,0x40,
    0x20,0x02,0x04,0x25,0x2F,0x4E,0x00,0x00,0x00,0x03,0x00,0x0C,0x00,0x02,0x40,0xE0,0x00,0x10,0x00,0x02,0x40,0xA0,0x00,0x14,
    0x00,0x02,0x40,0x20,0x03,0x04,0x25,0x00,0x1E,0x00,0x00,0x00,0x0E,0x00,0x00,0x00,0x01,0x04,0x25,0x01,0x23,0x03,0x04,0x25,
    0x00,0xD3,0x00,0x00,0x00,0x05,0x00,0x00,0x00,0x04,0x04,0x25,0x00,0xD2,0x03,0x04,0x25,0x00,0xD3,0x00,0x00,0x00,0x05,0x00,
    0x00,0x00,0x0D,0x04,0x25,0x2F,0x55,0x03,0x04,0x25,0x00,0xD3,0x00,0x00,0x00,0x05,0x00,0x00,0x00,0x05,0x00,0x25,0x27,0x34,
    0x03,0x04,0x25,0x2F,0xB3,0x00,0x00,0x00,0x05,0x00,0x00,0x00,0x05,0x00,0x25,0x27,0x34,0x03,0x18,0x25,0x28,0xF4,0x00,0x00,
    0x00,0x05,0x00,0x00,0x00,0x05,0x00,0x25,0x27,0x34,0x03,0x18,0x25,0x2F,0xAA,0x00,0x00,0x00,0x00,0x00,0x00,0x00,0x07,0x00,
    0x25,0x27,0x34,0x04,0x04,0x25,0x00,0x1E,0x00,0x00,0x00,0x03,0x00,0x00,0x00,0x01,0x00,0x34,0x42,0xB2,0x04,0x04,0x25,0x00,
    0x4E,0x00,0x00,0x00,0x09,0x00,0x00,0x00,0x05,0x00,0x50,0x00,0x00,0x04,0x04,0x25,0x00,0x4E,0x00,0x00,0x00,0x09,0x00,0x00,
    0x00,0x05,0x00,0x50,0x00,0x01,0x04,0x04,0x25,0x00,0x4E,0x00,0x00,0x00,0x09,0x00,0x00,0x00,0x05,0x00,0x50,0x00,0x02,0x04,
    0x04,0x25,0x00,0x29,0x00,0x00,0x00,0x0E,0x00,0x00,0x00,0x03,0x00,0x50,0x00,0x00,0x04,0x04,0x25,0x00,0x29,0x00,0x00,0x00,
    0x0E,0x00,0x00,0x00,0x03,0x00,0x50,0x00,0x01,0x04,0x04,0x25,0x00,0x29,0x00,0x00,0x00,0x0E,0x00,0x00,0x00,0x03,0x00,0x50,
    0x00,0x02,0x04,0x04,0x25,0x00,0x29,0x00,0x00,0x00,0x0E,0x00,0x00,0x00,0x01,0x00,0x25,0x00,0x52,0x04,0x04,0x25,0x00,0x54,
    0x00,0x00,0x00,0x0E,0x00,0x00,0x00,0x03,0x00,0x50,0x00,0x00,0x04,0x04,0x25,0x00,0x54,0x00,0x00,0x00,0x0E,0x00,0x00,0x00,
    0x03,0x00,0x50,0x00,0x01,0x04,0x04,0x25,0x00,0x54,0x00,0x00,0x00,0x0E,0x00,0x00,0x00,0x03,0x00,0x50,0x00,0x02,0x04,0x04,
    0x25,0x00,0x54,0x00,0x00,0x00,0x0E,0x00,0x00,0x00,0x01,0x00,0x25,0x00,0x55,0x04,0x04,0x25,0x00,0x59,0x00,0x00,0x00,0x0E,
    0x00,0x00,0x00,0x03,0x00,0x50,0x00,0x00,0x04,0x04,0x25,0x00,0x59,0x00,0x00,0x00,0x0E,0x00,0x00,0x00,0x03,0x00,0x50,0x00,
    0x01,0x04,0x04,0x25,0x00,0x59,0x00,0x00,0x00,0x0E,0x00,0x00,0x00,0x03,0x00,0x50,0x00,0x02,0x04,0x04,0x25,0x00,0x59,0x00,
    0x00,0x00,0x0E,0x00,0x00,0x00,0x01,0x00,0x25,0x00,0x58,0x04,0x04,0x25,0x00,0x5A,0x00,0x00,0x00,0x0E,0x00,0x00,0x00,0x03,
    0x00,0x50,0x00,0x00,0x04,0x04,0x25,0x00,0x5A,0x00,0x00,0x00,0x0E,0x00,0x00,0x00,0x03,0x00,0x50,0x00,0x01,0x04,0x04,0x25,
    0x00,0x5A,0x00,0x00,0x00,0x0E,0x00,0x00,0x00,0x03,0x00,0x50,0x00,0x02,0x04,0x04,0x25,0x00,0x5A,0x00,0x00,0x00,0x0E,0x00,
    0x00,0x00,0x01,0x00,0x25,0x00,0x5E,0x04,0x04,0x25,0x00,0x6B,0x00,0x00,0x00,0x03,0x00,0x00,0x00,0x0F,0x00,0x50,0x00,0x00,
    0x04,0x04,0x25,0x00,0x6B,0x00,0x00,0x00,0x03,0x00,0x00,0x00,0x0F,0x00,0x50,0x00,0x01,0x04,0x04,0x25,0x00,0x6B,0x00,0x00,
    0x00,0x03,0x00,0x00,0x00,0x0F,0x00,0x50,0x00,0x02,0x04,0x04,0x25,0x00,0x6B,0x00,0x00,0x00,0x04,0x00,0x00,0x00,0x0E,0x00,
    0x50,0x00,0x00,0x04,0x04,0x25,0x00,0x6B,0x00,0x00,0x00,0x04,0x00,0x00,0x00,0x0E,0x00,0x50,0x00,0x01,0x04,0x04,0x25,0x00,
    0x6B,0x00,0x00,0x00,0x04,0x00,0x00,0x00,0x0E,0x00,0x50,0x00,0x02,0x04,0x04,0x25,0x00,0x6C,0x00,0x00,0x00,0x03,0x00,0x00,
    0x00,0x0F,0x00,0x50,0x00,0x00,0x04,0x04,0x25,0x00,0x6C,0x00,0x00,0x00,0x03,0x00,0x00,0x00,0x0F,0x00,0x50,0x00,0x01,0x04,
    0x04,0x25,0x00,0x6C,0x00,0x00,0x00,0x03,0x00,0x00,0x00,0x0F,0x00,0x50,0x00,0x02,0x04,0x04,0x25,0x00,0x6C,0x00,0x00,0x00,
    0x04,0x00,0x00,0x00,0x0E,0x00,0x50,0x00,0x00,0x04,0x04,0x25,0x00,0x6C,0x00,0x00,0x00,0x04,0x00,0x00,0x00,0x0E,0x00,0x50,
    0x00,0x01,0x04,0x04,0x25,0x00,0x6C,0x00,0x00,0x00,0x04,0x00,0x00,0x00,0x0E,0x00,0x50,0x00,0x02,0x04,0x04,0x25,0x00,0x6D,
    0x00,0x00,0x00,0x03,0x00,0x00,0x00,0x0F,0x00,0x50,0x00,0x00,0x04,0x04,0x25,0x00,0x6D,0x00,0x00,0x00,0x03,0x00,0x00,0x00,
    0x0F,0x00,0x50,0x00,0x01,0x04,0x04,0x25,0x00,0x6D,0x00,0x00,0x00,0x03,0x00,0x00,0x00,0x0F,0x00,0x50,0x00,0x02,0x04,0x04,
    0x25,0x00,0x6D,0x00,0x00,0x00,0x04,0x00,0x00,0x00,0x0E,0x00,0x50,0x00,0x00,0x04,0x04,0x25,0x00,0x6D,0x00,0x00,0x00,0x04,
    0x00,0x00,0x00,0x0E,0x00,0x50,0x00,0x01,0x04,0x04,0x25,0x00,0x6D,0x00,0x00,0x00,0x04,0x00,0x00,0x00,0x0E,0x00,0x50,0x00,
    0x02,0x04,0x04,0x25,0x00,0x6E,0x00,0x00,0x00,0x03,0x00,0x00,0x00,0x0F,0x00,0x50,0x00,0x00,0x04,0x04,0x25,0x00,0x6E,0x00,
    0x00,0x00,0x03,0x00,0x00,0x00,0x0F,0x00,0x50,0x00,0x01,0x04,0x04,0x25,0x00,0x6E,0x00,0x00,0x00,0x03,0x00,0x00,0x00,0x0F,
    0x00,0x50,0x00,0x02,0x04,0x04,0x25,0x00,0x6E,0x00,0x00,0x00,0x04,0x00,0x00,0x00,0x0E,0x00,0x50,0x00,0x00,0x04,0x04,0x25,
    0x00,0x6E,0x00,0x00,0x00,0x04,0x00,0x00,0x00,0x0E,0x00,0x50,0x00,0x01,0x04,0x04,0x25,0x00,0x6E,0x00,0x00,0x00,0x04,0x00,
    0x00,0x00,0x0E,0x00,0x50,0x00,0x02,0x04,0x04,0x25,0x00,0xD2,0x00,0x00,0x00,0x09,0x00,0x00,0x00,0x0D,0x00,0x25,0x00,0x09,
    0x04,0x04,0x25,0x00,0xD3,0x00,0x00,0x00,0x05,0x00,0x00,0x00,0x0D,0x00,0x25,0x00,0x17,0x04,0x04,0x25,0x01,0x2C,0x00,0x00,
    0x00,0x09,0x00,0x00,0x00,0x04,0x00,0x34,0x42,0x9E,0x04,0x04,0x25,0x01,0x2C,0x00,0x00,0x00,0x09,0x00,0x00,0x00,0x01,0x00,
    0x43,0x84,0xDF,0x04,0x04,0x25,0x01,0x37,0x00,0x00,0x00,0x09,0x00,0x00,0x00,0x04,0x00,0x43,0x84,0xDF,0x04,0x04,0x25,0x01,
    0x37,0x00,0x00,0x00,0x09,0x00,0x00,0x00,0x01,0x00,0x52,0xC7,0x20,0x04,0x04,0x25,0x00,0x39,0x00,0x00,0x00,0x09,0x00,0x00,
    0x00,0x14,0x00,0x50,0x00,0x00,0x04,0x04,0x25,0x00,0x39,0x00,0x00,0x00,0x09,0x00,0x00,0x00,0x14,0x00,0x50,0x00,0x01,0x04,
    0x04,0x25,0x00,0x39,0x00,0x00,0x00,0x09,0x00,0x00,0x00,0x14,0x00,0x50,0x00,0x02,0x04,0x04,0x25,0x01,0x41,0x00,0x00,0x00,
    0x09,0x00,0x00,0x00,0x14,0x00,0x50,0x00,0x00,0x04,0x04,0x25,0x01,0x41,0x00,0x00,0x00,0x09,0x00,0x00,0x00,0x14,0x00,0x50,
    0x00,0x01,0x04,0x04,0x25,0x01,0x41,0x00,0x00,0x00,0x09,0x00,0x00,0x00,0x14,0x00,0x50,0x00,0x02,0x04,0x04,0x25,0x01,0x4E,
    0x00,0x00,0x00,0x09,0x00,0x00,0x00,0x14,0x00,0x50,0x00,0x00,0x04,0x04,0x25,0x01,0x4E,0x00,0x00,0x00,0x09,0x00,0x00,0x00,
    0x14,0x00,0x50,0x00,0x01,0x04,0x04,0x25,0x01,0x4E,0x00,0x00,0x00,0x09,0x00,0x00,0x00,0x14,0x00,0x50,0x00,0x02,0x04,0x04,
    0x25,0x01,0x5B,0x00,0x00,0x00,0x09,0x00,0x00,0x00,0x14,0x00,0x50,0x00,0x00,0x04,0x04,0x25,0x01,0x5B,0x00,0x00,0x00,0x09,
    0x00,0x00,0x00,0x14,0x00,0x50,0x00,0x01,0x04,0x04,0x25,0x01,0x5B,0x00,0x00,0x00,0x09,0x00,0x00,0x00,0x14,0x00,0x50,0x00,
    0x02,0x04,0x04,0x25,0x00,0x87,0x00,0x00,0x00,0x09,0x00,0x00,0x00,0x10,0x00,0x25,0x00,0x4C,0x04,0x04,0x25,0x00,0x87,0x00,
    0x00,0x00,0x09,0x00,0x00,0x00,0x10,0x00,0x25,0x00,0x60,0x04,0x04,0x25,0x00,0x87,0x00,0x00,0x00,0x09,0x00,0x00,0x00,0x10,
    0x00,0x25,0x00,0x51,0x04,0x04,0x25,0x00,0x87,0x00,0x00,0x00,0x09,0x00,0x00,0x00,0x10,0x00,0x25,0x00,0x53,0x04,0x04,0x25,
    0x00,0x31,0x00,0x00,0x00,0x09,0x00,0x00,0x00,0x07,0x00,0x25,0x00,0x22,0x04,0x04,0x25,0x00,0x86,0x00,0x00,0x00,0x09,0x00,
    0x00,0x00,0x07,0x00,0x25,0x00,0x22,0x04,0x04,0x25,0x00,0x8A,0x00,0x00,0x00,0x09,0x00,0x00,0x00,0x07,0x00,0x25,0x00,0x22,
    0x04,0x04,0x25,0x00,0x8D,0x00,0x00,0x00,0x09,0x00,0x00,0x00,0x07,0x00,0x25,0x00,0x22,0x04,0x04,0x25,0x27,0x6B,0x00,0x00,
    0x00,0x00,0x00,0x00,0x00,0x22,0x00,0x25,0x00,0x1E,0x04,0x04,0x25,0x27,0x6B,0x00,0x00,0x00,0x00,0x00,0x00,0x00,0x04,0x00,
    0x25,0x00,0x1E,0x04,0x04,0x25,0x27,0x6B,0x00,0x00,0x00,0x00,0x00,0x00,0x00,0x22,0x00,0x50,0x00,0x00,0x04,0x04,0x25,0x27,
    0x6B,0x00,0x00,0x00,0x00,0x00,0x00,0x00,0x04,0x00,0x50,0x00,0x00,0x04,0x04,0x25,0x27,0x6B,0x00,0x00,0x00,0x00,0x00,0x00,
    0x00,0x22,0x00,0x50,0x00,0x01,0x04,0x04,0x25,0x27,0x6B,0x00,0x00,0x00,0x00,0x00,0x00,0x00,0x04,0x00,0x50,0x00,0x01,0x04,
    0x04,0x25,0x27,0x6B,0x00,0x00,0x00,0x00,0x00,0x00,0x00,0x22,0x00,0x50,0x00,0x02,0x04,0x04,0x25,0x27,0x6B,0x00,0x00,0x00,
    0x00,0x00,0x00,0x00,0x04,0x00,0x50,0x00,0x02,0x04,0x04,0x25,0x27,0x8D,0x00,0x00,0x00,0x09,0x00,0x00,0x00,0x05,0x00,0x25,
    0x00,0x22,0x04,0x04,0x25,0x27,0x8D,0x00,0x00,0x00,0x09,0x00,0x00,0x00,0x07,0x00,0x25,0x00,0x21,0x04,0x04,0x25,0x27,0x8D,
    0x00,0x00,0x00,0x09,0x00,0x00,0x00,0x05,0x00,0x25,0x29,0x09,0x04,0x04,0x25,0x27,0x94,0x00,0x00,0x00,0x09,0x00,0x00,0x00,
    0x05,0x00,0x25,0x00,0x21,0x04,0x04,0x25,0x27,0x94,0x00,0x00,0x00,0x09,0x00,0x00,0x00,0x05,0x00,0x25,0x27,0x34,0x04,0x04,
    0x25,0x28,0x0F,0x00,0x00,0x00,0x09,0x00,0x00,0x00,0x04,0x00,0x25,0x00,0xE7,0x04,0x04,0x25,0x28,0x0F,0x00,0x00,0x00,0x09,
    0x00,0x00,0x00,0x04,0x00,0x25,0x00,0xE8,0x04,0x04,0x25,0x28,0x10,0x00,0x00,0x00,0x09,0x00,0x00,0x00,0x01,0x00,0x25,0x00,
    0xE8,0x04,0x04,0x25,0x28,0x10,0x00,0x00,0x00,0x09,0x00,0x00,0x00,0x01,0x00,0x25,0x00,0xE7,0x04,0x04,0x25,0x29,0x03,0x00,
    0x00,0x00,0x01,0x00,0x00,0x00,0x04,0x00,0x34,0x42,0xB2,0x04,0x04,0x25,0x2F,0x4B,0x00,0x00,0x00,0x03,0x00,0x00,0x00,0x0C,
    0x00,0x50,0x00,0x00,0x04,0x04,0x25,0x2F,0x4B,0x00,0x00,0x00,0x03,0x00,0x00,0x00,0x0C,0x00,0x50,0x00,0x01,0x04,0x04,0x25,
    0x2F,0x4B,0x00,0x00,0x00,0x03,0x00,0x00,0x00,0x0C,0x00,0x50,0x00,0x02,0x04,0x04,0x25,0x2F,0x4C,0x00,0x00,0x00,0x03,0x00,
    0x00,0x00,0x0C,0x00,0x50,0x00,0x00,0x04,0x04,0x25,0x2F,0x4C,0x00,0x00,0x00,0x03,0x00,0x00,0x00,0x0C,0x00,0x50,0x00,0x01,
    0x04,0x04,0x25,0x2F,0x4C,0x00,0x00,0x00,0x03,0x00,0x00,0x00,0x0C,0x00,0x50,0x00,0x02,0x04,0x04,0x25,0x2F,0x4D,0x00,0x00,
    0x00,0x03,0x00,0x00,0x00,0x0C,0x00,0x50,0x00,0x00,0x04,0x04,0x25,0x2F,0x4D,0x00,0x00,0x00,0x03,0x00,0x00,0x00,0x0C,0x00,
    0x50,0x00,0x01,0x04,0x04,0x25,0x2F,0x4D,0x00,0x00,0x00,0x03,0x00,0x00,0x00,0x0C,0x00,0x50,0x00,0x02,0x04,0x04,0x25,0x2F,
    0x4E,0x00,0x00,0x00,0x03,0x00,0x00,0x00,0x0C,0x00,0x50,0x00,0x00,0x04,0x04,0x25,0x2F,0x4E,0x00,0x00,0x00,0x03,0x00,0x00,
    0x00,0x0C,0x00,0x50,0x00,0x01,0x04,0x04,0x25,0x2F,0x4E,0x00,0x00,0x00,0x03,0x00,0x00,0x00,0x0C,0x00,0x50,0x00,0x02,0x04,
    0x04,0x25,0x30,0x09,0x00,0x00,0x00,0x09,0x00,0x00,0x00,0x0D,0x00,0x25,0x00,0x01,0x04,0x04,0x25,0x30,0x09,0x00,0x00,0x00,
    0x09,0x00,0x00,0x00,0x0D,0x00,0x25,0x00,0x02,0x04,0x04,0x25,0x30,0x17,0x00,0x00,0x00,0x05,0x00,0x00,0x00,0x0B,0x00,0x15,
    0xBE,0x29,0x04,0x04,0x25,0x30,0x17,0x00,0x00,0x00,0x00,0x00,0x00,0x00,0x05,0x00,0x25,0x00,0x22,0x04,0x04,0x25,0x30,0x9D,
    0x00,0x00,0x00,0x09,0x00,0x00,0x00,0x0A,0x00,0x50,0x00,0x00,0x04,0x04,0x25,0x30,0x9D,0x00,0x00,0x00,0x09,0x00,0x00,0x00,
    0x0A,0x00,0x50,0x00,0x01,0x04,0x04,0x25,0x30,0x9D,0x00,0x00,0x00,0x09,0x00,0x00,0x00,0x0A,0x00,0x50,0x00,0x02,0x04,0x00,
    0x50,0x00,0x00,0x00,0x00,0x00,0x00,0x00,0x00,0x00,0x01,0x00,0x60,0x00,0x00,0x04,0x00,0x50,0x00,0x00,0x00,0x00,0x00,0x00,
    0x00,0x00,0x00,0x01,0x00,0x70,0x00,0x00,0x04,0x00,0x50,0x00,0x00,0x00,0x00,0x00,0x03,0x00,0x00,0x00,0x01,0x00,0x34,0x42,
    0xB2,0x04,0x00,0x50,0x00,0x01,0x00,0x00,0x00,0x00,0x00,0x00,0x00,0x01,0x00,0x60,0x00,0x01,0x04,0x00,0x50,0x00,0x01,0x00,
    0x00,0x00,0x00,0x00,0x00,0x00,0x01,0x00,0x70,0x00,0x01,0x04,0x00,0x50,0x00,0x01,0x00,0x00,0x00,0x03,0x00,0x00,0x00,0x01,
    0x00,0x34,0x42,0xB2,0x04,0x00,0x50,0x00,0x02,0x00,0x00,0x00,0x00,0x00,0x00,0x00,0x01,0x00,0x60,0x00,0x02,0x04,0x00,0x50,
    0x00,0x02,0x00,0x00,0x00,0x00,0x00,0x00,0x00,0x01,0x00,0x70,0x00,0x02,0x04,0x00,0x50,0x00,0x02,0x00,0x00,0x00,0x03,0x00,
    0x00,0x00,0x01,0x00,0x34,0x42,0xB2,0x04,0x14,0x25,0x29,0x02,0x00,0x00,0x00,0x16,0x00,0x00,0x00,0x03,0x00,0x50,0x00,0x00,
    0x04,0x14,0x25,0x29,0x02,0x00,0x00,0x00,0x16,0x00,0x00,0x00,0x03,0x00,0x50,0x00,0x01,0x04,0x14,0x25,0x29,0x02,0x00,0x00,
    0x00,0x16,0x00,0x00,0x00,0x03,0x00,0x50,0x00,0x02,0x04,0x18,0x25,0x28,0xF4,0x00,0x00,0x00,0x05,0x00,0x00,0x00,0x0D,0x00,
    0x34,0x42,0x9F,0x04,0x18,0x25,0x28,0xF5,0x00,0x00,0x00,0x09,0x00,0x00,0x00,0x07,0x00,0x34,0x42,0xA1,0x04,0x18,0x25,0x28,
    0xF5,0x00,0x00,0x00,0x09,0x00,0x00,0x00,0x07,0x00,0x25,0x27,0x34,0x05,0x00,0x15,0x00,0x1F,0x42,0x41,0x00,0x06,0x00,0x00,
    0x00,0x09,0x00,0x00,0x00,0x07,0x00,0x10,0x00,0x0E,0x00,0x00,0x00,0x09,0x00,0x00,0x00,0x14,0x00,0x10,0x03,0x84,0x00,0x00,
    0x00,0x09,0x00,0x00,0x00,0x0E,0x00,0x10,0x03,0xB5,0x00,0x00,0x00,0x09,0x00,0x00,0x00,0x0D,0x00,0x10,0x03,0xFB,0x00,0x00,
    0x00,0x09,0x00,0x00,0x00,0x01,0x00,0x10,0x02,0xAE,0x00,0x00,0x00,0x09,0x00,0x00,0x00,0x07,0x00,0x10,0x00,0x04,0x00,0x00,
    0x00,0x1E,0x00,0x00,0x00,0x02,0x50,0x6C,0x61,0x74,0x66,0x6F,0x72,0x6D,0x73,0x20,0x43,0x75,0x74,0x73,0x63,0x65,0x6E,0x65,
    0x20,0x53,0x74,0x61,0x72,0x74,0x00,0x01,0x05,0x00,0x15,0x00,0x1F,0x42,0x43,0x00,0x03,0x00,0x00,0x00,0x09,0x00,0x00,0x00,
    0x05,0x00,0x10,0x00,0x0E,0x00,0x00,0x00,0x09,0x00,0x00,0x00,0x04,0x00,0x10,0x03,0xF9,0x00,0x00,0x00,0x09,0x00,0x00,0x00,
    0x05,0x00,0x10,0x00,0x04,0x00,0x00,0x00,0x1C,0x00,0x00,0x00,0x02,0x50,0x6C,0x61,0x74,0x66,0x6F,0x72,0x6D,0x73,0x20,0x43,
    0x75,0x74,0x73,0x63,0x65,0x6E,0x65,0x20,0x45,0x6E,0x64,0x00,0x01,0x05,0x00,0x3A,0x00,0x10,0x00,0x04,0x00,0x0B,0x00,0x00,
    0x00,0x09,0x00,0x00,0x00,0x0D,0x00,0x1F,0x42,0x43,0x00,0x00,0x00,0x09,0x00,0x00,0x00,0x04,0x00,0x10,0x02,0xAE,0x00,0x00,
    0x00,0x09,0x00,0x00,0x00,0x08,0x00,0x10,0x01,0xD6,0x00,0x00,0x00,0x09,0x00,0x00,0x00,0x08,0x00,0x10,0x01,0xE6,0x00,0x00,
    0x00,0x09,0x00,0x00,0x00,0x08,0x00,0x10,0x01,0xF6,0x00,0x00,0x00,0x09,0x00,0x00,0x00,0x08,0x00,0x10,0x02,0x06,0x00,0x00,
    0x00,0x09,0x00,0x00,0x00,0x08,0x00,0x10,0x02,0x16,0x00,0x00,0x00,0x09,0x00,0x00,0x00,0x08,0x00,0x10,0x02,0x26,0x00,0x00,
    0x00,0x09,0x00,0x00,0x00,0x05,0x00,0x10,0x00,0x0E,0x00,0x00,0x00,0x09,0x00,0x00,0x00,0x04,0x00,0x10,0x03,0xF9,0x00,0x00,
    0x00,0x09,0x00,0x00,0x00,0x0F,0x00,0x10,0x03,0x84,0x00,0x00,0x00,0x69,0x00,0x00,0x00,0x0F,0x53,0x70,0x65,0x63,0x69,0x61,
    0x6C,0x46,0x75,0x6E,0x63,0x74,0x69,0x6F,0x6E,0x20,0x43,0x69,0x6E,0x65,0x6D,0x61,0x74,0x69,0x63,0x20,0x53,0x6B,0x69,0x70,
    0x00,0x00,0x00,0x00,0x00,0x00,0x00,0x00,0x00,0x00,0x00,0x00,0x00,0x00,0x00,0x00,0x00,0x00,0x00,0x00,0x00,0x00,0x00,0x00,
    0x00,0x00,0x00,0x00,0x0F,0x00,0x00,0x00,0x00,0x00,0x00,0x00,0x00,0x00,0x00,0x00,0x00,0x00,0xFF,0xFF,0xFF,0xFF,0xFF,0xFF,
    0xFF,0xFF,0x00,0x00,0x00,0x00,0x01,0x00,0x00,0x00,0x00,0xFF,0xFF,0xFF,0xFF,0xFF,0xFF,0xFF,0xFF,0xFF,0xFF,0xFF,0xFF,0x03,
    0x00,0x10,0x02,0xAE,0x00,0x00,0x00,0x00,0x00,0x00,0x00,0x07,0x00,0x10,0x00,0x0E,0x03,0x00,0x10,0x02,0xAE,0x00,0x00,0x00,
    0x05,0x00,0x00,0x00,0x05,0x00,0x10,0x00,0x0E,0x03,0x00,0x10,0x02,0xAE,0x00,0x00,0x00,0x00,0x00,0x00,0x00,0x14,0x00,0x10,
    0x03,0x84,0x03,0x00,0x10,0x02,0xAE,0x00,0x00,0x00,0x00,0x00,0x00,0x00,0x0E,0x00,0x10,0x03,0xB5,0x03,0x00,0x10,0x02,0xAE,
    0x00,0x00,0x00,0x00,0x00,0x00,0x00,0x0D,0x00,0x10,0x03,0xFB,0x03,0x00,0x10,0x02,0xAE,0x00,0x00,0x00,0x05,0x00,0x00,0x00,
    0x04,0x00,0x10,0x03,0xF9,0x03,0x00,0x10,0x03,0x03,0x00,0x00,0x00,0x08,0x00,0x00,0x00,0x01,0x00,0x10,0x02,0xAE,0x04,0x00,
    0x10,0x02,0xAE,0x00,0x00,0x00,0x05,0x00,0x00,0x00,0x0D,0x00,0x1F,0x42,0x43,0x04,0x00,0x10,0x03,0x03,0x00,0x00,0x00,0x08,
    0x00,0x00,0x00,0x0D,0x00,0x1F,0x42,0x41,0x05,0x00,0x15,0x00,0x28,0x00,0x01,0x00,0x03,0x00,0x00,0x00,0x09,0x00,0x00,0x00,
    0x01,0x00,0x28,0x04,0x08,0x00,0x00,0x00,0x09,0x00,0x00,0x00,0x07,0x00,0x28,0x00,0x03,0x00,0x00,0x00,0x09,0x00,0x00,0x00,
    0x07,0x00,0x28,0x03,0xE4,0x00,0x00,0x00,0x17,0x00,0x00,0x00,0x02,0x43,0x69,0x6E,0x65,0x6D,0x61,0x74,0x69,0x63,0x20,0x31,
    0x20,0x53,0x74,0x61,0x72,0x74,0x00,0x01,0x05,0x00,0x15,0x00,0x28,0x00,0x02,0x00,0x02,0x00,0x00,0x00,0x09,0x00,0x00,0x00,
    0x05,0x00,0x28,0x00,0x03,0x00,0x00,0x00,0x09,0x00,0x00,0x00,0x05,0x00,0x28,0x03,0xE4,0x00,0x00,0x00,0x15,0x00,0x00,0x00,
    0x02,0x43,0x69,0x6E,0x65,0x6D,0x61,0x74,0x69,0x63,0x20,0x31,0x20,0x45,0x6E,0x64,0x00,0x01,0x05,0x00,0x15,0x00,0x28,0x00,
    0x04,0x00,0x03,0x00,0x00,0x00,0x09,0x00,0x00,0x00,0x01,0x00,0x28,0x04,0x09,0x00,0x00,0x00,0x09,0x00,0x00,0x00,0x07,0x00,
    0x28,0x00,0x06,0x00,0x00,0x00,0x09,0x00,0x00,0x00,0x07,0x00,0x28,0x03,0xE4,0x00,0x00,0x00,0x17,0x00,0x00,0x00,0x02,0x43,
    0x69,0x6E,0x65,0x6D,0x61,0x74,0x69,0x63,0x20,0x32,0x20,0x53,0x74,0x61,0x72,0x74,0x00,0x01,0x05,0x00,0x15,0x00,0x28,0x00,
    0x05,0x00,0x02,0x00,0x00,0x00,0x09,0x00,0x00,0x00,0x05,0x00,0x28,0x00,0x06,0x00,0x00,0x00,0x09,0x00,0x00,0x00,0x05,0x00,
    0x28,0x03,0xE4,0x00,0x00,0x00,0x15,0x00,0x00,0x00,0x02,0x43,0x69,0x6E,0x65,0x6D,0x61,0x74,0x69,0x63,0x20,0x32,0x20,0x45,
    0x6E,0x64,0x00,0x01,0x05,0x00,0x15,0x00,0x28,0x00,0x07,0x00,0x03,0x00,0x00,0x00,0x09,0x00,0x00,0x00,0x01,0x00,0x28,0x04,
    0x0A,0x00,0x00,0x00,0x09,0x00,0x00,0x00,0x07,0x00,0x28,0x00,0x09,0x00,0x00,0x00,0x09,0x00,0x00,0x00,0x07,0x00,0x28,0x03,
    0xE4,0x00,0x00,0x00,0x17,0x00,0x00,0x00,0x02,0x43,0x69,0x6E,0x65,0x6D,0x61,0x74,0x69,0x63,0x20,0x33,0x20,0x53,0x74,0x61,
    0x72,0x74,0x00,0x01,0x05,0x00,0x15,0x00,0x28,0x00,0x08,0x00,0x02,0x00,0x00,0x00,0x09,0x00,0x00,0x00,0x05,0x00,0x28,0x00,
    0x09,0x00,0x00,0x00,0x09,0x00,0x00,0x00,0x05,0x00,0x28,0x03,0xE4,0x00,0x00,0x00,0x15,0x00,0x00,0x00,0x02,0x43,0x69,0x6E,
    0x65,0x6D,0x61,0x74,0x69,0x63,0x20,0x33,0x20,0x45,0x6E,0x64,0x00,0x01,0x05,0x00,0x15,0x00,0x28,0x00,0x0A,0x00,0x05,0x00,
    0x00,0x00,0x09,0x00,0x00,0x00,0x07,0x00,0x28,0x00,0x0C,0x00,0x00,0x00,0x09,0x00,0x00,0x00,0x07,0x00,0x28,0x03,0xE4,0x00,
    0x00,0x00,0x09,0x00,0x00,0x00,0x0B,0x00,0x28,0x04,0x66,0x00,0x00,0x00,0x09,0x00,0x00,0x00,0x01,0x00,0x28,0x04,0xAF,0x00,
    0x00,0x00,0x09,0x00,0x00,0x00,0x01,0x00,0x28,0x04,0x4C,0x00,0x00,0x00,0x20,0x00,0x00,0x00,0x02,0x50,0x6F,0x77,0x65,0x72,
    0x20,0x4C,0x6F,0x73,0x73,0x20,0x43,0x69,0x6E,0x65,0x6D,0x61,0x74,0x69,0x63,0x20,0x53,0x74,0x61,0x72,0x74,0x00,0x01,0x05,
    0x00,0x3A,0x00,0x28,0x00,0x03,0x00,0x03,0x00,0x00,0x00,0x09,0x00,0x00,0x00,0x0D,0x00,0x28,0x00,0x02,0x00,0x00,0x00,0x09,
    0x00,0x00,0x00,0x04,0x00,0x28,0x04,0x08,0x00,0x00,0x00,0x09,0x00,0x00,0x00,0x04,0x00,0x28,0x02,0x8C,0x00,0x00,0x00,0x5B,
    0x00,0x00,0x00,0x0F,0x43,0x69,0x6E,0x65,0x6D,0x61,0x74,0x69,0x63,0x20,0x31,0x20,0x53,0x6B,0x69,0x70,0x00,0x00,0x00,0x00,
    0x00,0x00,0x00,0x00,0x00,0x00,0x00,0x00,0x00,0x00,0x00,0x00,0x00,0x00,0x00,0x00,0x00,0x00,0x00,0x00,0x00,0x00,0x00,0x00,
    0x0F,0x00,0x00,0x00,0x00,0x00,0x00,0x00,0x00,0x00,0x00,0x00,0x00,0x00,0xFF,0xFF,0xFF,0xFF,0xFF,0xFF,0xFF,0xFF,0x00,0x00,
    0x00,0x00,0x01,0x00,0x00,0x00,0x00,0xFF,0xFF,0xFF,0xFF,0xFF,0xFF,0xFF,0xFF,0xFF,0xFF,0xFF,0xFF,0x05,0x00,0x3A,0x00,0x28,
    0x00,0x06,0x00,0x03,0x00,0x00,0x00,0x09,0x00,0x00,0x00,0x0D,0x00,0x28,0x00,0x05,0x00,0x00,0x00,0x09,0x00,0x00,0x00,0x04,
    0x00,0x28,0x04,0x09,0x00,0x00,0x00,0x09,0x00,0x00,0x00,0x04,0x00,0x28,0x02,0x8D,0x00,0x00,0x00,0x5B,0x00,0x00,0x00,0x0F,
    0x43,0x69,0x6E,0x65,0x6D,0x61,0x74,0x69,0x63,0x20,0x32,0x20,0x53,0x6B,0x69,0x70,0x00,0x00,0x00,0x00,0x00,0x00,0x00,0x00,
    0x00,0x00,0x00,0x00,0x00,0x00,0x00,0x00,0x00,0x00,0x00,0x00,0x00,0x00,0x00,0x00,0x00,0x00,0x00,0x00,0x0F,0x00,0x00,0x00,
    0x00,0x00,0x00,0x00,0x00,0x00,0x00,0x00,0x00,0x00,0xFF,0xFF,0xFF,0xFF,0xFF,0xFF,0xFF,0xFF,0x00,0x00,0x00,0x00,0x01,0x00,
    0x00,0x00,0x00,0xFF,0xFF,0xFF,0xFF,0xFF,0xFF,0xFF,0xFF,0xFF,0xFF,0xFF,0xFF,0x05,0x00,0x3A,0x00,0x28,0x00,0x09,0x00,0x03,
    0x00,0x00,0x00,0x09,0x00,0x00,0x00,0x0D,0x00,0x28,0x00,0x08,0x00,0x00,0x00,0x09,0x00,0x00,0x00,0x04,0x00,0x28,0x04,0x0A,
    0x00,0x00,0x00,0x09,0x00,0x00,0x00,0x04,0x00,0x28,0x02,0x8F,0x00,0x00,0x00,0x5B,0x00,0x00,0x00,0x0F,0x43,0x69,0x6E,0x65,
    0x6D,0x61,0x74,0x69,0x63,0x20,0x33,0x20,0x53,0x6B,0x69,0x70,0x00,0x00,0x00,0x00,0x00,0x00,0x00,0x00,0x00,0x00,0x00,0x00,
    0x00,0x00,0x00,0x00,0x00,0x00,0x00,0x00,0x00,0x00,0x00,0x00,0x00,0x00,0x00,0x00,0x0F,0x00,0x00,0x00,0x00,0x00,0x00,0x00,
    0x00,0x00,0x00,0x00,0x00,0x00,0xFF,0xFF,0xFF,0xFF,0xFF,0xFF,0xFF,0xFF,0x00,0x00,0x00,0x00,0x01,0x00,0x00,0x00,0x00,0xFF,
    0xFF,0xFF,0xFF,0xFF,0xFF,0xFF,0xFF,0xFF,0xFF,0xFF,0xFF,0x05,0x00,0x3A,0x00,0x28,0x00,0x0C,0x00,0x0B,0x00,0x00,0x00,0x09,
    0x00,0x00,0x00,0x0D,0x00,0x28,0x04,0x69,0x00,0x00,0x00,0x09,0x00,0x00,0x00,0x04,0x00,0x28,0x04,0x46,0x00,0x00,0x00,0x09,
    0x00,0x00,0x00,0x04,0x00,0x28,0x04,0xAF,0x00,0x00,0x00,0x09,0x00,0x00,0x00,0x0F,0x00,0x28,0x04,0x66,0x00,0x00,0x00,0x09,
    0x00,0x00,0x00,0x0F,0x00,0x28,0x04,0x72,0x00,0x00,0x00,0x09,0x00,0x00,0x00,0x13,0x00,0x28,0x04,0x39,0x00,0x00,0x00,0x09,
    0x00,0x00,0x00,0x0D,0x00,0x28,0x04,0x3C,0x00,0x00,0x00,0x09,0x00,0x00,0x00,0x01,0x00,0x28,0x04,0x3F,0x00,0x00,0x00,0x09,
    0x00,0x00,0x00,0x14,0x00,0x28,0x04,0x6A,0x00,0x00,0x00,0x09,0x00,0x00,0x00,0x0F,0x00,0x28,0x04,0x71,0x00,0x00,0x00,0x09,
    0x00,0x00,0x00,0x01,0x00,0x28,0x04,0x70,0x00,0x00,0x00,0x64,0x00,0x00,0x00,0x0F,0x50,0x6F,0x77,0x65,0x72,0x20,0x4C,0x6F,
    0x73,0x73,0x20,0x43,0x69,0x6E,0x65,0x6D,0x61,0x74,0x69,0x63,0x20,0x53,0x6B,0x69,0x70,0x00,0x00,0x00,0x00,0x00,0x00,0x00,
    0x00,0x00,0x00,0x00,0x00,0x00,0x00,0x00,0x00,0x00,0x00,0x00,0x00,0x00,0x00,0x00,0x00,0x00,0x00,0x00,0x00,0x0F,0x00,0x00,
    0x00,0x00,0x00,0x00,0x00,0x00,0x00,0x00,0x00,0x00,0x00,0xFF,0xFF,0xFF,0xFF,0xFF,0xFF,0xFF,0xFF,0x00,0x00,0x00,0x00,0x01,
    0x00,0x00,0x00,0x00,0xFF,0xFF,0xFF,0xFF,0xFF,0xFF,0xFF,0xFF,0xFF,0xFF,0xFF,0xFF,0x03,0x00,0x28,0x04,0x4C,0x00,0x00,0x00,
    0x05,0x00,0x00,0x00,0x04,0x00,0x28,0x04,0x46,0x03,0x00,0x28,0x04,0x4C,0x00,0x00,0x00,0x00,0x00,0x00,0x00,0x07,0x04,0x28,
    0x03,0xE4,0x03,0x00,0x28,0x04,0x4C,0x00,0x00,0x00,0x05,0x00,0x00,0x00,0x05,0x04,0x28,0x03,0xE4,0x03,0x00,0x28,0x04,0x4C,
    0x00,0x00,0x00,0x00,0x00,0x00,0x00,0x0B,0x00,0x28,0x04,0x66,0x03,0x00,0x28,0x04,0x4C,0x00,0x00,0x00,0x00,0x00,0x00,0x00,
    0x01,0x00,0x28,0x04,0xAF,0x03,0x00,0x28,0x04,0x4C,0x00,0x00,0x00,0x05,0x00,0x00,0x00,0x04,0x00,0x28,0x04,0xAF,0x03,0x00,
    0x28,0x04,0x67,0x00,0x00,0x00,0x09,0x00,0x00,0x00,0x01,0x00,0x28,0x04,0x4C,0x03,0x04,0x28,0x02,0xAC,0x00,0x00,0x00,0x07,
    0x00,0x00,0x00,0x01,0x04,0x28,0x04,0x0A,0x03,0x04,0x28,0x02,0xAD,0x00,0x00,0x00,0x07,0x00,0x00,0x00,0x01,0x04,0x28,0x04,
    0x09,0x03,0x04,0x28,0x02,0xAE,0x00,0x00,0x00,0x07,0x00,0x00,0x00,0x01,0x04,0x28,0x04,0x08,0x04,0x00,0x28,0x04,0x67,0x00,
    0x00,0x00,0x09,0x00,0x00,0x00,0x0D,0x00,0x28,0x00,0x0A,0x04,0x00,0x28,0x04,0x69,0x00,0x00,0x00,0x09,0x00,0x00,0x00,0x04,
    0x00,0x28,0x04,0x46,0x04,0x00,0x28,0x04,0x69,0x00,0x00,0x00,0x09,0x00,0x00,0x00,0x05,0x00,0x28,0x03,0xE4,0x04,0x00,0x28,
    0x04,0x69,0x00,0x00,0x00,0x09,0x00,0x00,0x00,0x04,0x00,0x28,0x04,0xAF,0x04,0x00,0x28,0x04,0x69,0x00,0x00,0x00,0x09,0x00,
    0x00,0x00,0x05,0x00,0x28,0x00,0x0C,0x04,0x04,0x28,0x02,0xAC,0x00,0x00,0x00,0x07,0x00,0x00,0x00,0x0D,0x00,0x28,0x00,0x07,
    0x04,0x04,0x28,0x02,0xAD,0x00,0x00,0x00,0x07,0x00,0x00,0x00,0x0D,0x00,0x28,0x00,0x04,0x04,0x04,0x28,0x02,0xAE,0x00,0x00,
    0x00,0x07,0x00,0x00,0x00,0x0D,0x00,0x28,0x00,0x01,0x04,0x04,0x28,0x04,0x08,0x00,0x00,0x00,0x05,0x00,0x00,0x00,0x0D,0x00,
    0x28,0x00,0x02,0x04,0x04,0x28,0x04,0x09,0x00,0x00,0x00,0x05,0x00,0x00,0x00,0x0D,0x00,0x28,0x00,0x05,0x04,0x04,0x28,0x04,
    0x0A,0x00,0x00,0x00,0x05,0x00,0x00,0x00,0x0D,0x00,0x28,0x00,0x08,0x05,0x00,0x0F,0x00,0x54,0xC5,0x63,0x00,0x00,0x00,0x00,
    0x00,0x99,0x00,0x00,0x00,0x23,0x4D,0x6F,0x72,0x70,0x68,0x00,0x00,0x00,0x00,0x00,0x00,0x00,0x00,0x00,0x00,0x00,0x00,0x00,
    0x00,0x00,0x00,0x00,0x00,0x00,0x00,0x00,0x00,0x00,0x00,0x00,0x00,0x00,0x00,0x00,0x00,0x00,0x00,0x00,0x00,0x00,0x00,0x00,
    0x00,0x00,0x00,0x00,0x00,0x00,0x00,0x00,0x00,0x00,0x00,0x00,0x00,0x00,0x00,0x00,0x00,0x00,0x00,0x00,0x00,0x00,0x00,0x00,
    0x00,0x00,0x00,0x00,0x00,0x00,0x00,0x00,0x00,0x00,0x00,0x00,0x00,0x00,0x00,0x00,0x00,0x00,0x00,0x00,0x00,0x00,0x00,0x00,
    0x00,0x00,0x00,0x00,0x00,0x00,0x00,0x00,0x00,0x00,0x00,0x00,0x00,0x00,0x00,0x00,0x00,0x00,0x00,0x00,0x00,0x00,0x00,0x00,
    0x00,0x00,0x00,0x00,0x00,0x00,0x00,0x00,0x00,0x00,0x00,0x00,0x00,0x00,0x00,0x00,0x00,0x00,0x00,0x00,0x00,0x00,0x00,0x00,
    0x00,0x00,0x00,0x00,0x00,0x00,0x00,0x00,0x00,0x01,0x01,0x05,0x00,0x3A,0x00,0x3E,0x00,0x05,0x00,0x05,0x00,0x00,0x00,0x09,
    0x00,0x00,0x00,0x0B,0x00,0x18,0x00,0x55,0x00,0x00,0x00,0x09,0x00,0x00,0x00,0x04,0x00,0x3E,0x00,0x3C,0x00,0x00,0x00,0x09,
    0x00,0x00,0x00,0x07,0x00,0x00,0xA4,0x55,0x00,0x00,0x00,0x09,0x00,0x00,0x00,0x01,0x00,0x3E,0x00,0x3A,0x00,0x00,0x00,0x09,
    0x00,0x00,0x00,0x14,0x00,0x3E,0x00,0x2C,0x00,0x00,0x00,0x69,0x00,0x00,0x00,0x0F,0x53,0x70,0x65,0x63,0x69,0x61,0x6C,0x46,
    0x75,0x6E,0x63,0x74,0x69,0x6F,0x6E,0x20,0x43,0x69,0x6E,0x65,0x6D,0x61,0x74,0x69,0x63,0x20,0x53,0x6B,0x69,0x70,0x00,0x00,
    0x00,0x00,0x00,0x00,0x00,0x00,0x00,0x00,0x00,0x00,0x00,0x00,0x00,0x00,0x00,0x00,0x00,0x00,0x00,0x00,0x00,0x00,0x00,0x00,
    0x00,0x00,0x0F,0x00,0x00,0x00,0x00,0x00,0x00,0x00,0x00,0x00,0x00,0x00,0x00,0x00,0xFF,0xFF,0xFF,0xFF,0xFF,0xFF,0xFF,0xFF,
    0x00,0x00,0x00,0x00,0x01,0x00,0x00,0x00,0x00,0xFF,0xFF,0xFF,0xFF,0xFF,0xFF,0xFF,0xFF,0xFF,0xFF,0xFF,0xFF,0x05,0x00,0x3A,
    0x00,0x3E,0x00,0x0C,0x00,0x07,0x00,0x00,0x00,0x09,0x00,0x00,0x00,0x01,0x00,0x0A,0x2C,0x2A,0x00,0x00,0x00,0x09,0x00,0x00,
    0x00,0x07,0x00,0x00,0xA4,0x55,0x00,0x00,0x00,0x09,0x00,0x00,0x00,0x08,0x00,0x3E,0x00,0x28,0x00,0x00,0x00,0x09,0x00,0x00,
    0x00,0x04,0x00,0x3E,0x00,0x1B,0x00,0x00,0x00,0x09,0x00,0x00,0x00,0x04,0x00,0x3E,0x00,0x21,0x00,0x00,0x00,0x09,0x00,0x00,
    0x00,0x04,0x00,0x3E,0x00,0x58,0x00,0x00,0x00,0x09,0x00,0x00,0x00,0x05,0x00,0x3E,0x00,0x3F,0x00,0x00,0x00,0x69,0x00,0x00,
    0x00,0x0F,0x53,0x70,0x65,0x63,0x69,0x61,0x6C,0x46,0x75,0x6E,0x63,0x74,0x69,0x6F,0x6E,0x20,0x43,0x69,0x6E,0x65,0x6D,0x61,
    0x74,0x69,0x63,0x20,0x53,0x6B,0x69,0x70,0x00,0x00,0x00,0x00,0x00,0x00,0x00,0x00,0x00,0x00,0x00,0x00,0x00,0x00,0x00,0x00,
    0x00,0x00,0x00,0x00,0x00,0x00,0x00,0x00,0x00,0x00,0x00,0x00,0x0F,0x00,0x00,0x00,0x00,0x00,0x00,0x00,0x00,0x00,0x00,0x00,
    0x00,0x00,0xFF,0xFF,0xFF,0xFF,0xFF,0xFF,0xFF,0xFF,0x00,0x00,0x00,0x00,0x01,0x00,0x00,0x00,0x00,0xFF,0xFF,0xFF,0xFF,0xFF,
    0xFF,0xFF,0xFF,0xFF,0xFF,0xFF,0xFF,0x05,0x00,0x0C,0x00,0x0A,0x2C,0x2A,0x00,0x05,0x00,0x00,0x00,0x00,0x00,0x00,0x00,0x0D,
    0x00,0x54,0xC5,0x63,0x00,0x00,0x00,0x05,0x00,0x00,0x00,0x0D,0x00,0x3E,0x00,0x19,0x00,0x00,0x00,0x05,0x00,0x00,0x00,0x05,
    0x00,0x00,0xA4,0x55,0x00,0x00,0x00,0x05,0x00,0x00,0x00,0x0D,0x00,0x3E,0x00,0x49,0x00,0x00,0x00,0x05,0x00,0x00,0x00,0x0D,
    0x00,0x3E,0x00,0x29,0x00,0x00,0x00,0x33,0x00,0x00,0x00,0x0F,0x48,0x6F,0x6C,0x64,0x00,0x00,0x00,0x00,0x00,0x00,0x00,0x00,
    0x00,0x00,0x00,0x00,0x00,0x00,0x00,0x00,0x00,0x00,0x00,0x00,0x00,0x00,0x00,0x00,0x00,0x00,0x40,0xE0,0x00,0x00,0x00,0x00,
    0x00,0x00,0x01,0x00,0x00,0x42,0x8C,0x00,0x00,0x01,0x00,0x05,0x00,0x18,0x00,0x00,0xA4,0x55,0x00,0x00,0x00,0x00,0x00,0x3C,
    0x00,0x00,0x00,0x0A,0x48,0x6F,0x6C,0x64,0x20,0x42,0x6C,0x61,0x63,0x6B,0x00,0x01,0x00,0x00,0x00,0x01,0x00,0x00,0x00,0x00,
    0x00,0x00,0x00,0x02,0x00,0x00,0x00,0x00,0x00,0x00,0x00,0x00,0x00,0x00,0x00,0x00,0x00,0x00,0x00,0x00,0x3F,0x80,0x00,0x00,
    0x00,0x00,0x00,0x00,0x3F,0x00,0x00,0x00,0xFF,0xFF,0xFF,0xFF,0x05,0x00,0x05,0x00,0x18,0x00,0x55,0x00,0x01,0x00,0x00,0x00,
    0x09,0x00,0x00,0x00,0x08,0x00,0x3E,0x00,0x18,0x00,0x00,0x00,0x2B,0x00,0x00,0x00,0x06,0x43,0x75,0x74,0x73,0x63,0x65,0x6E,
    0x65,0x20,0x53,0x6B,0x69,0x70,0x20,0x32,0x20,0x46,0x72,0x61,0x6D,0x65,0x20,0x44,0x65,0x6C,0x61,0x79,0x00,0x3C,0xA3,0xD7,
    0x0A,0x00,0x00,0x00,0x00,0x00,0x00,0x01,0x05,0x00,0x05,0x00,0x0A,0x2B,0xBB,0x00,0x01,0x00,0x00,0x00,0x09,0x00,0x00,0x00,
    0x04,0x00,0x0A,0x2C,0x2A,0x00,0x00,0x00,0x1A,0x00,0x00,0x00,0x06,0x4C,0x6F,0x61,0x64,0x20,0x54,0x69,0x6D,0x65,0x72,0x00,
    0x3A,0x83,0x12,0x6F,0x00,0x00,0x00,0x00,0x01,0x01,0x00,0x03,0x00,0x3E,0x00,0x1A,0x00,0x00,0x00,0x00,0x00,0x00,0x00,0x07,
    0x00,0x3E,0x00,0x3F,0x03,0x00,0x3E,0x00,0x1A,0x00,0x00,0x00,0x00,0x00,0x00,0x00,0x01,0x00,0x3E,0x00,0x1B,0x03,0x00,0x3E,
    0x00,0x1A,0x00,0x00,0x00,0x00,0x00,0x00,0x00,0x14,0x00,0x3E,0x00,0x4C,0x03,0x00,0x3E,0x00,0x21,0x00,0x00,0x00,0x05,0x00,
    0x00,0x00,0x04,0x00,0x3E,0x00,0x1B,0x03,0x00,0x3E,0x00,0x21,0x00,0x00,0x00,0x05,0x00,0x00,0x00,0x05,0x00,0x3E,0x00,0x3F,
    0x03,0x00,0x3E,0x00,0x21,0x00,0x00,0x00,0x05,0x00,0x00,0x00,0x0D,0x00,0x3E,0x00,0x49,0x03,0x00,0x3E,0x00,0x21,0x00,0x00,
    0x00,0x05,0x00,0x00,0x00,0x0D,0x00,0x3E,0x00,0x29,0x04,0x00,0x3E,0x00,0x01,0x00,0x00,0x00,0x07,0x00,0x00,0x00,0x01,0x00,
    0x0A,0x2B,0xBB,0x04,0x00,0x3E,0x00,0x19,0x00,0x00,0x00,0x09,0x00,0x00,0x00,0x05,0x00,0x3E,0x00,0x0C,0x04,0x00,0x3E,0x00,
    0x19,0x00,0x00,0x00,0x09,0x00,0x00,0x00,0x04,0x00,0x3E,0x00,0x1B,0x04,0x00,0x3E,0x00,0x19,0x00,0x00,0x00,0x09,0x00,0x00,
    0x00,0x05,0x00,0x3E,0x00,0x3F,0x04,0x00,0x3E,0x00,0x19,0x00,0x00,0x00,0x09,0x00,0x00,0x00,0x0D,0x00,0x3E,0x00,0x49,0x04,
    0x00,0x3E,0x00,0x19,0x00,0x00,0x00,0x09,0x00,0x00,0x00,0x0D,0x00,0x3E,0x00,0x29,0x04,0x00,0x3E,0x00,0x1F,0x00,0x00,0x00,
    0x09,0x00,0x00,0x00,0x07,0x00,0x3E,0x00,0x0C,0x04,0x00,0x3E,0x00,0x1F,0x00,0x00,0x00,0x09,0x00,0x00,0x00,0x07,0x00,0x3E,
    0x00,0x3F,0x04,0x00,0x3E,0x00,0x1F,0x00,0x00,0x00,0x09,0x00,0x00,0x00,0x01,0x00,0x3E,0x00,0x1B,0x04,0x00,0x3E,0x00,0x1F,
    0x00,0x00,0x00,0x09,0x00,0x00,0x00,0x14,0x00,0x3E,0x00,0x4C,0x04,0x00,0x3E,0x00,0x21,0x00,0x00,0x00,0x05,0x00,0x00,0x00,
    0x0D,0x00,0x3E,0x00,0x19,0x04,0x00,0x3E,0x00,0x37,0x00,0x00,0x00,0x09,0x00,0x00,0x00,0x07,0x00,0x3E,0x00,0x05,0x04,0x00,
    0x3E,0x00,0x38,0x00,0x00,0x00,0x09,0x00,0x00,0x00,0x05,0x00,0x3E,0x00,0x05,0x06,0x00,0x3E,0x00,0x20,0x05,0x00,0x15,0x00,
    0x08,0x00,0x90,0x00,0x05,0x00,0x00,0x00,0x00,0x00,0x00,0x00,0x01,0x00,0x09,0x00,0x34,0x00,0x00,0x00,0x00,0x00,0x00,0x00,
    0x01,0x00,0x09,0x00,0x33,0x00,0x00,0x00,0x00,0x00,0x00,0x00,0x07,0x00,0x09,0x00,0x3B,0x00,0x00,0x00,0x00,0x00,0x00,0x00,
    0x05,0x00,0x08,0x00,0x0F,0x00,0x00,0x00,0x00,0x00,0x00,0x00,0x07,0x00,0x09,0x00,0x0A,0x00,0x00,0x00,0x1B,0x00,0x00,0x00,
    0x02,0x45,0x6E,0x74,0x72,0x79,0x20,0x43,0x69,0x6E,0x65,0x6D,0x61,0x74,0x69,0x63,0x20,0x53,0x74,0x61,0x72,0x74,0x00,0x00,
    0x05,0x00,0x15,0x00,0x09,0x00,0x09,0x00,0x05,0x00,0x00,0x00,0x09,0x00,0x00,0x00,0x04,0x00,0x09,0x00,0x32,0x00,0x00,0x00,
    0x09,0x00,0x00,0x00,0x05,0x00,0x09,0x00,0x3B,0x00,0x00,0x00,0x09,0x00,0x00,0x00,0x0E,0x00,0x09,0x00,0x13,0x00,0x00,0x00,
    0x09,0x00,0x00,0x00,0x0D,0x00,0x09,0x00,0x80,0x00,0x00,0x00,0x09,0x00,0x00,0x00,0x05,0x00,0x09,0x00,0x0A,0x00,0x00,0x00,
    0x18,0x00,0x00,0x00,0x02,0x45,0x6E,0x74,0x72,0x79,0x20,0x43,0x75,0x74,0x73,0x63,0x65,0x6E,0x65,0x20,0x45,0x6E,0x64,0x00,
    0x01,0x05,0x00,0x15,0x00,0x09,0x00,0x10,0x00,0x03,0x00,0x00,0x00,0x09,0x00,0x00,0x00,0x05,0x00,0x09,0x00,0x29,0x00,0x00,
    0x00,0x09,0x00,0x00,0x00,0x05,0x00,0x09,0x00,0x0F,0x00,0x00,0x00,0x09,0x00,0x00,0x00,0x05,0x00,0x09,0x00,0x0E,0x00,0x00,
    0x00,0x1C,0x00,0x00,0x00,0x02,0x45,0x78,0x6F,0x20,0x44,0x65,0x61,0x74,0x68,0x20,0x43,0x75,0x74,0x73,0x63,0x65,0x6E,0x65,
    0x20,0x45,0x6E,0x64,0x00,0x01,0x05,0x00,0x3A,0x00,0x09,0x00,0x0A,0x00,0x05,0x00,0x00,0x00,0x09,0x00,0x00,0x00,0x0D,0x00,
    0x09,0x00,0x09,0x00,0x00,0x00,0x09,0x00,0x00,0x00,0x0E,0x00,0x09,0x00,0x0B,0x00,0x00,0x00,0x09,0x00,0x00,0x00,0x04,0x00,
    0x09,0x00,0x33,0x00,0x00,0x00,0x09,0x00,0x00,0x00,0x04,0x00,0x09,0x00,0x32,0x00,0x00,0x00,0x09,0x00,0x00,0x00,0x0D,0x00,
    0x09,0x00,0x43,0x00,0x00,0x00,0x5F,0x00,0x00,0x00,0x0F,0x45,0x6E,0x74,0x72,0x79,0x20,0x43,0x69,0x6E,0x65,0x6D,0x61,0x74,
    0x69,0x63,0x20,0x53,0x6B,0x69,0x70,0x00,0x00,0x00,0x00,0x00,0x00,0x00,0x00,0x00,0x00,0x00,0x00,0x00,0x00,0x00,0x00,0x00,
    0x00,0x00,0x00,0x00,0x00,0x00,0x00,0x00,0x00,0x00,0x00,0x0F,0x00,0x00,0x00,0x00,0x00,0x00,0x00,0x00,0x00,0x00,0x00,0x00,
    0x00,0xFF,0xFF,0xFF,0xFF,0xFF,0xFF,0xFF,0xFF,0x00,0x00,0x00,0x00,0x01,0x00,0x00,0x00,0x00,0xFF,0xFF,0xFF,0xFF,0xFF,0xFF,
    0xFF,0xFF,0xFF,0xFF,0xFF,0xFF,0x05,0x00,0x3A,0x00,0x09,0x00,0x0E,0x00,0x02,0x00,0x00,0x00,0x09,0x00,0x00,0x00,0x0D,0x00,
    0x09,0x00,0x10,0x00,0x00,0x00,0x09,0x00,0x00,0x00,0x04,0x00,0x09,0x00,0x13,0x00,0x00,0x00,0x63,0x00,0x00,0x00,0x0F,0x45,
    0x78,0x6F,0x20,0x44,0x65,0x61,0x74,0x68,0x20,0x43,0x69,0x6E,0x65,0x6D,0x61,0x74,0x69,0x63,0x20,0x53,0x6B,0x69,0x70,0x00,
    0x00,0x00,0x00,0x00,0x00,0x00,0x00,0x00,0x00,0x00,0x00,0x00,0x00,0x00,0x00,0x00,0x00,0x00,0x00,0x00,0x00,0x00,0x00,0x00,
    0x00,0x00,0x00,0x0F,0x00,0x00,0x00,0x00,0x00,0x00,0x00,0x00,0x00,0x00,0x00,0x00,0x00,0xFF,0xFF,0xFF,0xFF,0xFF,0xFF,0xFF,
    0xFF,0x00,0x00,0x00,0x00,0x01,0x00,0x00,0x00,0x00,0xFF,0xFF,0xFF,0xFF,0xFF,0xFF,0xFF,0xFF,0xFF,0xFF,0xFF,0xFF,0x05,0x00,
    0x3A,0x00,0x09,0x00,0x0F,0x00,0x00,0x00,0x00,0x00,0x5A,0x00,0x00,0x00,0x0F,0x42,0x6F,0x73,0x73,0x20,0x48,0x65,0x61,0x6C,
    0x74,0x68,0x20,0x42,0x61,0x72,0x00,0x00,0x00,0x00,0x00,0x00,0x00,0x00,0x00,0x00,0x00,0x00,0x00,0x00,0x00,0x00,0x00,0x00,
    0x00,0x00,0x00,0x00,0x00,0x00,0x00,0x00,0x00,0x00,0x0C,0x00,0x00,0x00,0x00,0x00,0x00,0x00,0x00,0x00,0x00,0x00,0x00,0x00,
    0xFF,0xFF,0xFF,0xFF,0xFF,0xFF,0xFF,0xFF,0x00,0x00,0x00,0x00,0x01,0x00,0x00,0x00,0x00,0xFF,0xFF,0xFF,0xFF,0xFF,0xFF,0xFF,
    0xFF,0xFF,0xFF,0xFF,0xFF,0x05,0x00,0x05,0x00,0x09,0x00,0x0B,0x00,0x01,0x00,0x00,0x00,0x09,0x00,0x00,0x00,0x0E,0x00,0x09,
    0x00,0x13,0x00,0x00,0x00,0x19,0x00,0x00,0x00,0x06,0x52,0x65,0x73,0x65,0x74,0x20,0x45,0x78,0x6F,0x00,0x3F,0x00,0x00,0x00,
    0x00,0x00,0x00,0x00,0x00,0x00,0x01,0x03,0x00,0x09,0x00,0x28,0x00,0x00,0x00,0x00,0x00,0x00,0x00,0x07,0x00,0x09,0x00,0x29,
    0x03,0x00,0x09,0x00,0x28,0x00,0x00,0x00,0x05,0x00,0x00,0x00,0x05,0x00,0x09,0x00,0x29,0x03,0x00,0x09,0x00,0x28,0x00,0x00,
    0x00,0x05,0x00,0x00,0x00,0x0D,0x00,0x09,0x00,0x2B,0x03,0x00,0x09,0x00,0x34,0x00,0x00,0x00,0x00,0x00,0x00,0x00,0x07,0x00,
    0x09,0x00,0x3B,0x03,0x00,0x09,0x00,0x35,0x00,0x00,0x00,0x05,0x00,0x00,0x00,0x04,0x00,0x09,0x00,0x32,0x03,0x00,0x09,0x00,
    0x35,0x00,0x00,0x00,0x05,0x00,0x00,0x00,0x05,0x00,0x09,0x00,0x3B,0x03,0x00,0x09,0x00,0x35,0x00,0x00,0x00,0x05,0x00,0x00,
    0x00,0x0E,0x00,0x09,0x00,0x13,0x03,0x00,0x09,0x00,0x35,0x00,0x00,0x00,0x05,0x00,0x00,0x00,0x0D,0x00,0x09,0x00,0x80,0x04,
    0x00,0x09,0x00,0x22,0x00,0x00,0x00,0x09,0x00,0x00,0x00,0x07,0x00,0x09,0x00,0x29,0x04,0x00,0x09,0x00,0x22,0x00,0x00,0x00,
    0x09,0x00,0x00,0x00,0x07,0x00,0x09,0x00,0x0E,0x04,0x00,0x09,0x00,0x28,0x00,0x00,0x00,0x05,0x00,0x00,0x00,0x0D,0x00,0x09,
    0x00,0x10,0x04,0x00,0x09,0x00,0x35,0x00,0x00,0x00,0x05,0x00,0x00,0x00,0x0D,0x00,0x09,0x00,0x09,0x05,0x00,0x15,0x00,0x2D,
    0x42,0x5E,0x00,0x04,0x00,0x00,0x00,0x09,0x00,0x00,0x00,0x07,0x00,0x1E,0x00,0x21,0x00,0x00,0x00,0x09,0x00,0x00,0x00,0x01,
    0x00,0x1E,0x01,0xE4,0x00,0x00,0x00,0x09,0x00,0x00,0x00,0x07,0x00,0x1E,0x01,0xE5,0x00,0x00,0x00,0x09,0x00,0x00,0x00,0x07,
    0x00,0x1E,0x02,0xA6,0x00,0x00,0x00,0x1B,0x00,0x00,0x00,0x02,0x52,0x65,0x6C,0x61,0x79,0x2D,0x73,0x74,0x61,0x72,0x74,0x20,
    0x6F,0x66,0x20,0x63,0x69,0x6E,0x65,0x6D,0x61,0x00,0x01,0x05,0x00,0x15,0x00,0x1E,0x00,0x20,0x00,0x02,0x00,0x00,0x00,0x09,
    0x00,0x00,0x00,0x05,0x00,0x1E,0x00,0x21,0x00,0x00,0x00,0x09,0x00,0x00,0x00,0x05,0x00,0x1E,0x01,0xE5,0x00,0x00,0x00,0x19,
    0x00,0x00,0x00,0x02,0x52,0x65,0x6C,0x61,0x79,0x2D,0x65,0x6E,0x64,0x20,0x6F,0x66,0x20,0x63,0x69,0x6E,0x65,0x6D,0x61,0x00,
    0x01,0x05,0x00,0x3A,0x00,0x1E,0x00,0x21,0x00,0x04,0x00,0x00,0x00,0x09,0x00,0x00,0x00,0x0D,0x00,0x1E,0x00,0x20,0x00,0x00,
    0x00,0x09,0x00,0x00,0x00,0x04,0x00,0x1E,0x01,0xE4,0x00,0x00,0x00,0x09,0x00,0x00,0x00,0x0F,0x00,0x1E,0x02,0x8A,0x00,0x00,
    0x00,0x09,0x00,0x00,0x00,0x0D,0x00,0x1E,0x01,0xDA,0x00,0x00,0x00,0x69,0x00,0x00,0x00,0x0F,0x53,0x70,0x65,0x63,0x69,0x61,
    0x6C,0x46,0x75,0x6E,0x63,0x74,0x69,0x6F,0x6E,0x20,0x43,0x69,0x6E,0x65,0x6D,0x61,0x74,0x69,0x63,0x20,0x53,0x6B,0x69,0x70,
    0x00,0x00,0x00,0x00,0x00,0x00,0x00,0x00,0x00,0x00,0x00,0x00,0x00,0x00,0x00,0x00,0x00,0x00,0x00,0x00,0x00,0x00,0x00,0x00,
    0x00,0x00,0x00,0x00,0x0F,0x00,0x00,0x00,0x00,0x00,0x00,0x00,0x00,0x00,0x00,0x00,0x00,0x00,0xFF,0xFF,0xFF,0xFF,0xFF,0xFF,
    0xFF,0xFF,0x00,0x00,0x00,0x00,0x01,0x00,0x00,0x00,0x00,0xFF,0xFF,0xFF,0xFF,0xFF,0xFF,0xFF,0xFF,0xFF,0xFF,0xFF,0xFF,0x03,
    0x00,0x1E,0x01,0xE4,0x00,0x00,0x00,0x00,0x00,0x00,0x00,0x07,0x00,0x1E,0x01,0xE5,0x03,0x00,0x1E,0x01,0xE4,0x00,0x00,0x00,
    0x05,0x00,0x00,0x00,0x05,0x00,0x1E,0x01,0xE5,0x03,0x00,0x1E,0x01,0xE4,0x00,0x00,0x00,0x00,0x00,0x00,0x00,0x07,0x00,0x1E,
    0x02,0xA6,0x03,0x00,0x1E,0x02,0xA3,0x00,0x00,0x00,0x09,0x00,0x00,0x00,0x01,0x00,0x1E,0x01,0xE4,0x04,0x00,0x1E,0x01,0xE4,
    0x00,0x00,0x00,0x05,0x00,0x00,0x00,0x0D,0x00,0x1E,0x00,0x20,0x04,0x00,0x1E,0x02,0xA3,0x00,0x00,0x00,0x09,0x00,0x00,0x00,
    0x0D,0x00,0x2D,0x42,0x5E,0x05,0x00,0x3A,0x00,0x05,0x00,0x01,0x00,0x35,0x00,0x00,0x00,0x09,0x00,0x00,0x00,0x0D,0x00,0x05,
    0x01,0x26,0x00,0x00,0x00,0x09,0x00,0x00,0x00,0x04,0x00,0x05,0x00,0xFB,0x00,0x00,0x00,0x09,0x00,0x00,0x00,0x04,0x00,0x05,
    0x01,0x00,0x00,0x00,0x00,0x09,0x00,0x00,0x00,0x04,0x00,0x05,0x01,0x0B,0x00,0x00,0x00,0x09,0x00,0x00,0x00,0x04,0x00,0x05,
    0x01,0x15,0x00,0x00,0x00,0x09,0x00,0x00,0x00,0x04,0x00,0x05,0x01,0x1B,0x00,0x00,0x00,0x09,0x00,0x00,0x00,0x04,0x00,0x05,
    0x00,0x11,0x00,0x00,0x00,0x09,0x00,0x00,0x00,0x04,0x00,0x05,0x01,0x3C,0x00,0x00,0x00,0x09,0x00,0x00,0x00,0x04,0x00,0x05,
    0x01,0x36,0x00,0x00,0x00,0x09,0x00,0x00,0x00,0x04,0x00,0x05,0x01,0x3D,0x00,0x00,0x00,0x09,0x00,0x00,0x00,0x05,0x00,0x05,
    0x01,0x09,0x00,0x00,0x00,0x09,0x00,0x00,0x00,0x05,0x00,0x05,0x01,0x46,0x00,0x00,0x00,0x09,0x00,0x00,0x00,0x0D,0x00,0x05,
    0x01,0x40,0x00,0x00,0x00,0x09,0x00,0x00,0x00,0x0F,0x00,0x05,0x01,0x32,0x00,0x00,0x00,0x09,0x00,0x00,0x00,0x04,0x00,0x05,
    0x01,0x08,0x00,0x00,0x00,0x09,0x00,0x00,0x00,0x04,0x00,0x05,0x01,0x0A,0x00,0x00,0x00,0x09,0x00,0x00,0x00,0x04,0x00,0x05,
    0x01,0x19,0x00,0x00,0x00,0x09,0x00,0x00,0x00,0x04,0x00,0x05,0x01,0x06,0x00,0x00,0x00,0x09,0x00,0x00,0x00,0x04,0x00,0x05,
    0x01,0x3B,0x00,0x00,0x00,0x09,0x00,0x00,0x00,0x04,0x00,0x05,0x01,0x38,0x00,0x00,0x00,0x09,0x00,0x00,0x00,0x04,0x00,0x05,
    0x01,0x44,0x00,0x00,0x00,0x09,0x00,0x00,0x00,0x04,0x00,0x05,0x01,0x49,0x00,0x00,0x00,0x09,0x00,0x00,0x00,0x04,0x00,0x05,
    0x01,0x4B,0x00,0x00,0x00,0x09,0x00,0x00,0x00,0x04,0x00,0x05,0x01,0x4C,0x00,0x00,0x00,0x09,0x00,0x00,0x00,0x04,0x00,0x05,
    0x01,0x4A,0x00,0x00,0x00,0x09,0x00,0x00,0x00,0x04,0x00,0x05,0x01,0x4D,0x00,0x00,0x00,0x09,0x00,0x00,0x00,0x0F,0x00,0x05,
    0x01,0x54,0x00,0x00,0x00,0x09,0x00,0x00,0x00,0x0F,0x00,0x05,0x01,0x58,0x00,0x00,0x00,0x09,0x00,0x00,0x00,0x0F,0x00,0x05,
    0x01,0x59,0x00,0x00,0x00,0x09,0x00,0x00,0x00,0x0F,0x00,0x05,0x01,0x5A,0x00,0x00,0x00,0x09,0x00,0x00,0x00,0x0F,0x00,0x05,
    0x01,0x5B,0x00,0x00,0x00,0x09,0x00,0x00,0x00,0x0F,0x00,0x05,0x01,0x5C,0x00,0x00,0x00,0x09,0x00,0x00,0x00,0x0F,0x00,0x05,
    0x01,0x78,0x00,0x00,0x00,0x09,0x00,0x00,0x00,0x0F,0x00,0x05,0x01,0x71,0x00,0x00,0x00,0x09,0x00,0x00,0x00,0x0F,0x00,0x05,
    0x01,0x53,0x00,0x00,0x00,0x09,0x00,0x00,0x00,0x0F,0x00,0x05,0x01,0x5D,0x00,0x00,0x00,0x09,0x00,0x00,0x00,0x10,0x00,0x05,
    0x01,0x39,0x00,0x00,0x00,0x09,0x00,0x00,0x00,0x10,0x00,0x05,0x01,0x47,0x00,0x00,0x00,0x09,0x00,0x00,0x00,0x10,0x00,0x05,
    0x01,0x07,0x00,0x00,0x00,0x09,0x00,0x00,0x00,0x10,0x00,0x05,0x01,0x37,0x00,0x00,0x00,0x09,0x00,0x00,0x00,0x10,0x00,0x05,
    0x01,0x3A,0x00,0x00,0x00,0x09,0x00,0x00,0x00,0x10,0x00,0x05,0x01,0x45,0x00,0x00,0x00,0x09,0x00,0x00,0x00,0x10,0x00,0x05,
    0x01,0x52,0x00,0x00,0x00,0x09,0x00,0x00,0x00,0x10,0x00,0x05,0x01,0x4E,0x00,0x00,0x00,0x09,0x00,0x00,0x00,0x10,0x00,0x05,
    0x01,0x4F,0x00,0x00,0x00,0x09,0x00,0x00,0x00,0x10,0x00,0x05,0x01,0x50,0x00,0x00,0x00,0x09,0x00,0x00,0x00,0x10,0x00,0x05,
    0x01,0x51,0x00,0x00,0x00,0x09,0x00,0x00,0x00,0x10,0x00,0x05,0x01,0x79,0x00,0x00,0x00,0x09,0x00,0x00,0x00,0x10,0x00,0x05,
    0x01,0x5F,0x00,0x00,0x00,0x09,0x00,0x00,0x00,0x10,0x00,0x05,0x01,0x72,0x00,0x00,0x00,0x09,0x00,0x00,0x00,0x10,0x00,0x05,
    0x01,0x73,0x00,0x00,0x00,0x09,0x00,0x00,0x00,0x10,0x00,0x05,0x01,0x74,0x00,0x00,0x00,0x09,0x00,0x00,0x00,0x10,0x00,0x05,
    0x01,0x5E,0x00,0x00,0x00,0x69,0x00,0x00,0x00,0x0F,0x53,0x70,0x65,0x63,0x69,0x61,0x6C,0x46,0x75,0x6E,0x63,0x74,0x69,0x6F,
    0x6E,0x20,0x43,0x69,0x6E,0x65,0x6D,0x61,0x74,0x69,0x63,0x20,0x53,0x6B,0x69,0x70,0x00,0x00,0x00,0x00,0x00,0x00,0x00,0x00,
    0x00,0x00,0x00,0x00,0x00,0x00,0x00,0x00,0x00,0x00,0x00,0x00,0x00,0x00,0x00,0x00,0x00,0x00,0x00,0x00,0x0F,0x00,0x00,0x00,
    0x00,0x00,0x00,0x00,0x00,0x00,0x00,0x00,0x00,0x00,0xFF,0xFF,0xFF,0xFF,0xFF,0xFF,0xFF,0xFF,0x00,0x00,0x00,0x00,0x01,0x00,
    0x00,0x00,0x00,0xFF,0xFF,0xFF,0xFF,0xFF,0xFF,0xFF,0xFF,0xFF,0xFF,0xFF,0xFF,0x03,0x00,0x05,0x01,0x1B,0x00,0x00,0x00,0x05,
    0x00,0x00,0x00,0x0D,0x00,0x05,0x01,0x23,0x03,0x00,0x05,0x01,0x1B,0x00,0x00,0x00,0x05,0x00,0x00,0x00,0x04,0x00,0x05,0x01,
    0x3E,0x03,0x00,0x05,0x01,0x1B,0x00,0x00,0x00,0x05,0x00,0x00,0x00,0x07,0x00,0x05,0x00,0x8D,0x03,0x00,0x05,0x01,0x1B,0x00,
    0x00,0x00,0x05,0x00,0x00,0x00,0x07,0x00,0x05,0x00,0x90,0x04,0x00,0x05,0x00,0xFC,0x00,0x00,0x00,0x09,0x00,0x00,0x00,0x07,
    0x00,0x05,0x00,0x01,0x04,0x00,0x05,0x01,0x26,0x00,0x00,0x00,0x09,0x00,0x00,0x00,0x05,0x00,0x05,0x00,0x01,0x04,0x00,0x05,
    0x01,0x26,0x00,0x00,0x00,0x09,0x00,0x00,0x00,0x0D,0x00,0x05,0x01,0x23,0x04,0x00,0x05,0x01,0x26,0x00,0x00,0x00,0x09,0x00,
    0x00,0x00,0x05,0x00,0x05,0x00,0xFA,0x04,0x00,0x05,0x01,0x26,0x00,0x00,0x00,0x09,0x00,0x00,0x00,0x04,0x00,0x05,0x01,0x3E,
    0x04,0x00,0x05,0x01,0x26,0x00,0x00,0x00,0x09,0x00,0x00,0x00,0x07,0x00,0x05,0x00,0x8D,0x04,0x00,0x05,0x01,0x26,0x00,0x00,
    0x00,0x09,0x00,0x00,0x00,0x07,0x00,0x05,0x00,0x90,0x05,0x00,0x15,0x00,0x00,0x00,0x0C,0x00,0x01,0x00,0x00,0x00,0x09,0x00,
    0x00,0x00,0x05,0x00,0x00,0x00,0x04,0x00,0x00,0x00,0x1F,0x00,0x00,0x00,0x02,0x44,0x65,0x63,0x72,0x65,0x6D,0x65,0x6E,0x74,
    0x20,0x45,0x6E,0x74,0x65,0x72,0x20,0x53,0x68,0x69,0x70,0x20,0x53,0x6B,0x69,0x70,0x00,0x01,0x05,0x00,0x15,0x00,0x00,0x00,
    0x09,0x00,0x01,0x00,0x00,0x00,0x09,0x00,0x00,0x00,0x13,0x00,0x00,0x02,0x16,0x00,0x00,0x00,0x21,0x00,0x00,0x00,0x02,0x53,
    0x61,0x76,0x65,0x20,0x53,0x74,0x61,0x74,0x69,0x6F,0x6E,0x20,0x69,0x73,0x20,0x43,0x6C,0x6F,0x73,0x65,0x64,0x20,0x53,0x6B,
    0x69,0x70,0x00,0x01,0x05,0x00,0x3A,0x00,0x00,0x00,0x04,0x00,0x09,0x00,0x00,0x00,0x09,0x00,0x00,0x00,0x01,0x00,0x00,0x00,
    0x05,0x00,0x00,0x00,0x09,0x00,0x00,0x00,0x0F,0x00,0x00,0x01,0xF6,0x00,0x00,0x00,0x09,0x00,0x00,0x00,0x0D,0x00,0x00,0x00,
    0x0C,0x00,0x00,0x00,0x09,0x00,0x00,0x00,0x0B,0x00,0x00,0x00,0x08,0x00,0x00,0x00,0x09,0x00,0x00,0x00,0x04,0x00,0x00,0x01,
    0xCE,0x00,0x00,0x00,0x09,0x00,0x00,0x00,0x01,0x00,0x00,0x00,0x05,0x00,0x00,0x00,0x09,0x00,0x00,0x00,0x04,0x00,0x00,0x01,
    0xD8,0x00,0x00,0x00,0x09,0x00,0x00,0x00,0x0F,0x00,0x00,0x01,0xE3,0x00,0x00,0x00,0x09,0x00,0x00,0x00,0x13,0x00,0x00,0x00,
    0x07,0x00,0x00,0x00,0x6A,0x00,0x00,0x00,0x0F,0x53,0x70,0x65,0x63,0x69,0x61,0x6C,0x46,0x75,0x6E,0x63,0x74,0x69,0x6F,0x6E,
    0x20,0x45,0x6E,0x74,0x65,0x72,0x20,0x53,0x68,0x69,0x70,0x20,0x53,0x6B,0x69,0x70,0x00,0x00,0x00,0x00,0x00,0x00,0x00,0x00,
    0x00,0x00,0x00,0x00,0x00,0x00,0x00,0x00,0x00,0x00,0x00,0x00,0x00,0x00,0x00,0x00,0x00,0x00,0x00,0x00,0x0F,0x00,0x00,0x00,
    0x00,0x00,0x00,0x00,0x00,0x00,0x00,0x00,0x00,0x00,0xFF,0xFF,0xFF,0xFF,0xFF,0xFF,0xFF,0xFF,0x00,0x00,0x00,0x00,0x01,0x00,
    0x00,0x00,0x00,0xFF,0xFF,0xFF,0xFF,0xFF,0xFF,0xFF,0xFF,0xFF,0xFF,0xFF,0xFF,0x05,0x00,0x0C,0x00,0x00,0x00,0x05,0x00,0x08,
    0x00,0x00,0x00,0x05,0x00,0x00,0x00,0x0D,0x00,0x00,0x01,0xD7,0x00,0x00,0x00,0x05,0x00,0x00,0x00,0x04,0x00,0x00,0x01,0xCE,
    0x00,0x00,0x00,0x05,0x00,0x00,0x00,0x05,0x00,0x00,0x01,0xDD,0x00,0x00,0x00,0x05,0x00,0x00,0x00,0x05,0x00,0x00,0x01,0xE2,
    0x00,0x00,0x00,0x00,0x00,0x00,0x00,0x0B,0x00,0x00,0x00,0x0D,0x00,0x00,0x00,0x10,0x00,0x00,0x00,0x01,0x00,0x00,0x01,0xDE,
    0x00,0x00,0x00,0x0F,0x00,0x00,0x00,0x01,0x00,0x00,0x01,0xF9,0x00,0x00,0x00,0x00,0x00,0x00,0x00,0x0B,0x00,0x00,0x00,0x0D,
    0x00,0x00,0x00,0x49,0x00,0x00,0x00,0x0F,0x43,0x69,0x6E,0x65,0x6D,0x61,0x74,0x69,0x63,0x20,0x43,0x61,0x6D,0x65,0x72,0x61,
    0x20,0x53,0x61,0x76,0x65,0x20,0x53,0x6B,0x69,0x70,0x00,0xC3,0xB7,0x6D,0x0B,0x43,0xBB,0xBC,0x39,0xC1,0xAB,0x32,0xEA,0x41,
    0x37,0xD9,0x89,0x00,0x00,0x00,0x00,0x41,0x96,0x13,0x76,0x00,0x40,0x90,0x00,0x00,0x00,0x00,0x01,0x00,0x01,0x00,0x00,0x42,
    0xF0,0x00,0x00,0x01,0x01,0x05,0x00,0x1D,0x00,0x00,0x00,0x07,0x00,0x01,0x00,0x00,0x00,0x12,0x00,0x00,0x00,0x14,0x00,0x00,
    0x01,0x41,0x00,0x00,0x00,0x26,0x00,0x00,0x00,0x07,0x53,0x68,0x69,0x70,0x20,0x43,0x6C,0x6F,0x73,0x65,0x20,0x53,0x6B,0x69,
    0x70,0x00,0x00,0x00,0x00,0x00,0x00,0x00,0x00,0x00,0x00,0x01,0x00,0x00,0x00,0x00,0x42,0xC8,0x00,0x00,0x05,0x00,0x05,0x00,
    0x00,0x00,0x08,0x00,0x08,0x00,0x00,0x00,0x09,0x00,0x00,0x00,0x0B,0x00,0x00,0x02,0xBC,0x00,0x00,0x00,0x09,0x00,0x00,0x00,
    0x04,0x00,0x00,0x01,0xF5,0x00,0x00,0x00,0x09,0x00,0x00,0x00,0x0B,0x00,0x00,0x02,0x12,0x00,0x00,0x00,0x09,0x00,0x00,0x00,
    0x13,0x00,0x00,0x01,0xD1,0x00,0x00,0x00,0x09,0x00,0x00,0x00,0x13,0x00,0x00,0x02,0x45,0x00,0x00,0x00,0x09,0x00,0x00,0x00,
    0x13,0x00,0x00,0x02,0x77,0x00,0x00,0x00,0x09,0x00,0x00,0x00,0x07,0x00,0x00,0x02,0x73,0x00,0x00,0x00,0x09,0x00,0x00,0x00,
    0x04,0x00,0x00,0x01,0xCF,0x00,0x00,0x00,0x1F,0x00,0x00,0x00,0x06,0x53,0x61,0x76,0x65,0x20,0x53,0x6B,0x69,0x70,0x20,0x44,
    0x65,0x6C,0x61,0x79,0x00,0x3C,0xA3,0xD7,0x0A,0x00,0x00,0x00,0x00,0x00,0x00,0x01,0x05,0x00,0x05,0x00,0x00,0x00,0x0D,0x00,
    0x02,0x00,0x00,0x00,0x09,0x00,0x00,0x00,0x07,0x00,0x00,0x01,0xE2,0x00,0x00,0x00,0x09,0x00,0x00,0x00,0x14,0x00,0x00,0x01,
    0xEA,0x00,0x00,0x00,0x24,0x00,0x00,0x00,0x06,0x54,0x69,0x6D,0x65,0x72,0x20,0x53,0x63,0x61,0x6E,0x6C,0x69,0x6E,0x65,0x73,
    0x20,0x53,0x6B,0x69,0x70,0x00,0x40,0x89,0x99,0x9A,0x00,0x00,0x00,0x00,0x00,0x00,0x01,0x05,0x00,0x05,0x00,0x00,0x02,0xBC,
    0x00,0x01,0x00,0x00,0x00,0x09,0x00,0x00,0x00,0x14,0x00,0x00,0x01,0xEF,0x00,0x00,0x00,0x1B,0x00,0x00,0x00,0x06,0x41,0x66,
    0x66,0x69,0x72,0x6D,0x20,0x53,0x6B,0x69,0x70,0x00,0x3D,0xCC,0xCC,0xCD,0x00,0x00,0x00,0x00,0x00,0x00,0x01,0x05,0x00,0x05,
    0x00,0x00,0x02,0xCB,0x00,0x01,0x00,0x00,0x00,0x09,0x00,0x00,0x00,0x07,0x00,0x00,0x02,0x73,0x00,0x00,0x00,0x1B,0x00,0x00,
    0x00,0x06,0x4B,0x65,0x65,0x70,0x20,0x54,0x72,0x79,0x69,0x6E,0x67,0x00,0x3A,0x83,0x12,0x6F,0x00,0x00,0x00,0x00,0x01,0x01,
    0x00,0x04,0x00,0x00,0x01,0xD1,0x00,0x00,0x00,0x09,0x00,0x00,0x00,0x04,0x00,0x00,0x00,0x05,0x04,0x00,0x00,0x01,0xD1,0x00,
    0x00,0x00,0x02,0x00,0x00,0x00,0x04,0x00,0x00,0x00,0x05,0x04,0x00,0x00,0x01,0xD1,0x00,0x00,0x00,0x09,0x00,0x00,0x00,0x10,
    0x00,0x00,0x02,0xBC,0x04,0x00,0x00,0x01,0xD1,0x00,0x00,0x00,0x02,0x00,0x00,0x00,0x10,0x00,0x00,0x02,0xBC,0x04,0x00,0x00,
    0x01,0xD1,0x00,0x00,0x00,0x02,0x00,0x00,0x00,0x0D,0x00,0x00,0x00,0x09,0x04,0x00,0x00,0x01,0xD6,0x00,0x00,0x00,0x09,0x00,
    0x00,0x00,0x07,0x00,0x00,0x00,0x04,0x04,0x00,0x00,0x01,0xD8,0x00,0x00,0x00,0x05,0x00,0x00,0x00,0x04,0x00,0x00,0x02,0xCB,
    0x04,0x00,0x00,0x01,0xF6,0x00,0x00,0x00,0x09,0x00,0x00,0x00,0x01,0x00,0x00,0x02,0xCB,0x04,0x00,0x00,0x01,0xF6,0x00,0x00,
    0x00,0x09,0x00,0x00,0x00,0x05,0x00,0x00,0x00,0x04,0x04,0x00,0x00,0x02,0x07,0x00,0x00,0x00,0x05,0x00,0x00,0x00,0x04,0x00,
    0x00,0x02,0xCB,0x04,0x00,0x00,0x02,0x07,0x00,0x00,0x00,0x00,0x00,0x00,0x00,0x0F,0x00,0x00,0x00,0x0D,0x04,0x00,0x00,0x02,
    0x73,0x00,0x00,0x00,0x09,0x00,0x00,0x00,0x04,0x00,0x00,0x02,0xCB,0x04,0x00,0x00,0x02,0x73,0x00,0x00,0x00,0x09,0x00,0x00,
    0x00,0x04,0x00,0x00,0x00,0x05,0x04,0x00,0x00,0x02,0x73,0x00,0x00,0x00,0x09,0x00,0x00,0x00,0x0F,0x00,0x00,0x01,0xE7,0x04,
    0x00,0x00,0x02,0x73,0x00,0x00,0x00,0x09,0x00,0x00,0x00,0x0F,0x00,0x00,0x01,0xE8,0x04,0x00,0x00,0x02,0x73,0x00,0x00,0x00,
    0x09,0x00,0x00,0x00,0x0F,0x00,0x00,0x01,0xEB,0x04,0x00,0x00,0x02,0x73,0x00,0x00,0x00,0x09,0x00,0x00,0x00,0x0F,0x00,0x00,
    0x00,0x0D,0x05,0x00,0x15,0x00,0x09,0x00,0x01,0x00,0x04,0x00,0x00,0x00,0x09,0x00,0x00,0x00,0x07,0x00,0x09,0x00,0x03,0x00,
    0x00,0x00,0x09,0x00,0x00,0x00,0x07,0x00,0x09,0x27,0x3C,0x00,0x00,0x00,0x09,0x00,0x00,0x00,0x0B,0x00,0x09,0x27,0x47,0x00,
    0x00,0x00,0x09,0x00,0x00,0x00,0x01,0x00,0x09,0x27,0x3D,0x00,0x00,0x00,0x1B,0x00,0x00,0x00,0x02,0x52,0x65,0x6C,0x61,0x79,
    0x2D,0x73,0x74,0x61,0x72,0x74,0x20,0x6F,0x66,0x20,0x63,0x69,0x6E,0x65,0x6D,0x61,0x00,0x01,0x05,0x00,0x15,0x00,0x09,0x00,
    0x02,0x00,0x02,0x00,0x00,0x00,0x09,0x00,0x00,0x00,0x05,0x00,0x09,0x27,0x3C,0x00,0x00,0x00,0x09,0x00,0x00,0x00,0x05,0x00,
    0x09,0x00,0x03,0x00,0x00,0x00,0x19,0x00,0x00,0x00,0x02,0x52,0x65,0x6C,0x61,0x79,0x2D,0x65,0x6E,0x64,0x20,0x6F,0x66,0x20,
    0x63,0x69,0x6E,0x65,0x6D,0x61,0x00,0x01,0x05,0x00,0x15,0x00,0x09,0x00,0x09,0x00,0x02,0x00,0x00,0x00,0x09,0x00,0x00,0x00,
    0x14,0x00,0x09,0x00,0x07,0x00,0x00,0x00,0x09,0x00,0x00,0x00,0x01,0x00,0x09,0x00,0x0B,0x00,0x00,0x00,0x31,0x00,0x00,0x00,
    0x02,0x43,0x75,0x74,0x73,0x63,0x65,0x6E,0x65,0x20,0x53,0x6B,0x69,0x70,0x20,0x50,0x6C,0x61,0x79,0x20,0x49,0x6D,0x70,0x61,
    0x63,0x74,0x20,0x53,0x6F,0x75,0x6E,0x64,0x20,0x61,0x6E,0x64,0x20,0x45,0x66,0x66,0x65,0x63,0x74,0x73,0x00,0x01,0x05,0x00,
    0x3A,0x00,0x09,0x00,0x03,0x00,0x10,0x00,0x00,0x00,0x09,0x00,0x00,0x00,0x0D,0x00,0x09,0x00,0x02,0x00,0x00,0x00,0x09,0x00,
    0x00,0x00,0x04,0x00,0x09,0x27,0x3D,0x00,0x00,0x00,0x09,0x00,0x00,0x00,0x04,0x00,0x09,0x27,0x41,0x00,0x00,0x00,0x09,0x00,
    0x00,0x00,0x10,0x00,0x09,0x00,0x25,0x00,0x00,0x00,0x09,0x00,0x00,0x00,0x0D,0x00,0x09,0x00,0x39,0x00,0x00,0x00,0x09,0x00,
    0x00,0x00,0x04,0x00,0x09,0x00,0x05,0x00,0x00,0x00,0x09,0x00,0x00,0x00,0x01,0x00,0x09,0x28,0x89,0x00,0x00,0x00,0x09,0x00,
    0x00,0x00,0x0D,0x00,0x09,0x28,0x88,0x00,0x00,0x00,0x09,0x00,0x00,0x00,0x0D,0x00,0x09,0x00,0x31,0x00,0x00,0x00,0x09,0x00,
    0x00,0x00,0x04,0x00,0x09,0x00,0x0A,0x00,0x00,0x00,0x09,0x00,0x00,0x00,0x0D,0x00,0x09,0x00,0x09,0x00,0x00,0x00,0x09,0x00,
    0x00,0x00,0x04,0x00,0x09,0x00,0x13,0x00,0x00,0x00,0x09,0x00,0x00,0x00,0x04,0x00,0x09,0x00,0x15,0x00,0x00,0x00,0x09,0x00,
    0x00,0x00,0x04,0x00,0x09,0x00,0x14,0x00,0x00,0x00,0x09,0x00,0x00,0x00,0x10,0x00,0x09,0x00,0x0D,0x00,0x00,0x00,0x09,0x00,
    0x00,0x00,0x0F,0x00,0x09,0x00,0x24,0x00,0x00,0x00,0x69,0x00,0x00,0x00,0x0F,0x53,0x70,0x65,0x63,0x69,0x61,0x6C,0x46,0x75,
    0x6E,0x63,0x74,0x69,0x6F,0x6E,0x20,0x43,0x69,0x6E,0x65,0x6D,0x61,0x74,0x69,0x63,0x20,0x53,0x6B,0x69,0x70,0x00,0x00,0x00,
    0x00,0x00,0x00,0x00,0x00,0x00,0x00,0x00,0x00,0x00,0x00,0x00,0x00,0x00,0x00,0x00,0x00,0x00,0x00,0x00,0x00,0x00,0x00,0x00,
    0x00,0x0F,0x00,0x00,0x00,0x00,0x00,0x00,0x00,0x00,0x00,0x00,0x00,0x00,0x00,0xFF,0xFF,0xFF,0xFF,0xFF,0xFF,0xFF,0xFF,0x00,
    0x00,0x00,0x00,0x01,0x00,0x00,0x00,0x00,0xFF,0xFF,0xFF,0xFF,0xFF,0xFF,0xFF,0xFF,0xFF,0xFF,0xFF,0xFF,0x03,0x00,0x09,0x27,
    0x2E,0x00,0x00,0x00,0x0E,0x00,0x00,0x00,0x01,0x00,0x09,0x27,0x3D,0x03,0x00,0x09,0x27,0x3D,0x00,0x00,0x00,0x00,0x00,0x00,
    0x00,0x07,0x00,0x09,0x27,0x3C,0x03,0x00,0x09,0x27,0x3D,0x00,0x00,0x00,0x00,0x00,0x00,0x00,0x0B,0x00,0x09,0x27,0x47,0x03,
    0x00,0x09,0x27,0x41,0x00,0x00,0x00,0x05,0x00,0x00,0x00,0x05,0x00,0x09,0x27,0x3C,0x04,0x00,0x09,0x00,0x18,0x00,0x00,0x00,
    0x01,0x00,0x00,0x00,0x04,0x00,0x09,0x00,0x09,0x04,0x00,0x09,0x27,0x2E,0x00,0x00,0x00,0x0E,0x00,0x00,0x00,0x0D,0x00,0x09,
    0x00,0x01,0x04,0x00,0x09,0x27,0x41,0x00,0x00,0x00,0x05,0x00,0x00,0x00,0x0D,0x00,0x09,0x00,0x02,0x05,0x00,0x15,0x00,0x27,
    0x00,0x19,0x00,0x03,0x00,0x00,0x00,0x09,0x00,0x00,0x00,0x01,0x00,0x27,0x04,0x73,0x00,0x00,0x00,0x09,0x00,0x00,0x00,0x07,
    0x00,0x27,0x02,0x86,0x00,0x00,0x00,0x09,0x00,0x00,0x00,0x07,0x00,0x27,0x00,0x1A,0x00,0x00,0x00,0x21,0x00,0x00,0x00,0x02,
    0x44,0x6F,0x6F,0x72,0x20,0x52,0x65,0x76,0x65,0x61,0x6C,0x20,0x43,0x69,0x6E,0x65,0x6D,0x61,0x74,0x69,0x63,0x20,0x53,0x74,
    0x61,0x72,0x74,0x00,0x01,0x05,0x00,0x15,0x00,0x27,0x00,0x0D,0x00,0x02,0x00,0x00,0x00,0x09,0x00,0x00,0x00,0x05,0x00,0x27,
    0x02,0x86,0x00,0x00,0x00,0x09,0x00,0x00,0x00,0x05,0x00,0x27,0x00,0x1A,0x00,0x00,0x00,0x1F,0x00,0x00,0x00,0x02,0x44,0x6F,
    0x6F,0x72,0x20,0x52,0x65,0x76,0x65,0x61,0x6C,0x20,0x43,0x69,0x6E,0x65,0x6D,0x61,0x74,0x69,0x63,0x20,0x45,0x6E,0x64,0x00,
    0x01,0x05,0x00,0x15,0x00,0x27,0x00,0x06,0x00,0x05,0x00,0x00,0x00,0x09,0x00,0x00,0x00,0x01,0x00,0x27,0x03,0xC6,0x00,0x00,
    0x00,0x09,0x00,0x00,0x00,0x07,0x00,0x27,0x02,0x86,0x00,0x00,0x00,0x09,0x00,0x00,0x00,0x0D,0x00,0x27,0x03,0xC7,0x00,0x00,
    0x00,0x09,0x00,0x00,0x00,0x13,0x00,0x27,0x04,0x27,0x00,0x00,0x00,0x09,0x00,0x00,0x00,0x07,0x00,0x27,0x00,0x08,0x00,0x00,
    0x00,0x27,0x00,0x00,0x00,0x02,0x53,0x74,0x61,0x72,0x74,0x20,0x6F,0x66,0x20,0x46,0x6C,0x79,0x69,0x6E,0x67,0x20,0x50,0x69,
    0x72,0x61,0x74,0x65,0x73,0x20,0x43,0x69,0x6E,0x65,0x6D,0x61,0x74,0x69,0x63,0x00,0x01,0x05,0x00,0x15,0x00,0x27,0x00,0x07,
    0x00,0x05,0x00,0x00,0x00,0x09,0x00,0x00,0x00,0x05,0x00,0x27,0x02,0x86,0x00,0x00,0x00,0x09,0x00,0x00,0x00,0x04,0x00,0x27,
    0x04,0x26,0x00,0x00,0x00,0x09,0x00,0x00,0x00,0x05,0x00,0x27,0x00,0x08,0x00,0x00,0x00,0x09,0x00,0x00,0x00,0x04,0x00,0x81,
    0x55,0x08,0x00,0x00,0x00,0x09,0x00,0x00,0x00,0x04,0x00,0x81,0x55,0x28,0x00,0x00,0x00,0x25,0x00,0x00,0x00,0x02,0x45,0x6E,
    0x64,0x20,0x6F,0x66,0x20,0x46,0x6C,0x79,0x69,0x6E,0x67,0x20,0x50,0x69,0x72,0x61,0x74,0x65,0x73,0x20,0x43,0x69,0x6E,0x65,
    0x6D,0x61,0x74,0x69,0x63,0x00,0x01,0x05,0x00,0x15,0x00,0x27,0x00,0x0E,0x00,0x02,0x00,0x00,0x00,0x09,0x00,0x00,0x00,0x0E,
    0x00,0x27,0x03,0x3F,0x00,0x00,0x00,0x09,0x00,0x00,0x00,0x0E,0x00,0x27,0x01,0x92,0x00,0x00,0x00,0x13,0x00,0x00,0x00,0x02,
    0x41,0x6C,0x65,0x72,0x74,0x20,0x50,0x69,0x72,0x61,0x74,0x65,0x73,0x00,0x01,0x05,0x00,0x3A,0x00,0x81,0x55,0x08,0x00,0x02,
    0x00,0x00,0x00,0x12,0x00,0x00,0x00,0x04,0x00,0x27,0x03,0x3F,0x00,0x00,0x00,0x12,0x00,0x00,0x00,0x01,0x00,0x27,0x03,0xD5,
    0x00,0x00,0x00,0x58,0x00,0x00,0x00,0x0F,0x4D,0x6F,0x76,0x65,0x20,0x50,0x69,0x72,0x61,0x74,0x65,0x20,0x31,0x00,0x00,0x00,
    0x00,0x00,0x00,0x00,0x00,0x00,0x00,0x00,0x00,0x00,0x00,0x00,0x00,0x00,0x00,0x00,0x00,0x00,0x00,0x00,0x00,0x00,0x00,0x00,
    0x00,0x13,0x00,0x00,0x00,0x00,0x00,0x00,0x00,0x00,0x00,0x00,0x00,0x00,0x00,0xFF,0xFF,0xFF,0xFF,0xFF,0xFF,0xFF,0xFF,0x00,
    0x00,0x00,0x00,0x00,0x00,0x00,0x00,0x00,0xFF,0xFF,0xFF,0xFF,0xFF,0xFF,0xFF,0xFF,0xFF,0xFF,0xFF,0xFF,0x05,0x00,0x3A,0x00,
    0x81,0x55,0x28,0x00,0x02,0x00,0x00,0x00,0x12,0x00,0x00,0x00,0x04,0x00,0x27,0x01,0x92,0x00,0x00,0x00,0x12,0x00,0x00,0x00,
    0x01,0x00,0x27,0x03,0x38,0x00,0x00,0x00,0x58,0x00,0x00,0x00,0x0F,0x4D,0x6F,0x76,0x65,0x20,0x50,0x69,0x72,0x61,0x74,0x65,
    0x20,0x32,0x00,0x00,0x00,0x00,0x00,0x00,0x00,0x00,0x00,0x00,0x00,0x00,0x00,0x00,0x00,0x00,0x00,0x00,0x00,0x00,0x00,0x00,
    0x00,0x00,0x00,0x00,0x00,0x00,0x13,0x00,0x00,0x00,0x00,0x00,0x00,0x00,0x00,0x00,0x00,0x00,0x00,0x00,0xFF,0xFF,0xFF,0xFF,
    0xFF,0xFF,0xFF,0xFF,0x00,0x00,0x00,0x00,0x00,0x00,0x00,0x00,0x00,0xFF,0xFF,0xFF,0xFF,0xFF,0xFF,0xFF,0xFF,0xFF,0xFF,0xFF,
    0xFF,0x05,0x00,0x3A,0x00,0x27,0x00,0x05,0x00,0x0B,0x00,0x00,0x00,0x09,0x00,0x00,0x00,0x0D,0x00,0x27,0x02,0xD6,0x00,0x00,
    0x00,0x09,0x00,0x00,0x00,0x10,0x00,0x27,0x02,0xD5,0x00,0x00,0x00,0x09,0x00,0x00,0x00,0x04,0x00,0x27,0x02,0x81,0x00,0x00,
    0x00,0x09,0x00,0x00,0x00,0x22,0x00,0x27,0x02,0xD3,0x00,0x00,0x00,0x09,0x00,0x00,0x00,0x01,0x00,0x27,0x02,0xB7,0x00,0x00,
    0x00,0x09,0x00,0x00,0x00,0x01,0x00,0x27,0x04,0x63,0x00,0x00,0x00,0x09,0x00,0x00,0x00,0x0F,0x00,0x27,0x04,0x6C,0x00,0x00,
    0x00,0x09,0x00,0x00,0x00,0x0B,0x00,0x27,0x05,0x44,0x00,0x00,0x00,0x09,0x00,0x00,0x00,0x04,0x00,0x27,0x02,0xC4,0x00,0x00,
    0x00,0x09,0x00,0x00,0x00,0x04,0x00,0x27,0x04,0x64,0x00,0x00,0x00,0x09,0x00,0x00,0x00,0x04,0x00,0x27,0x03,0xDE,0x00,0x00,
    0x00,0x67,0x00,0x00,0x00,0x0F,0x54,0x6F,0x77,0x65,0x72,0x20,0x46,0x61,0x6C,0x6C,0x69,0x6E,0x67,0x20,0x43,0x69,0x6E,0x65,
    0x6D,0x61,0x74,0x69,0x63,0x20,0x53,0x6B,0x69,0x70,0x00,0x00,0x00,0x00,0x00,0x00,0x00,0x00,0x00,0x00,0x00,0x00,0x00,0x00,
    0x00,0x00,0x00,0x00,0x00,0x00,0x00,0x00,0x00,0x00,0x00,0x00,0x00,0x00,0x0F,0x00,0x00,0x00,0x00,0x00,0x00,0x00,0x00,0x00,
    0x00,0x00,0x00,0x00,0xFF,0xFF,0xFF,0xFF,0xFF,0xFF,0xFF,0xFF,0x00,0x00,0x00,0x00,0x01,0x00,0x00,0x00,0x00,0xFF,0xFF,0xFF,
    0xFF,0xFF,0xFF,0xFF,0xFF,0xFF,0xFF,0xFF,0xFF,0x05,0x00,0x3A,0x00,0x27,0x00,0x1A,0x00,0x04,0x00,0x00,0x00,0x09,0x00,0x00,
    0x00,0x0D,0x00,0x27,0x00,0x0D,0x00,0x00,0x00,0x09,0x00,0x00,0x00,0x0D,0x00,0x27,0x02,0x68,0x00,0x00,0x00,0x09,0x00,0x00,
    0x00,0x0D,0x00,0x27,0x02,0x6B,0x00,0x00,0x00,0x09,0x00,0x00,0x00,0x10,0x00,0x27,0x04,0x72,0x00,0x00,0x00,0x65,0x00,0x00,
    0x00,0x0F,0x44,0x6F,0x6F,0x72,0x20,0x55,0x6E,0x6C,0x6F,0x63,0x6B,0x20,0x43,0x69,0x6E,0x65,0x6D,0x61,0x74,0x69,0x63,0x20,
    0x53,0x6B,0x69,0x70,0x00,0x00,0x00,0x00,0x00,0x00,0x00,0x00,0x00,0x00,0x00,0x00,0x00,0x00,0x00,0x00,0x00,0x00,0x00,0x00,
    0x00,0x00,0x00,0x00,0x00,0x00,0x00,0x00,0x0F,0x00,0x00,0x00,0x00,0x00,0x00,0x00,0x00,0x00,0x00,0x00,0x00,0x00,0xFF,0xFF,
    0xFF,0xFF,0xFF,0xFF,0xFF,0xFF,0x00,0x00,0x00,0x00,0x01,0x00,0x00,0x00,0x00,0xFF,0xFF,0xFF,0xFF,0xFF,0xFF,0xFF,0xFF,0xFF,
    0xFF,0xFF,0xFF,0x05,0x00,0x3A,0x00,0x27,0x00,0x08,0x00,0x15,0x00,0x00,0x00,0x09,0x00,0x00,0x00,0x0D,0x00,0x27,0x00,0x07,
    0x00,0x00,0x00,0x09,0x00,0x00,0x00,0x04,0x00,0x27,0x03,0xC6,0x00,0x00,0x00,0x09,0x00,0x00,0x00,0x04,0x00,0x27,0x04,0x26,
    0x00,0x00,0x00,0x09,0x00,0x00,0x00,0x10,0x00,0x27,0x02,0x50,0x00,0x00,0x00,0x09,0x00,0x00,0x00,0x10,0x00,0x27,0x03,0x40,
    0x00,0x00,0x00,0x09,0x00,0x00,0x00,0x0D,0x00,0x27,0x00,0x0E,0x00,0x00,0x00,0x09,0x00,0x00,0x00,0x01,0x00,0x81,0x55,0x08,
    0x00,0x00,0x00,0x09,0x00,0x00,0x00,0x01,0x00,0x81,0x55,0x28,0x00,0x00,0x00,0x09,0x00,0x00,0x00,0x15,0x00,0x27,0x01,0x92,
    0x00,0x00,0x00,0x09,0x00,0x00,0x00,0x15,0x00,0x27,0x03,0x3F,0x00,0x00,0x00,0x09,0x00,0x00,0x00,0x04,0x00,0x27,0x00,0x63,
    0x00,0x00,0x00,0x09,0x00,0x00,0x00,0x04,0x00,0x27,0x03,0x3A,0x00,0x00,0x00,0x09,0x00,0x00,0x00,0x04,0x00,0x27,0x03,0x3B,
    0x00,0x00,0x00,0x09,0x00,0x00,0x00,0x04,0x00,0x27,0x03,0x3C,0x00,0x00,0x00,0x09,0x00,0x00,0x00,0x04,0x00,0x27,0x03,0x1F,
    0x00,0x00,0x00,0x09,0x00,0x00,0x00,0x04,0x00,0x27,0x03,0x31,0x00,0x00,0x00,0x09,0x00,0x00,0x00,0x04,0x00,0x27,0x03,0x36,
    0x00,0x00,0x00,0x09,0x00,0x00,0x00,0x04,0x00,0x27,0x03,0x37,0x00,0x00,0x00,0x09,0x00,0x00,0x00,0x04,0x00,0x27,0x03,0x3E,
    0x00,0x00,0x00,0x09,0x00,0x00,0x00,0x04,0x00,0x27,0x03,0x35,0x00,0x00,0x00,0x09,0x00,0x00,0x00,0x04,0x00,0x27,0x03,0x3D,
    0x00,0x00,0x00,0x68,0x00,0x00,0x00,0x0F,0x46,0x6C,0x79,0x69,0x6E,0x67,0x20,0x50,0x69,0x72,0x61,0x74,0x65,0x73,0x20,0x43,
    0x69,0x6E,0x65,0x6D,0x61,0x74,0x69,0x63,0x20,0x53,0x6B,0x69,0x70,0x00,0x00,0x00,0x00,0x00,0x00,0x00,0x00,0x00,0x00,0x00,
    0x00,0x00,0x00,0x00,0x00,0x00,0x00,0x00,0x00,0x00,0x00,0x00,0x00,0x00,0x00,0x00,0x00,0x0F,0x00,0x00,0x00,0x00,0x00,0x00,
    0x00,0x00,0x00,0x00,0x00,0x00,0x00,0xFF,0xFF,0xFF,0xFF,0xFF,0xFF,0xFF,0xFF,0x00,0x00,0x00,0x00,0x01,0x00,0x00,0x00,0x00,
    0xFF,0xFF,0xFF,0xFF,0xFF,0xFF,0xFF,0xFF,0xFF,0xFF,0xFF,0xFF,0x03,0x04,0x27,0x03,0xC6,0x00,0x00,0x00,0x00,0x00,0x00,0x00,
    0x07,0x18,0x27,0x02,0x86,0x03,0x04,0x27,0x03,0xC6,0x00,0x00,0x00,0x05,0x00,0x00,0x00,0x05,0x18,0x27,0x02,0x86,0x03,0x04,
    0x27,0x03,0xC6,0x00,0x00,0x00,0x05,0x00,0x00,0x00,0x04,0x04,0x27,0x04,0x26,0x03,0x04,0x27,0x03,0xC6,0x00,0x00,0x00,0x00,
    0x00,0x00,0x00,0x0D,0x04,0x27,0x03,0xC7,0x03,0x04,0x27,0x03,0xC6,0x00,0x00,0x00,0x00,0x00,0x00,0x00,0x13,0x04,0x27,0x04,
    0x27,0x03,0x04,0x27,0x03,0xC6,0x00,0x00,0x00,0x05,0x00,0x00,0x00,0x0D,0x04,0x27,0x03,0xC7,0x03,0x04,0x27,0x04,0x23,0x00,
    0x00,0x00,0x09,0x00,0x00,0x00,0x01,0x04,0x27,0x03,0xC6,0x03,0x04,0x27,0x04,0x73,0x00,0x00,0x00,0x00,0x00,0x00,0x00,0x07,
    0x18,0x27,0x02,0x86,0x03,0x04,0x27,0x04,0x73,0x00,0x00,0x00,0x05,0x00,0x00,0x00,0x05,0x18,0x27,0x02,0x86,0x03,0x04,0x27,
    0x04,0x7A,0x00,0x00,0x00,0x09,0x00,0x00,0x00,0x01,0x04,0x27,0x04,0x73,0x04,0x04,0x27,0x03,0xC6,0x00,0x00,0x00,0x05,0x00,
    0x00,0x00,0x0D,0x00,0x27,0x00,0x07,0x04,0x04,0x27,0x04,0x23,0x00,0x00,0x00,0x09,0x00,0x00,0x00,0x0D,0x00,0x27,0x00,0x06,
    0x04,0x04,0x27,0x04,0x73,0x00,0x00,0x00,0x05,0x00,0x00,0x00,0x0D,0x00,0x27,0x00,0x0D,0x04,0x04,0x27,0x04,0x7A,0x00,0x00,
    0x00,0x09,0x00,0x00,0x00,0x0D,0x00,0x27,0x00,0x19,0x04,0x18,0x27,0x02,0xC1,0x00,0x00,0x00,0x09,0x00,0x00,0x00,0x07,0x00,
    0x27,0x00,0x05,0x04,0x18,0x27,0x02,0xD6,0x00,0x00,0x00,0x09,0x00,0x00,0x00,0x05,0x00,0x27,0x00,0x05,0x05,0x00,0x3A,0x00,
    0x00,0x00,0x02,0x00,0x03,0x00,0x00,0x00,0x09,0x00,0x00,0x00,0x01,0x00,0x0A,0x2C,0x2A,0x00,0x00,0x00,0x09,0x00,0x00,0x00,
    0x07,0x00,0x00,0xA4,0x55,0x00,0x00,0x00,0x09,0x00,0x00,0x00,0x13,0x00,0x00,0x04,0xD9,0x00,0x00,0x00,0x5A,0x00,0x00,0x00,
    0x0F,0x45,0x6E,0x64,0x20,0x74,0x68,0x69,0x73,0x20,0x42,0x65,0x61,0x74,0x63,0x68,0x00,0x00,0x00,0x00,0x00,0x00,0x00,0x00,
    0x00,0x00,0x00,0x00,0x00,0x00,0x00,0x00,0x00,0x00,0x00,0x00,0x00,0x00,0x00,0x00,0x00,0x00,0x00,0x00,0x0F,0x00,0x00,0x00,
    0x00,0x00,0x00,0x00,0x00,0x00,0x00,0x00,0x00,0x00,0xFF,0xFF,0xFF,0xFF,0xFF,0xFF,0xFF,0xFF,0x00,0x00,0x00,0x00,0x01,0x00,
    0x00,0x00,0x00,0xFF,0xFF,0xFF,0xFF,0xFF,0xFF,0xFF,0xFF,0xFF,0xFF,0xFF,0xFF,0x05,0x00,0x0C,0x00,0x0A,0x2C,0x2A,0x00,0x00,
    0x00,0x00,0x00,0x33,0x00,0x00,0x00,0x0F,0x48,0x6F,0x6C,0x64,0x00,0x00,0x00,0x00,0x00,0x00,0x00,0x00,0x00,0x00,0x00,0x00,
    0x00,0x00,0x00,0x00,0x00,0x00,0x00,0x00,0x00,0x00,0x00,0x00,0x00,0x00,0x40,0xE0,0x00,0x00,0x00,0x00,0x00,0x00,0x01,0x00,
    0x00,0x42,0x8C,0x00,0x00,0x01,0x00,0x05,0x00,0x18,0x00,0x00,0xA4,0x55,0x00,0x00,0x00,0x00,0x00,0x3C,0x00,0x00,0x00,0x0A,
    0x48,0x6F,0x6C,0x64,0x20,0x42,0x6C,0x61,0x63,0x6B,0x00,0x01,0x00,0x00,0x00,0x01,0x00,0x00,0x00,0x00,0x00,0x00,0x00,0x02,
    0x00,0x00,0x00,0x00,0x00,0x00,0x00,0x00,0x00,0x00,0x00,0x00,0x00,0x00,0x00,0x00,0x3F,0x80,0x00,0x00,0x00,0x00,0x00,0x00,
    0x3F,0x00,0x00,0x00,0xFF,0xFF,0xFF,0xFF,0x04,0x00,0x00,0x04,0x49,0x00,0x00,0x00,0x09,0x00,0x00,0x00,0x07,0x00,0x00,0x00,
    0x02,0x05,0x02,0x15,0x00,0x14,0x00,0x01,0x00,0x04,0x00,0x00,0x00,0x09,0x00,0x00,0x00,0x01,0x00,0x14,0x02,0xE9,0x00,0x00,
    0x00,0x09,0x00,0x00,0x00,0x0B,0x00,0x14,0x02,0xF7,0x00,0x00,0x00,0x09,0x00,0x00,0x00,0x07,0x00,0x14,0x02,0x73,0x00,0x00,
    0x00,0x09,0x00,0x00,0x00,0x07,0x00,0x14,0x00,0x03,0x00,0x00,0x00,0x1B,0x00,0x00,0x00,0x02,0x52,0x65,0x6C,0x61,0x79,0x2D,
    0x73,0x74,0x61,0x72,0x74,0x20,0x6F,0x66,0x20,0x63,0x69,0x6E,0x65,0x6D,0x61,0x00,0x01,0x05,0x02,0x15,0x00,0x14,0x00,0x02,
    0x00,0x02,0x00,0x00,0x00,0x09,0x00,0x00,0x00,0x05,0x00,0x14,0x02,0x73,0x00,0x00,0x00,0x09,0x00,0x00,0x00,0x05,0x00,0x14,
    0x00,0x03,0x00,0x00,0x00,0x19,0x00,0x00,0x00,0x02,0x52,0x65,0x6C,0x61,0x79,0x2D,0x65,0x6E,0x64,0x20,0x6F,0x66,0x20,0x63,
    0x69,0x6E,0x65,0x6D,0x61,0x00,0x01,0x05,0x02,0x3A,0x00,0x14,0x00,0x03,0x00,0x1C,0x00,0x00,0x00,0x09,0x00,0x00,0x00,0x0D,
    0x00,0x14,0x02,0x7E,0x00,0x00,0x00,0x09,0x00,0x00,0x00,0x0D,0x00,0x14,0x00,0x02,0x00,0x00,0x00,0x09,0x00,0x00,0x00,0x04,
    0x00,0x14,0x02,0xE4,0x00,0x00,0x00,0x09,0x00,0x00,0x00,0x0F,0x00,0x14,0x02,0xE6,0x00,0x00,0x00,0x09,0x00,0x00,0x00,0x0F,
    0x00,0x14,0x02,0xF7,0x00,0x00,0x00,0x09,0x00,0x00,0x00,0x04,0x00,0x14,0x02,0xF9,0x00,0x00,0x00,0x09,0x00,0x00,0x00,0x0F,
    0x00,0x14,0x02,0xFA,0x00,0x00,0x00,0x09,0x00,0x00,0x00,0x04,0x00,0x14,0x02,0x77,0x00,0x00,0x00,0x09,0x00,0x00,0x00,0x04,
    0x00,0x14,0x02,0xE7,0x00,0x00,0x00,0x09,0x00,0x00,0x00,0x04,0x00,0x14,0x03,0x2D,0x00,0x00,0x00,0x09,0x00,0x00,0x00,0x04,
    0x00,0x14,0x03,0x2E,0x00,0x00,0x00,0x09,0x00,0x00,0x00,0x04,0x00,0x14,0x03,0x2C,0x00,0x00,0x00,0x09,0x00,0x00,0x00,0x0D,
    0x00,0x14,0x01,0x71,0x00,0x00,0x00,0x09,0x00,0x00,0x00,0x0D,0x00,0x14,0x01,0x78,0x00,0x00,0x00,0x09,0x00,0x00,0x00,0x0D,
    0x00,0x14,0x01,0x7D,0x00,0x00,0x00,0x09,0x00,0x00,0x00,0x0F,0x00,0x14,0x02,0xB3,0x00,0x00,0x00,0x09,0x00,0x00,0x00,0x0F,
    0x00,0x14,0x02,0xE3,0x00,0x00,0x00,0x09,0x00,0x00,0x00,0x0F,0x00,0x14,0x02,0xCF,0x00,0x00,0x00,0x09,0x00,0x00,0x00,0x0D,
    0x00,0x14,0x01,0xBB,0x00,0x00,0x00,0x09,0x00,0x00,0x00,0x14,0x00,0x14,0x03,0x29,0x00,0x00,0x00,0x09,0x00,0x00,0x00,0x0F,
    0x00,0x14,0x02,0x43,0x00,0x00,0x00,0x09,0x00,0x00,0x00,0x0F,0x00,0x14,0x02,0xD0,0x00,0x00,0x00,0x09,0x00,0x00,0x00,0x0F,
    0x00,0x14,0x02,0xD6,0x00,0x00,0x00,0x09,0x00,0x00,0x00,0x15,0x00,0x14,0x03,0x9C,0x00,0x00,0x00,0x09,0x00,0x00,0x00,0x15,
    0x00,0x14,0x02,0x38,0x00,0x00,0x00,0x09,0x00,0x00,0x00,0x15,0x00,0x14,0x02,0xDB,0x00,0x00,0x00,0x09,0x00,0x00,0x00,0x15,
    0x00,0x14,0x01,0x55,0x00,0x00,0x00,0x09,0x00,0x00,0x00,0x15,0x00,0x14,0x00,0x35,0x00,0x00,0x00,0x69,0x00,0x00,0x00,0x0F,
    0x53,0x70,0x65,0x63,0x69,0x61,0x6C,0x46,0x75,0x6E,0x63,0x74,0x69,0x6F,0x6E,0x20,0x43,0x69,0x6E,0x65,0x6D,0x61,0x74,0x69,
    0x63,0x20,0x53,0x6B,0x69,0x70,0x00,0x00,0x00,0x00,0x00,0x00,0x00,0x00,0x00,0x00,0x00,0x00,0x00,0x00,0x00,0x00,0x00,0x00,
    0x00,0x00,0x00,0x00,0x00,0x00,0x00,0x00,0x00,0x00,0x0F,0x00,0x00,0x00,0x00,0x00,0x00,0x00,0x00,0x00,0x00,0x00,0x00,0x00,
    0xFF,0xFF,0xFF,0xFF,0xFF,0xFF,0xFF,0xFF,0x00,0x00,0x00,0x00,0x01,0x00,0x00,0x00,0x00,0xFF,0xFF,0xFF,0xFF,0xFF,0xFF,0xFF,
    0xFF,0xFF,0xFF,0xFF,0xFF,0x03,0x08,0x14,0x01,0xCA,0x00,0x00,0x00,0x05,0x00,0x00,0x00,0x05,0x08,0x14,0x02,0x73,0x03,0x08,
    0x14,0x02,0xE5,0x00,0x00,0x00,0x03,0x00,0x00,0x00,0x01,0x08,0x14,0x02,0xE9,0x03,0x08,0x14,0x02,0xE5,0x00,0x00,0x00,0x03,
    0x00,0x00,0x00,0x0B,0x08,0x14,0x02,0xF7,0x03,0x08,0x14,0x02,0xE9,0x00,0x00,0x00,0x00,0x00,0x00,0x00,0x07,0x08,0x14,0x02,
    0x73,0x04,0x08,0x14,0x01,0xCA,0x00,0x00,0x00,0x05,0x00,0x00,0x00,0x0D,0x00,0x14,0x00,0x02,0x04,0x08,0x14,0x02,0xE5,0x00,
    0x00,0x00,0x03,0x00,0x00,0x00,0x0D,0x00,0x14,0x00,0x01,0x05,0x00,0x3A,0x00,0x07,0x00,0x02,0x00,0x07,0x00,0x00,0x00,0x09,
    0x00,0x00,0x00,0x0D,0x00,0x07,0x00,0x65,0x00,0x00,0x00,0x09,0x00,0x00,0x00,0x04,0x00,0x07,0x00,0x91,0x00,0x00,0x00,0x09,
    0x00,0x00,0x00,0x0F,0x00,0x07,0x00,0xA3,0x00,0x00,0x00,0x09,0x00,0x00,0x00,0x0F,0x00,0x07,0x00,0x92,0x00,0x00,0x00,0x09,
    0x00,0x00,0x00,0x04,0x00,0x07,0x00,0x87,0x00,0x00,0x00,0x09,0x00,0x00,0x00,0x10,0x00,0x07,0x00,0x70,0x00,0x00,0x00,0x09,
    0x00,0x00,0x00,0x04,0x00,0x07,0x00,0x6E,0x00,0x00,0x00,0x69,0x00,0x00,0x00,0x0F,0x53,0x70,0x65,0x63,0x69,0x61,0x6C,0x46,
    0x75,0x6E,0x63,0x74,0x69,0x6F,0x6E,0x20,0x43,0x69,0x6E,0x65,0x6D,0x61,0x74,0x69,0x63,0x20,0x53,0x6B,0x69,0x70,0x00,0x00,
    0x00,0x00,0x00,0x00,0x00,0x00,0x00,0x00,0x00,0x00,0x00,0x00,0x00,0x00,0x00,0x00,0x00,0x00,0x00,0x00,0x00,0x00,0x00,0x00,
    0x00,0x00,0x0F,0x00,0x00,0x00,0x00,0x00,0x00,0x00,0x00,0x00,0x00,0x00,0x00,0x00,0xFF,0xFF,0xFF,0xFF,0xFF,0xFF,0xFF,0xFF,
    0x00,0x00,0x00,0x00,0x01,0x00,0x00,0x00,0x00,0xFF,0xFF,0xFF,0xFF,0xFF,0xFF,0xFF,0xFF,0xFF,0xFF,0xFF,0xFF,0x03,0x00,0x07,
    0x00,0x71,0x00,0x00,0x00,0x00,0x00,0x00,0x00,0x07,0x00,0x07,0x00,0x66,0x03,0x00,0x07,0x00,0x72,0x00,0x00,0x00,0x05,0x00,
    0x00,0x00,0x05,0x00,0x07,0x00,0x66,0x03,0x00,0x07,0x00,0x72,0x00,0x00,0x00,0x05,0x00,0x00,0x00,0x04,0x00,0x07,0x00,0x69,
    0x03,0x00,0x07,0x00,0x72,0x00,0x00,0x00,0x05,0x00,0x00,0x00,0x0D,0x00,0x07,0x00,0x9D,0x04,0x00,0x07,0x00,0x64,0x00,0x00,
    0x00,0x09,0x00,0x00,0x00,0x07,0x00,0x07,0x00,0x66,0x04,0x00,0x07,0x00,0x64,0x00,0x00,0x00,0x09,0x00,0x00,0x00,0x07,0x00,
    0x07,0x00,0x02,0x04,0x00,0x07,0x00,0x65,0x00,0x00,0x00,0x09,0x00,0x00,0x00,0x05,0x00,0x07,0x00,0x66,0x04,0x00,0x07,0x00,
    0x65,0x00,0x00,0x00,0x09,0x00,0x00,0x00,0x04,0x00,0x07,0x00,0x69,0x04,0x00,0x07,0x00,0x65,0x00,0x00,0x00,0x09,0x00,0x00,
    0x00,0x0D,0x00,0x07,0x00,0x9D,0x04,0x00,0x07,0x00,0x65,0x00,0x00,0x00,0x09,0x00,0x00,0x00,0x05,0x00,0x07,0x00,0x02,0x05,
    0x00,0x0F,0x00,0x54,0xC5,0x63,0x00,0x00,0x00,0x00,0x00,0x99,0x00,0x00,0x00,0x23,0x4D,0x6F,0x72,0x70,0x68,0x00,0x00,0x00,
    0x00,0x00,0x00,0x00,0x00,0x00,0x00,0x00,0x00,0x00,0x00,0x00,0x00,0x00,0x00,0x00,0x00,0x00,0x00,0x00,0x00,0x00,0x00,0x00,
    0x00,0x00,0x00,0x00,0x00,0x00,0x00,0x00,0x00,0x00,0x00,0x00,0x00,0x00,0x00,0x00,0x00,0x00,0x00,0x00,0x00,0x00,0x00,0x00,
    0x00,0x00,0x00,0x00,0x00,0x00,0x00,0x00,0x00,0x00,0x00,0x00,0x00,0x00,0x00,0x00,0x00,0x00,0x00,0x00,0x00,0x00,0x00,0x00,
    0x00,0x00,0x00,0x00,0x00,0x00,0x00,0x00,0x00,0x00,0x00,0x00,0x00,0x00,0x00,0x00,0x00,0x00,0x00,0x00,0x00,0x00,0x00,0x00,
    0x00,0x00,0x00,0x00,0x00,0x00,0x00,0x00,0x00,0x00,0x00,0x00,0x00,0x00,0x00,0x00,0x00,0x00,0x00,0x00,0x00,0x00,0x00,0x00,
    0x00,0x00,0x00,0x00,0x00,0x00,0x00,0x00,0x00,0x00,0x00,0x00,0x00,0x00,0x00,0x00,0x00,0x00,0x00,0x01,0x01,0x05,0x00,0x3A,
    0x00,0x00,0x00,0x03,0x00,0x05,0x00,0x00,0x00,0x09,0x00,0x00,0x00,0x01,0x00,0x0A,0x2C,0x2A,0x00,0x00,0x00,0x09,0x00,0x00,
    0x00,0x07,0x00,0x00,0xA4,0x55,0x00,0x00,0x00,0x09,0x00,0x00,0x00,0x08,0x00,0x00,0x00,0x29,0x00,0x00,0x00,0x09,0x00,0x00,
    0x00,0x04,0x00,0x00,0x00,0x22,0x00,0x00,0x00,0x09,0x00,0x00,0x00,0x04,0x00,0x00,0x00,0x68,0x00,0x00,0x00,0x61,0x00,0x00,
    0x00,0x0F,0x41,0x72,0x72,0x69,0x76,0x61,0x6C,0x20,0x43,0x69,0x6E,0x65,0x6D,0x61,0x74,0x69,0x63,0x20,0x53,0x6B,0x69,0x70,
    0x00,0x00,0x00,0x00,0x00,0x00,0x00,0x00,0x00,0x00,0x00,0x00,0x00,0x00,0x00,0x00,0x00,0x00,0x00,0x00,0x00,0x00,0x00,0x00,
    0x00,0x00,0x00,0x00,0x0F,0x00,0x00,0x00,0x00,0x00,0x00,0x00,0x00,0x00,0x00,0x00,0x00,0x00,0xFF,0xFF,0xFF,0xFF,0xFF,0xFF,
    0xFF,0xFF,0x00,0x00,0x00,0x00,0x01,0x00,0x00,0x00,0x00,0xFF,0xFF,0xFF,0xFF,0xFF,0xFF,0xFF,0xFF,0xFF,0xFF,0xFF,0xFF,0x05,
    0x00,0x3A,0x00,0x00,0x00,0x04,0x00,0x06,0x00,0x00,0x00,0x09,0x00,0x00,0x00,0x0B,0x00,0x18,0x00,0x55,0x00,0x00,0x00,0x09,
    0x00,0x00,0x00,0x0D,0x00,0x00,0x00,0x39,0x00,0x00,0x00,0x09,0x00,0x00,0x00,0x08,0x00,0x00,0x00,0x19,0x00,0x00,0x00,0x09,
    0x00,0x00,0x00,0x14,0x00,0x00,0x00,0x2D,0x00,0x00,0x00,0x09,0x00,0x00,0x00,0x01,0x00,0x00,0x00,0x3B,0x00,0x00,0x00,0x09,
    0x00,0x00,0x00,0x07,0x00,0x00,0xA4,0x55,0x00,0x00,0x00,0x63,0x00,0x00,0x00,0x0F,0x44,0x65,0x70,0x61,0x72,0x74,0x75,0x72,
    0x65,0x20,0x43,0x69,0x6E,0x65,0x6D,0x61,0x74,0x69,0x63,0x20,0x53,0x6B,0x69,0x70,0x00,0x00,0x00,0x00,0x00,0x00,0x00,0x00,
    0x00,0x00,0x00,0x00,0x00,0x00,0x00,0x00,0x00,0x00,0x00,0x00,0x00,0x00,0x00,0x00,0x00,0x00,0x00,0x00,0x0F,0x00,0x00,0x00,
    0x00,0x00,0x00,0x00,0x00,0x00,0x00,0x00,0x00,0x00,0xFF,0xFF,0xFF,0xFF,0xFF,0xFF,0xFF,0xFF,0x00,0x00,0x00,0x00,0x01,0x00,
    0x00,0x00,0x00,0xFF,0xFF,0xFF,0xFF,0xFF,0xFF,0xFF,0xFF,0xFF,0xFF,0xFF,0xFF,0x05,0x00,0x0C,0x00,0x0A,0x2C,0x2A,0x00,0x03,
    0x00,0x00,0x00,0x00,0x00,0x00,0x00,0x0D,0x00,0x54,0xC5,0x63,0x00,0x00,0x00,0x05,0x00,0x00,0x00,0x05,0x00,0x00,0xA4,0x55,
    0x00,0x00,0x00,0x05,0x00,0x00,0x00,0x0D,0x00,0x00,0x00,0x1A,0x00,0x00,0x00,0x33,0x00,0x00,0x00,0x0F,0x48,0x6F,0x6C,0x64,
    0x00,0x00,0x00,0x00,0x00,0x00,0x00,0x00,0x00,0x00,0x00,0x00,0x00,0x00,0x00,0x00,0x00,0x00,0x00,0x00,0x00,0x00,0x00,0x00,
    0x00,0x00,0x40,0xE0,0x00,0x00,0x00,0x00,0x00,0x00,0x01,0x00,0x00,0x42,0x8C,0x00,0x00,0x01,0x00,0x05,0x00,0x18,0x00,0x00,
    0xA4,0x55,0x00,0x00,0x00,0x00,0x00,0x3C,0x00,0x00,0x00,0x0A,0x48,0x6F,0x6C,0x64,0x20,0x42,0x6C,0x61,0x63,0x6B,0x00,0x01,
    0x00,0x00,0x00,0x01,0x00,0x00,0x00,0x00,0x00,0x00,0x00,0x02,0x00,0x00,0x00,0x00,0x00,0x00,0x00,0x00,0x00,0x00,0x00,0x00,
    0x00,0x00,0x00,0x00,0x3F,0x80,0x00,0x00,0x00,0x00,0x00,0x00,0x3F,0x00,0x00,0x00,0xFF,0xFF,0xFF,0xFF,0x05,0x00,0x05,0x00,
    0x18,0x00,0x55,0x00,0x01,0x00,0x00,0x00,0x09,0x00,0x00,0x00,0x08,0x00,0x00,0x00,0x19,0x00,0x00,0x00,0x2B,0x00,0x00,0x00,
    0x06,0x43,0x75,0x74,0x73,0x63,0x65,0x6E,0x65,0x20,0x53,0x6B,0x69,0x70,0x20,0x32,0x20,0x46,0x72,0x61,0x6D,0x65,0x20,0x44,
    0x65,0x6C,0x61,0x79,0x00,0x3C,0xA3,0xD7,0x0A,0x00,0x00,0x00,0x00,0x00,0x00,0x01,0x05,0x00,0x05,0x00,0x0A,0x2B,0xBB,0x00,
    0x01,0x00,0x00,0x00,0x09,0x00,0x00,0x00,0x04,0x00,0x0A,0x2C,0x2A,0x00,0x00,0x00,0x1A,0x00,0x00,0x00,0x06,0x4C,0x6F,0x61,
    0x64,0x20,0x54,0x69,0x6D,0x65,0x72,0x00,0x3A,0x83,0x12,0x6F,0x00,0x00,0x00,0x00,0x01,0x01,0x00,0x03,0x00,0x00,0x00,0x1B,
    0x00,0x00,0x00,0x00,0x00,0x00,0x00,0x07,0x00,0x00,0x00,0x40,0x03,0x00,0x00,0x00,0x1B,0x00,0x00,0x00,0x00,0x00,0x00,0x00,
    0x01,0x00,0x00,0x00,0x1C,0x03,0x00,0x00,0x00,0x1B,0x00,0x00,0x00,0x00,0x00,0x00,0x00,0x14,0x00,0x00,0x00,0x4B,0x03,0x00,
    0x00,0x00,0x22,0x00,0x00,0x00,0x05,0x00,0x00,0x00,0x04,0x00,0x00,0x00,0x1C,0x03,0x00,0x00,0x00,0x22,0x00,0x00,0x00,0x05,
    0x00,0x00,0x00,0x05,0x00,0x00,0x00,0x40,0x03,0x00,0x00,0x00,0x22,0x00,0x00,0x00,0x05,0x00,0x00,0x00,0x0D,0x00,0x00,0x00,
    0x48,0x03,0x00,0x00,0x00,0x22,0x00,0x00,0x00,0x05,0x00,0x00,0x00,0x0D,0x00,0x00,0x00,0x2A,0x04,0x00,0x00,0x00,0x01,0x00,
    0x00,0x00,0x07,0x00,0x00,0x00,0x01,0x00,0x0A,0x2B,0xBB,0x04,0x00,0x00,0x00,0x1A,0x00,0x00,0x00,0x09,0x00,0x00,0x00,0x05,
    0x00,0x00,0x00,0x03,0x04,0x00,0x00,0x00,0x1A,0x00,0x00,0x00,0x09,0x00,0x00,0x00,0x04,0x00,0x00,0x00,0x1C,0x04,0x00,0x00,
    0x00,0x1A,0x00,0x00,0x00,0x09,0x00,0x00,0x00,0x05,0x00,0x00,0x00,0x40,0x04,0x00,0x00,0x00,0x1A,0x00,0x00,0x00,0x09,0x00,
    0x00,0x00,0x0D,0x00,0x00,0x00,0x48,0x04,0x00,0x00,0x00,0x1A,0x00,0x00,0x00,0x09,0x00,0x00,0x00,0x0D,0x00,0x00,0x00,0x2A,
    0x04,0x00,0x00,0x00,0x20,0x00,0x00,0x00,0x09,0x00,0x00,0x00,0x07,0x00,0x00,0x00,0x03,0x04,0x00,0x00,0x00,0x20,0x00,0x00,
    0x00,0x09,0x00,0x00,0x00,0x07,0x00,0x00,0x00,0x40,0x04,0x00,0x00,0x00,0x20,0x00,0x00,0x00,0x09,0x00,0x00,0x00,0x01,0x00,
    0x00,0x00,0x1C,0x04,0x00,0x00,0x00,0x20,0x00,0x00,0x00,0x09,0x00,0x00,0x00,0x14,0x00,0x00,0x00,0x4B,0x04,0x00,0x00,0x00,
    0x22,0x00,0x00,0x00,0x05,0x00,0x00,0x00,0x0D,0x00,0x00,0x00,0x1A,0x04,0x00,0x00,0x00,0x38,0x00,0x00,0x00,0x09,0x00,0x00,
    0x00,0x07,0x00,0x00,0x00,0x04,0x04,0x00,0x00,0x00,0x39,0x00,0x00,0x00,0x09,0x00,0x00,0x00,0x05,0x00,0x00,0x00,0x04,0x06,
    0x00,0x00,0x00,0x21,0x05,0x00,0x3A,0x00,0x14,0x00,0x1E,0x00,0x09,0x00,0x00,0x00,0x09,0x00,0x00,0x00,0x0D,0x00,0x14,0x01,
    0xDA,0x00,0x00,0x00,0x09,0x00,0x00,0x00,0x0D,0x00,0x14,0x02,0xAC,0x00,0x00,0x00,0x09,0x00,0x00,0x00,0x0F,0x00,0x14,0x01,
    0xDD,0x00,0x00,0x00,0x09,0x00,0x00,0x00,0x0F,0x00,0x14,0x01,0xE3,0x00,0x00,0x00,0x09,0x00,0x00,0x00,0x08,0x00,0x14,0x02,
    0xAD,0x00,0x00,0x00,0x09,0x00,0x00,0x00,0x04,0x00,0x14,0x00,0x46,0x00,0x00,0x00,0x09,0x00,0x00,0x00,0x0D,0x00,0x14,0x01,
    0xDA,0x00,0x00,0x00,0x09,0x00,0x00,0x00,0x13,0x00,0x14,0x00,0x48,0x00,0x00,0x00,0x09,0x00,0x00,0x00,0x0F,0x00,0x14,0x00,
    0x47,0x00,0x00,0x00,0x69,0x00,0x00,0x00,0x0F,0x53,0x70,0x65,0x63,0x69,0x61,0x6C,0x46,0x75,0x6E,0x63,0x74,0x69,0x6F,0x6E,
    0x20,0x43,0x69,0x6E,0x65,0x6D,0x61,0x74,0x69,0x63,0x20,0x53,0x6B,0x69,0x70,0x00,0x00,0x00,0x00,0x00,0x00,0x00,0x00,0x00,
    0x00,0x00,0x00,0x00,0x00,0x00,0x00,0x00,0x00,0x00,0x00,0x00,0x00,0x00,0x00,0x00,0x00,0x00,0x00,0x0F,0x00,0x00,0x00,0x00,
    0x00,0x00,0x00,0x00,0x00,0x00,0x00,0x00,0x00,0xFF,0xFF,0xFF,0xFF,0xFF,0xFF,0xFF,0xFF,0x00,0x00,0x00,0x00,0x01,0x00,0x00,
    0x00,0x00,0xFF,0xFF,0xFF,0xFF,0xFF,0xFF,0xFF,0xFF,0xFF,0xFF,0xFF,0xFF,0x05,0x00,0x1D,0x00,0x14,0x00,0x48,0x00,0x01,0x00,
    0x00,0x00,0x12,0x00,0x00,0x00,0x14,0x00,0x14,0x00,0x3E,0x00,0x00,0x00,0x24,0x00,0x00,0x00,0x07,0x50,0x6C,0x61,0x74,0x66,
    0x6F,0x72,0x6D,0x20,0x53,0x6B,0x69,0x70,0x00,0x00,0x00,0x00,0x00,0x00,0x00,0x00,0x00,0x00,0x01,0x00,0x00,0x00,0x00,0x42,
    0xC8,0x00,0x00,0x05,0x00,0x05,0x00,0x14,0x00,0x47,0x00,0x00,0x00,0x00,0x00,0x27,0x00,0x00,0x00,0x06,0x50,0x6C,0x61,0x74,
    0x66,0x6F,0x72,0x6D,0x20,0x41,0x63,0x74,0x69,0x76,0x61,0x74,0x65,0x20,0x44,0x65,0x6C,0x61,0x79,0x00,0x40,0xB0,0x00,0x00,
    0x00,0x00,0x00,0x00,0x00,0x00,0x01,0x03,0x0C,0x14,0x01,0xD7,0x00,0x00,0x00,0x00,0x00,0x00,0x00,0x07,0x0C,0x14,0x01,0xD8,
    0x03,0x0C,0x14,0x01,0xD7,0x00,0x00,0x00,0x05,0x00,0x00,0x00,0x05,0x0C,0x14,0x01,0xD8,0x04,0x0C,0x14,0x01,0xD9,0x00,0x00,
    0x00,0x09,0x00,0x00,0x00,0x07,0x00,0x14,0x01,0xD8,0x04,0x0C,0x14,0x01,0xD9,0x00,0x00,0x00,0x09,0x00,0x00,0x00,0x07,0x00,
    0x14,0x00,0x1E,0x04,0x0C,0x14,0x01,0xDA,0x00,0x00,0x00,0x09,0x00,0x00,0x00,0x05,0x00,0x14,0x01,0xD8,0x04,0x0C,0x14,0x01,
    0xDA,0x00,0x00,0x00,0x09,0x00,0x00,0x00,0x05,0x00,0x14,0x00,0x1E,0x04,0x0C,0x14,0x01,0xDA,0x00,0x00,0x00,0x09,0x00,0x00,
    0x00,0x04,0x00,0x14,0x02,0xAA,0x05,0x00,0x0F,0x00,0x54,0xC5,0x63,0x00,0x00,0x00,0x00,0x00,0x99,0x00,0x00,0x00,0x23,0x4D,
    0x6F,0x72,0x70,0x68,0x00,0x00,0x00,0x00,0x00,0x00,0x00,0x00,0x00,0x00,0x00,0x00,0x00,0x00,0x00,0x00,0x00,0x00,0x00,0x00,
    0x00,0x00,0x00,0x00,0x00,0x00,0x00,0x00,0x00,0x00,0x00,0x00,0x00,0x00,0x00,0x00,0x00,0x00,0x00,0x00,0x00,0x00,0x00,0x00,
    0x00,0x00,0x00,0x00,0x00,0x00,0x00,0x00,0x00,0x00,0x00,0x00,0x00,0x00,0x00,0x00,0x00,0x00,0x00,0x00,0x00,0x00,0x00,0x00,
    0x00,0x00,0x00,0x00,0x00,0x00,0x00,0x00,0x00,0x00,0x00,0x00,0x00,0x00,0x00,0x00,0x00,0x00,0x00,0x00,0x00,0x00,0x00,0x00,
    0x00,0x00,0x00,0x00,0x00,0x00,0x00,0x00,0x00,0x00,0x00,0x00,0x00,0x00,0x00,0x00,0x00,0x00,0x00,0x00,0x00,0x00,0x00,0x00,
    0x00,0x00,0x00,0x00,0x00,0x00,0x00,0x00,0x00,0x00,0x00,0x00,0x00,0x00,0x00,0x00,0x00,0x00,0x00,0x00,0x00,0x00,0x00,0x00,
    0x00,0x00,0x01,0x01,0x05,0x00,0x3A,0x00,0x1B,0x00,0x06,0x00,0x07,0x00,0x00,0x00,0x09,0x00,0x00,0x00,0x01,0x00,0x0A,0x2C,
    0x2A,0x00,0x00,0x00,0x09,0x00,0x00,0x00,0x07,0x00,0x00,0xA4,0x55,0x00,0x00,0x00,0x09,0x00,0x00,0x00,0x08,0x00,0x1B,0x00,
    0x3F,0x00,0x00,0x00,0x09,0x00,0x00,0x00,0x04,0x00,0x1B,0x00,0x2F,0x00,0x00,0x00,0x09,0x00,0x00,0x00,0x04,0x00,0x1B,0x00,
    0x33,0x00,0x00,0x00,0x09,0x00,0x00,0x00,0x04,0x00,0x1B,0x00,0x38,0x00,0x00,0x00,0x09,0x00,0x00,0x00,0x04,0x00,0x1B,0x00,
    0x6C,0x00,0x00,0x00,0x61,0x00,0x00,0x00,0x0F,0x41,0x72,0x72,0x69,0x76,0x61,0x6C,0x20,0x43,0x69,0x6E,0x65,0x6D,0x61,0x74,
    0x69,0x63,0x20,0x53,0x6B,0x69,0x70,0x00,0x00,0x00,0x00,0x00,0x00,0x00,0x00,0x00,0x00,0x00,0x00,0x00,0x00,0x00,0x00,0x00,
    0x00,0x00,0x00,0x00,0x00,0x00,0x00,0x00,0x00,0x00,0x00,0x0F,0x00,0x00,0x00,0x00,0x00,0x00,0x00,0x00,0x00,0x00,0x00,0x00,
    0x00,0xFF,0xFF,0xFF,0xFF,0xFF,0xFF,0xFF,0xFF,0x00,0x00,0x00,0x00,0x01,0x00,0x00,0x00,0x00,0xFF,0xFF,0xFF,0xFF,0xFF,0xFF,
    0xFF,0xFF,0xFF,0xFF,0xFF,0xFF,0x05,0x00,0x3A,0x00,0x1B,0x00,0x07,0x00,0x05,0x00,0x00,0x00,0x09,0x00,0x00,0x00,0x0B,0x00,
    0x18,0x00,0x55,0x00,0x00,0x00,0x09,0x00,0x00,0x00,0x0D,0x00,0x1B,0x00,0x20,0x00,0x00,0x00,0x09,0x00,0x00,0x00,0x14,0x00,
    0x1B,0x00,0x28,0x00,0x00,0x00,0x09,0x00,0x00,0x00,0x01,0x00,0x1B,0x00,0x24,0x00,0x00,0x00,0x09,0x00,0x00,0x00,0x07,0x00,
    0x00,0xA4,0x55,0x00,0x00,0x00,0x63,0x00,0x00,0x00,0x0F,0x44,0x65,0x70,0x61,0x72,0x74,0x75,0x72,0x65,0x20,0x43,0x69,0x6E,
    0x65,0x6D,0x61,0x74,0x69,0x63,0x20,0x53,0x6B,0x69,0x70,0x00,0x00,0x00,0x00,0x00,0x00,0x00,0x00,0x00,0x00,0x00,0x00,0x00,
    0x00,0x00,0x00,0x00,0x00,0x00,0x00,0x00,0x00,0x00,0x00,0x00,0x00,0x00,0x00,0x0F,0x00,0x00,0x00,0x00,0x00,0x00,0x00,0x00,
    0x00,0x00,0x00,0x00,0x00,0xFF,0xFF,0xFF,0xFF,0xFF,0xFF,0xFF,0xFF,0x00,0x00,0x00,0x00,0x01,0x00,0x00,0x00,0x00,0xFF,0xFF,
    0xFF,0xFF,0xFF,0xFF,0xFF,0xFF,0xFF,0xFF,0xFF,0xFF,0x05,0x00,0x0C,0x00,0x0A,0x2C,0x2A,0x00,0x03,0x00,0x00,0x00,0x00,0x00,
    0x00,0x00,0x0D,0x00,0x54,0xC5,0x63,0x00,0x00,0x00,0x05,0x00,0x00,0x00,0x0D,0x00,0x1B,0x00,0x2D,0x00,0x00,0x00,0x05,0x00,
    0x00,0x00,0x05,0x00,0x00,0xA4,0x55,0x00,0x00,0x00,0x33,0x00,0x00,0x00,0x0F,0x48,0x6F,0x6C,0x64,0x00,0x00,0x00,0x00,0x00,
    0x00,0x00,0x00,0x00,0x00,0x00,0x00,0x00,0x00,0x00,0x00,0x00,0x00,0x00,0x00,0x00,0x00,0x00,0x00,0x00,0x00,0x40,0xE0,0x00,
    0x00,0x00,0x00,0x00,0x00,0x01,0x00,0x00,0x42,0x8C,0x00,0x00,0x01,0x00,0x05,0x00,0x18,0x00,0x00,0xA4,0x55,0x00,0x00,0x00,
    0x00,0x00,0x3C,0x00,0x00,0x00,0x0A,0x48,0x6F,0x6C,0x64,0x20,0x42,0x6C,0x61,0x63,0x6B,0x00,0x01,0x00,0x00,0x00,0x01,0x00,
    0x00,0x00,0x00,0x00,0x00,0x00,0x02,0x00,0x00,0x00,0x00,0x00,0x00,0x00,0x00,0x00,0x00,0x00,0x00,0x00,0x00,0x00,0x00,0x3F,
    0x80,0x00,0x00,0x00,0x00,0x00,0x00,0x3F,0x00,0x00,0x00,0xFF,0xFF,0xFF,0xFF,0x05,0x00,0x05,0x00,0x18,0x00,0x55,0x00,0x01,
    0x00,0x00,0x00,0x09,0x00,0x00,0x00,0x08,0x00,0x1B,0x00,0x1B,0x00,0x00,0x00,0x2B,0x00,0x00,0x00,0x06,0x43,0x75,0x74,0x73,
    0x63,0x65,0x6E,0x65,0x20,0x53,0x6B,0x69,0x70,0x20,0x32,0x20,0x46,0x72,0x61,0x6D,0x65,0x20,0x44,0x65,0x6C,0x61,0x79,0x00,
    0x3C,0xA3,0xD7,0x0A,0x00,0x00,0x00,0x00,0x00,0x00,0x01,0x05,0x00,0x05,0x00,0x0A,0x2B,0xBB,0x00,0x01,0x00,0x00,0x00,0x09,
    0x00,0x00,0x00,0x04,0x00,0x0A,0x2C,0x2A,0x00,0x00,0x00,0x1A,0x00,0x00,0x00,0x06,0x4C,0x6F,0x61,0x64,0x20,0x54,0x69,0x6D,
    0x65,0x72,0x00,0x3A,0x83,0x12,0x6F,0x00,0x00,0x00,0x00,0x01,0x01,0x00,0x03,0x00,0x1B,0x00,0x2F,0x00,0x00,0x00,0x00,0x00,
    0x00,0x00,0x07,0x00,0x1B,0x00,0x46,0x03,0x00,0x1B,0x00,0x2F,0x00,0x00,0x00,0x00,0x00,0x00,0x00,0x01,0x00,0x1B,0x00,0x2E,
    0x03,0x00,0x1B,0x00,0x38,0x00,0x00,0x00,0x05,0x00,0x00,0x00,0x0D,0x00,0x1B,0x00,0x50,0x03,0x00,0x1B,0x00,0x38,0x00,0x00,
    0x00,0x05,0x00,0x00,0x00,0x05,0x00,0x1B,0x00,0x46,0x03,0x00,0x1B,0x00,0x38,0x00,0x00,0x00,0x05,0x00,0x00,0x00,0x04,0x00,
    0x1B,0x00,0x2E,0x03,0x00,0x1B,0x00,0x38,0x00,0x00,0x00,0x05,0x00,0x00,0x00,0x0D,0x00,0x1B,0x00,0x43,0x04,0x00,0x1B,0x00,
    0x05,0x00,0x00,0x00,0x07,0x00,0x00,0x00,0x01,0x00,0x0A,0x2B,0xBB,0x04,0x00,0x1B,0x00,0x1E,0x00,0x00,0x00,0x09,0x00,0x00,
    0x00,0x07,0x00,0x1B,0x00,0x07,0x04,0x00,0x1B,0x00,0x20,0x00,0x00,0x00,0x09,0x00,0x00,0x00,0x05,0x00,0x1B,0x00,0x07,0x04,
    0x00,0x1B,0x00,0x2C,0x00,0x00,0x00,0x09,0x00,0x00,0x00,0x07,0x00,0x1B,0x00,0x06,0x04,0x00,0x1B,0x00,0x2C,0x00,0x00,0x00,
    0x09,0x00,0x00,0x00,0x07,0x00,0x1B,0x00,0x46,0x04,0x00,0x1B,0x00,0x2C,0x00,0x00,0x00,0x09,0x00,0x00,0x00,0x01,0x00,0x1B,
    0x00,0x2E,0x04,0x00,0x1B,0x00,0x2D,0x00,0x00,0x00,0x09,0x00,0x00,0x00,0x05,0x00,0x1B,0x00,0x06,0x04,0x00,0x1B,0x00,0x2D,
    0x00,0x00,0x00,0x09,0x00,0x00,0x00,0x04,0x00,0x1B,0x00,0x2E,0x04,0x00,0x1B,0x00,0x2D,0x00,0x00,0x00,0x09,0x00,0x00,0x00,
    0x05,0x00,0x1B,0x00,0x46,0x04,0x00,0x1B,0x00,0x2D,0x00,0x00,0x00,0x09,0x00,0x00,0x00,0x0D,0x00,0x1B,0x00,0x50,0x04,0x00,
    0x1B,0x00,0x2D,0x00,0x00,0x00,0x09,0x00,0x00,0x00,0x0D,0x00,0x1B,0x00,0x43,0x04,0x00,0x1B,0x00,0x38,0x00,0x00,0x00,0x05,
    0x00,0x00,0x00,0x0D,0x00,0x1B,0x00,0x2D,0x04,0x00,0x1B,0x00,0x4D,0x00,0x00,0x00,0x03,0x00,0x00,0x00,0x0D,0x00,0x1B,0x00,
    0x01,0x04,0x00,0x1B,0x00,0x4D,0x00,0x00,0x00,0x03,0x00,0x00,0x00,0x0D,0x00,0x1B,0x00,0x05,0x06,0x00,0x1B,0x00,0x4B,0x05,
    0x00,0x3A,0x00,0x10,0x00,0x78,0x00,0x0A,0x00,0x00,0x00,0x09,0x00,0x00,0x00,0x0D,0x00,0x10,0x03,0x3D,0x00,0x00,0x00,0x09,
    0x00,0x00,0x00,0x07,0x00,0x10,0x07,0xDB,0x00,0x00,0x00,0x09,0x00,0x00,0x00,0x0F,0x00,0x10,0x08,0xB3,0x00,0x00,0x00,0x09,
    0x00,0x00,0x00,0x0F,0x00,0x10,0x03,0x3B,0x00,0x00,0x00,0x09,0x00,0x00,0x00,0x04,0x00,0x10,0x03,0x37,0x00,0x00,0x00,0x09,
    0x00,0x00,0x00,0x05,0x00,0x10,0x03,0x31,0x00,0x00,0x00,0x09,0x00,0x00,0x00,0x0F,0x00,0x10,0x03,0x32,0x00,0x00,0x00,0x09,
    0x00,0x00,0x00,0x0D,0x00,0x10,0x00,0x82,0x00,0x00,0x00,0x09,0x00,0x00,0x00,0x0F,0x00,0x10,0x03,0x3C,0x00,0x00,0x00,0x09,
    0x00,0x00,0x00,0x01,0x00,0x10,0x03,0x38,0x00,0x00,0x00,0x6C,0x00,0x00,0x00,0x0F,0x45,0x6C,0x69,0x74,0x65,0x20,0x50,0x69,
    0x72,0x61,0x74,0x65,0x20,0x49,0x6E,0x74,0x72,0x6F,0x20,0x43,0x69,0x6E,0x65,0x6D,0x61,0x74,0x69,0x63,0x20,0x53,0x6B,0x69,
    0x70,0x00,0x00,0x00,0x00,0x00,0x00,0x00,0x00,0x00,0x00,0x00,0x00,0x00,0x00,0x00,0x00,0x00,0x00,0x00,0x00,0x00,0x00,0x00,
    0x00,0x00,0x00,0x00,0x00,0x0F,0x00,0x00,0x00,0x00,0x00,0x00,0x00,0x00,0x00,0x00,0x00,0x00,0x00,0xFF,0xFF,0xFF,0xFF,0xFF,
    0xFF,0xFF,0xFF,0x00,0x00,0x00,0x00,0x01,0x00,0x00,0x00,0x00,0xFF,0xFF,0xFF,0xFF,0xFF,0xFF,0xFF,0xFF,0xFF,0xFF,0xFF,0xFF,
    0x05,0x00,0x3A,0x00,0x10,0x00,0x7B,0x00,0x16,0x00,0x00,0x00,0x09,0x00,0x00,0x00,0x0D,0x00,0x10,0x00,0x7A,0x00,0x00,0x00,
    0x09,0x00,0x00,0x00,0x04,0x00,0x10,0x03,0x6A,0x00,0x00,0x00,0x09,0x00,0x00,0x00,0x0F,0x00,0x10,0x03,0x6F,0x00,0x00,0x00,
    0x09,0x00,0x00,0x00,0x0F,0x00,0x10,0x03,0x6D,0x00,0x00,0x00,0x09,0x00,0x00,0x00,0x04,0x00,0x10,0x03,0x71,0x00,0x00,0x00,
    0x09,0x00,0x00,0x00,0x0F,0x00,0x10,0x09,0x53,0x00,0x00,0x00,0x09,0x00,0x00,0x00,0x0F,0x00,0x10,0x03,0x7B,0x00,0x00,0x00,
    0x09,0x00,0x00,0x00,0x0F,0x00,0x10,0x07,0x22,0x00,0x00,0x00,0x09,0x00,0x00,0x00,0x0F,0x00,0x10,0x07,0x23,0x00,0x00,0x00,
    0x09,0x00,0x00,0x00,0x0E,0x00,0x10,0x09,0x4B,0x00,0x00,0x00,0x09,0x00,0x00,0x00,0x04,0x00,0x10,0x07,0xD0,0x00,0x00,0x00,
    0x09,0x00,0x00,0x00,0x04,0x00,0x10,0x07,0xD1,0x00,0x00,0x00,0x09,0x00,0x00,0x00,0x0F,0x00,0x10,0x09,0x59,0x00,0x00,0x00,
    0x09,0x00,0x00,0x00,0x0D,0x00,0x10,0x0A,0x16,0x00,0x00,0x00,0x09,0x00,0x00,0x00,0x0F,0x00,0x10,0x09,0x55,0x00,0x00,0x00,
    0x09,0x00,0x00,0x00,0x04,0x00,0x10,0x07,0xD2,0x00,0x00,0x00,0x09,0x00,0x00,0x00,0x04,0x00,0x10,0x00,0x7C,0x00,0x00,0x00,
    0x09,0x00,0x00,0x00,0x0D,0x00,0x10,0x09,0x5B,0x00,0x00,0x00,0x09,0x00,0x00,0x00,0x04,0x00,0x10,0x07,0xDB,0x00,0x00,0x00,
    0x09,0x00,0x00,0x00,0x04,0x00,0x10,0x00,0x8B,0x00,0x00,0x00,0x09,0x00,0x00,0x00,0x0B,0x00,0x10,0x00,0x7D,0x00,0x00,0x00,
    0x09,0x00,0x00,0x00,0x01,0x00,0x10,0x07,0xE3,0x00,0x00,0x00,0x6C,0x00,0x00,0x00,0x0F,0x45,0x6C,0x69,0x74,0x65,0x20,0x50,
    0x69,0x72,0x61,0x74,0x65,0x20,0x44,0x65,0x61,0x74,0x68,0x20,0x43,0x69,0x6E,0x65,0x6D,0x61,0x74,0x69,0x63,0x20,0x53,0x6B,
    0x69,0x70,0x00,0x00,0x00,0x00,0x00,0x00,0x00,0x00,0x00,0x00,0x00,0x00,0x00,0x00,0x00,0x00,0x00,0x00,0x00,0x00,0x00,0x00,
    0x00,0x00,0x00,0x00,0x00,0x00,0x0F,0x00,0x00,0x00,0x00,0x00,0x00,0x00,0x00,0x00,0x00,0x00,0x00,0x00,0xFF,0xFF,0xFF,0xFF,
    0xFF,0xFF,0xFF,0xFF,0x00,0x00,0x00,0x00,0x01,0x00,0x00,0x00,0x00,0xFF,0xFF,0xFF,0xFF,0xFF,0xFF,0xFF,0xFF,0xFF,0xFF,0xFF,
    0xFF,0x05,0x00,0x1D,0x00,0x10,0x00,0x7E,0x00,0x01,0x00,0x00,0x00,0x12,0x00,0x00,0x00,0x14,0x00,0x10,0x03,0x38,0x00,0x00,
    0x00,0x27,0x00,0x00,0x00,0x07,0x4F,0x48,0x20,0x4C,0x41,0x57,0x44,0x20,0x48,0x45,0x20,0x43,0x4F,0x4D,0x49,0x4E,0x00,0x00,
    0x00,0x00,0x2C,0x00,0x00,0x00,0x00,0x00,0x01,0x00,0x00,0x00,0x00,0x3F,0x80,0x00,0x00,0x05,0x00,0x1D,0x00,0x10,0x00,0x80,
    0x00,0x01,0x00,0x00,0x00,0x12,0x00,0x00,0x00,0x14,0x00,0x10,0x03,0x38,0x00,0x00,0x00,0x27,0x00,0x00,0x00,0x07,0x53,0x4F,
    0x4D,0x45,0x4F,0x4E,0x45,0x20,0x53,0x54,0x4F,0x50,0x20,0x48,0x49,0x4D,0x00,0x00,0x00,0x00,0x32,0x00,0x00,0x00,0x00,0x00,
    0x01,0x00,0x00,0x00,0x00,0x3F,0x80,0x00,0x00,0x05,0x00,0x05,0x00,0x10,0x00,0x7D,0x00,0x01,0x00,0x00,0x00,0x09,0x00,0x00,
    0x00,0x04,0x00,0x10,0x07,0xE3,0x00,0x00,0x00,0x34,0x00,0x00,0x00,0x06,0x43,0x75,0x74,0x73,0x63,0x65,0x6E,0x65,0x20,0x53,
    0x6B,0x69,0x70,0x20,0x44,0x65,0x61,0x63,0x74,0x69,0x76,0x61,0x74,0x65,0x20,0x45,0x6C,0x65,0x63,0x74,0x72,0x69,0x63,0x69,
    0x74,0x79,0x00,0x3F,0x80,0x00,0x00,0x00,0x00,0x00,0x00,0x00,0x00,0x01,0x05,0x00,0x05,0x00,0x10,0x00,0x81,0x00,0x01,0x00,
    0x00,0x00,0x09,0x00,0x00,0x00,0x13,0x00,0x10,0x00,0x80,0x00,0x00,0x00,0x28,0x00,0x00,0x00,0x06,0x52,0x75,0x6E,0x20,0x41,
    0x6E,0x69,0x6D,0x61,0x74,0x69,0x6F,0x6E,0x20,0x53,0x74,0x6F,0x70,0x20,0x44,0x65,0x6C,0x61,0x79,0x00,0x3F,0x33,0x33,0x33,
    0x00,0x00,0x00,0x00,0x00,0x00,0x01,0x05,0x00,0x05,0x00,0x10,0x00,0x83,0x00,0x06,0x00,0x00,0x00,0x09,0x00,0x00,0x00,0x0E,
    0x00,0x10,0x00,0x93,0x00,0x00,0x00,0x09,0x00,0x00,0x00,0x0E,0x00,0x10,0x00,0x10,0x00,0x00,0x00,0x09,0x00,0x00,0x00,0x0E,
    0x00,0x10,0x03,0x3E,0x00,0x00,0x00,0x09,0x00,0x00,0x00,0x0D,0x00,0x10,0x0C,0x2F,0x00,0x00,0x00,0x09,0x00,0x00,0x00,0x14,
    0x00,0x10,0x09,0xE6,0x00,0x00,0x00,0x09,0x00,0x00,0x00,0x14,0x00,0x10,0x09,0xE7,0x00,0x00,0x00,0x22,0x00,0x00,0x00,0x06,
    0x4D,0x65,0x74,0x61,0x6C,0x20,0x50,0x69,0x70,0x65,0x20,0x46,0x61,0x6C,0x6C,0x69,0x6E,0x67,0x00,0x3E,0x4C,0xCC,0xCD,0x00,
    0x00,0x00,0x00,0x00,0x00,0x01,0x05,0x00,0x05,0x00,0x1F,0x42,0xE1,0x00,0x01,0x00,0x00,0x00,0x09,0x00,0x00,0x00,0x14,0x00,
    0x10,0x0A,0x19,0x00,0x00,0x00,0x2C,0x00,0x00,0x00,0x06,0x4E,0x65,0x77,0x20,0x45,0x6C,0x69,0x74,0x65,0x20,0x50,0x69,0x72,
    0x61,0x74,0x65,0x20,0x4D,0x75,0x73,0x69,0x63,0x20,0x54,0x69,0x6D,0x65,0x72,0x00,0x3F,0xD9,0x99,0x9A,0x00,0x00,0x00,0x00,
    0x00,0x00,0x01,0x05,0x01,0x15,0x00,0x10,0x00,0x0F,0x00,0x04,0x00,0x00,0x00,0x09,0x00,0x00,0x00,0x07,0x00,0x10,0x03,0x22,
    0x00,0x00,0x00,0x09,0x00,0x00,0x00,0x0B,0x00,0x10,0x08,0xB3,0x00,0x00,0x00,0x09,0x00,0x00,0x00,0x01,0x00,0x10,0x07,0xF0,
    0x00,0x00,0x00,0x09,0x00,0x00,0x00,0x07,0x00,0x10,0x00,0x78,0x00,0x00,0x00,0x1B,0x00,0x00,0x00,0x02,0x52,0x65,0x6C,0x61,
    0x79,0x2D,0x73,0x74,0x61,0x72,0x74,0x20,0x6F,0x66,0x20,0x63,0x69,0x6E,0x65,0x6D,0x61,0x00,0x01,0x05,0x01,0x15,0x00,0x10,
    0x00,0x79,0x00,0x03,0x00,0x00,0x00,0x09,0x00,0x00,0x00,0x0B,0x00,0x10,0x03,0x3B,0x00,0x00,0x00,0x09,0x00,0x00,0x00,0x04,
    0x00,0x10,0x03,0x37,0x00,0x00,0x00,0x09,0x00,0x00,0x00,0x01,0x00,0x10,0x03,0x38,0x00,0x00,0x00,0x0E,0x00,0x00,0x00,0x02,
    0x42,0x72,0x65,0x61,0x6B,0x6F,0x75,0x74,0x00,0x01,0x05,0x01,0x15,0x00,0x10,0x00,0x7A,0x00,0x02,0x00,0x00,0x00,0x09,0x00,
    0x00,0x00,0x05,0x00,0x10,0x03,0x22,0x00,0x00,0x00,0x09,0x00,0x00,0x00,0x05,0x00,0x10,0x00,0x7B,0x00,0x00,0x00,0x25,0x00,
    0x00,0x00,0x02,0x45,0x6C,0x69,0x74,0x65,0x20,0x50,0x69,0x72,0x61,0x74,0x65,0x20,0x44,0x65,0x61,0x74,0x68,0x20,0x43,0x75,
    0x74,0x73,0x63,0x65,0x6E,0x65,0x20,0x45,0x6E,0x64,0x00,0x01,0x05,0x01,0x15,0x00,0x10,0x00,0x82,0x00,0x04,0x00,0x00,0x00,
    0x09,0x00,0x00,0x00,0x13,0x00,0x10,0x00,0x7E,0x00,0x00,0x00,0x09,0x00,0x00,0x00,0x0B,0x00,0x10,0x00,0x81,0x00,0x00,0x00,
    0x09,0x00,0x00,0x00,0x0B,0x00,0x10,0x00,0x83,0x00,0x00,0x00,0x09,0x00,0x00,0x00,0x14,0x00,0x10,0x0A,0x19,0x00,0x00,0x00,
    0x15,0x00,0x00,0x00,0x02,0x53,0x6B,0x69,0x70,0x20,0x2D,0x20,0x42,0x72,0x65,0x61,0x6B,0x6F,0x75,0x74,0x00,0x01,0x03,0x04,
    0x10,0x03,0x29,0x00,0x00,0x00,0x05,0x00,0x00,0x00,0x05,0x04,0x10,0x03,0x22,0x03,0x04,0x10,0x03,0x29,0x00,0x00,0x00,0x00,
    0x00,0x00,0x00,0x0E,0x04,0x10,0x03,0x3B,0x03,0x04,0x10,0x03,0x29,0x00,0x00,0x00,0x00,0x00,0x00,0x00,0x04,0x04,0x10,0x03,
    0x37,0x03,0x04,0x10,0x03,0x29,0x00,0x00,0x00,0x00,0x00,0x00,0x00,0x01,0x04,0x10,0x03,0x38,0x03,0x04,0x10,0x03,0x29,0x00,
    0x00,0x00,0x00,0x00,0x00,0x00,0x0D,0x04,0x10,0x07,0x2D,0x03,0x04,0x10,0x03,0x71,0x00,0x00,0x00,0x00,0x00,0x00,0x00,0x07,
    0x04,0x10,0x03,0x22,0x03,0x04,0x10,0x03,0x71,0x00,0x00,0x00,0x05,0x00,0x00,0x00,0x05,0x04,0x10,0x03,0x22,0x03,0x04,0x10,
    0x03,0x71,0x00,0x00,0x00,0x00,0x00,0x00,0x00,0x0B,0x04,0x10,0x0B,0xF2,0x03,0x04,0x10,0x07,0xF0,0x00,0x00,0x00,0x00,0x00,
    0x00,0x00,0x07,0x04,0x10,0x03,0x22,0x03,0x04,0x10,0x07,0xF0,0x00,0x00,0x00,0x00,0x00,0x00,0x00,0x0B,0x04,0x10,0x08,0xB3,
    0x03,0x04,0x10,0x07,0xFE,0x00,0x00,0x00,0x03,0x00,0x00,0x00,0x01,0x04,0x10,0x07,0xF0,0x04,0x04,0x10,0x03,0x29,0x00,0x00,
    0x00,0x00,0x00,0x00,0x00,0x0D,0x00,0x10,0x00,0x79,0x04,0x04,0x10,0x03,0x3B,0x00,0x00,0x00,0x09,0x00,0x00,0x00,0x0B,0x00,
    0x1F,0x42,0xE1,0x04,0x04,0x10,0x03,0x3B,0x00,0x00,0x00,0x09,0x00,0x00,0x00,0x04,0x00,0x10,0x00,0x79,0x04,0x04,0x10,0x03,
    0x3D,0x00,0x00,0x00,0x09,0x00,0x00,0x00,0x0D,0x00,0x10,0x07,0x2D,0x04,0x04,0x10,0x03,0x3D,0x00,0x00,0x00,0x09,0x00,0x00,
    0x00,0x05,0x00,0x10,0x03,0x22,0x04,0x04,0x10,0x03,0x3D,0x00,0x00,0x00,0x09,0x00,0x00,0x00,0x05,0x00,0x10,0x03,0x22,0x04,
    0x04,0x10,0x03,0x3D,0x00,0x00,0x00,0x09,0x00,0x00,0x00,0x05,0x00,0x10,0x03,0x22,0x04,0x04,0x10,0x03,0x3D,0x00,0x00,0x00,
    0x09,0x00,0x00,0x00,0x05,0x00,0x10,0x00,0x78,0x04,0x04,0x10,0x03,0x70,0x00,0x00,0x00,0x09,0x00,0x00,0x00,0x07,0x00,0x10,
    0x03,0x22,0x04,0x04,0x10,0x03,0x70,0x00,0x00,0x00,0x09,0x00,0x00,0x00,0x0B,0x00,0x10,0x0B,0xF2,0x04,0x04,0x10,0x03,0x70,
    0x00,0x00,0x00,0x09,0x00,0x00,0x00,0x07,0x00,0x10,0x00,0x7B,0x04,0x04,0x10,0x07,0xD2,0x00,0x00,0x00,0x05,0x00,0x00,0x00,
    0x0D,0x00,0x10,0x00,0x7A,0x04,0x04,0x10,0x07,0xD2,0x00,0x00,0x00,0x05,0x00,0x00,0x00,0x05,0x00,0x10,0x03,0x22,0x04,0x04,
    0x10,0x07,0xD2,0x00,0x00,0x00,0x00,0x00,0x00,0x00,0x04,0x00,0x10,0x00,0x7D,0x04,0x04,0x10,0x07,0xFE,0x00,0x00,0x00,0x03,
    0x00,0x00,0x00,0x0D,0x00,0x10,0x00,0x0F,0x06,0x04,0x10,0x0B,0x85,0x05,0x00,0x3A,0x00,0x08,0x87,0xFF,0x00,0x36,0x00,0x00,
    0x00,0x09,0x00,0x00,0x00,0x0D,0x00,0x07,0x00,0xCA,0x00,0x00,0x00,0x09,0x00,0x00,0x00,0x04,0x00,0x07,0x00,0x99,0x00,0x00,
    0x00,0x09,0x00,0x00,0x00,0x04,0x00,0x07,0x00,0xCB,0x00,0x00,0x00,0x09,0x00,0x00,0x00,0x04,0x00,0x07,0x00,0xCC,0x00,0x00,
    0x00,0x09,0x00,0x00,0x00,0x04,0x00,0x07,0x00,0xD6,0x00,0x00,0x00,0x09,0x00,0x00,0x00,0x04,0x00,0x07,0x00,0xD7,0x00,0x00,
    0x00,0x09,0x00,0x00,0x00,0x04,0x00,0x07,0x00,0xE7,0x00,0x00,0x00,0x09,0x00,0x00,0x00,0x01,0x00,0x07,0x00,0xE8,0x00,0x00,
    0x00,0x09,0x00,0x00,0x00,0x01,0x00,0x07,0x00,0xF4,0x00,0x00,0x00,0x09,0x00,0x00,0x00,0x01,0x00,0x07,0x00,0xF5,0x00,0x00,
    0x00,0x09,0x00,0x00,0x00,0x01,0x00,0x07,0x00,0xF9,0x00,0x00,0x00,0x09,0x00,0x00,0x00,0x0F,0x00,0x07,0x00,0xFC,0x00,0x00,
    0x00,0x09,0x00,0x00,0x00,0x0F,0x00,0x07,0x00,0xFD,0x00,0x00,0x00,0x09,0x00,0x00,0x00,0x0F,0x00,0x07,0x00,0xFE,0x00,0x00,
    0x00,0x09,0x00,0x00,0x00,0x0F,0x00,0x07,0x01,0x00,0x00,0x00,0x00,0x09,0x00,0x00,0x00,0x01,0x00,0x07,0x01,0x04,0x00,0x00,
    0x00,0x09,0x00,0x00,0x00,0x0F,0x00,0x07,0x01,0x05,0x00,0x00,0x00,0x09,0x00,0x00,0x00,0x01,0x00,0x07,0x01,0x06,0x00,0x00,
    0x00,0x09,0x00,0x00,0x00,0x01,0x00,0x07,0x01,0x07,0x00,0x00,0x00,0x09,0x00,0x00,0x00,0x01,0x00,0x07,0x01,0x08,0x00,0x00,
    0x00,0x09,0x00,0x00,0x00,0x0F,0x00,0x07,0x01,0x09,0x00,0x00,0x00,0x09,0x00,0x00,0x00,0x0F,0x00,0x07,0x01,0x0A,0x00,0x00,
    0x00,0x09,0x00,0x00,0x00,0x0F,0x00,0x07,0x01,0x0B,0x00,0x00,0x00,0x09,0x00,0x00,0x00,0x01,0x00,0x07,0x01,0x0C,0x00,0x00,
    0x00,0x09,0x00,0x00,0x00,0x01,0x00,0x07,0x01,0x0D,0x00,0x00,0x00,0x09,0x00,0x00,0x00,0x01,0x00,0x07,0x01,0x0E,0x00,0x00,
    0x00,0x09,0x00,0x00,0x00,0x04,0x00,0x07,0x01,0x0F,0x00,0x00,0x00,0x09,0x00,0x00,0x00,0x04,0x00,0x07,0x01,0x10,0x00,0x00,
    0x00,0x09,0x00,0x00,0x00,0x0F,0x00,0x07,0x01,0x11,0x00,0x00,0x00,0x09,0x00,0x00,0x00,0x01,0x00,0x07,0x01,0x12,0x00,0x00,
    0x00,0x09,0x00,0x00,0x00,0x01,0x00,0x07,0x01,0x13,0x00,0x00,0x00,0x09,0x00,0x00,0x00,0x01,0x00,0x07,0x01,0x14,0x00,0x00,
    0x00,0x09,0x00,0x00,0x00,0x04,0x00,0x07,0x01,0x15,0x00,0x00,0x00,0x09,0x00,0x00,0x00,0x04,0x00,0x07,0x01,0x16,0x00,0x00,
    0x00,0x09,0x00,0x00,0x00,0x04,0x00,0x07,0x01,0x17,0x00,0x00,0x00,0x09,0x00,0x00,0x00,0x04,0x00,0x07,0x01,0x18,0x00,0x00,
    0x00,0x09,0x00,0x00,0x00,0x04,0x00,0x07,0x01,0x19,0x00,0x00,0x00,0x09,0x00,0x00,0x00,0x04,0x00,0x07,0x01,0x1A,0x00,0x00,
    0x00,0x09,0x00,0x00,0x00,0x04,0x00,0x07,0x01,0x1B,0x00,0x00,0x00,0x09,0x00,0x00,0x00,0x04,0x00,0x07,0x01,0x1C,0x00,0x00,
    0x00,0x09,0x00,0x00,0x00,0x0F,0x00,0x07,0x01,0x1D,0x00,0x00,0x00,0x09,0x00,0x00,0x00,0x0F,0x00,0x07,0x01,0x1E,0x00,0x00,
    0x00,0x09,0x00,0x00,0x00,0x0F,0x00,0x07,0x01,0x1F,0x00,0x00,0x00,0x09,0x00,0x00,0x00,0x0F,0x00,0x07,0x01,0x20,0x00,0x00,
    0x00,0x09,0x00,0x00,0x00,0x0F,0x00,0x07,0x01,0x21,0x00,0x00,0x00,0x09,0x00,0x00,0x00,0x0F,0x00,0x07,0x01,0x22,0x00,0x00,
    0x00,0x09,0x00,0x00,0x00,0x0F,0x00,0x07,0x01,0x23,0x00,0x00,0x00,0x09,0x00,0x00,0x00,0x0F,0x00,0x07,0x01,0x24,0x00,0x00,
    0x00,0x09,0x00,0x00,0x00,0x0F,0x00,0x07,0x01,0x25,0x00,0x00,0x00,0x09,0x00,0x00,0x00,0x0F,0x00,0x07,0x01,0x26,0x00,0x00,
    0x00,0x09,0x00,0x00,0x00,0x0F,0x00,0x07,0x01,0x52,0x00,0x00,0x00,0x09,0x00,0x00,0x00,0x01,0x00,0x07,0x01,0x58,0x00,0x00,
    0x00,0x09,0x00,0x00,0x00,0x0F,0x00,0x07,0x01,0x59,0x00,0x00,0x00,0x09,0x00,0x00,0x00,0x04,0x00,0x07,0x00,0x98,0x00,0x00,
    0x00,0x69,0x00,0x00,0x00,0x0F,0x53,0x70,0x65,0x63,0x69,0x61,0x6C,0x46,0x75,0x6E,0x63,0x74,0x69,0x6F,0x6E,0x20,0x43,0x69,
    0x6E,0x65,0x6D,0x61,0x74,0x69,0x63,0x20,0x53,0x6B,0x69,0x70,0x00,0x00,0x00,0x00,0x00,0x00,0x00,0x00,0x00,0x00,0x00,0x00,
    0x00,0x00,0x00,0x00,0x00,0x00,0x00,0x00,0x00,0x00,0x00,0x00,0x00,0x00,0x00,0x00,0x0F,0x00,0x00,0x00,0x00,0x00,0x00,0x00,
    0x00,0x00,0x00,0x00,0x00,0x00,0xFF,0xFF,0xFF,0xFF,0xFF,0xFF,0xFF,0xFF,0x00,0x00,0x00,0x00,0x01,0x00,0x00,0x00,0x00,0xFF,
    0xFF,0xFF,0xFF,0xFF,0xFF,0xFF,0xFF,0xFF,0xFF,0xFF,0xFF,0x03,0x00,0x07,0x00,0xC6,0x00,0x00,0x00,0x05,0x00,0x00,0x00,0x05,
    0x00,0x07,0x00,0x9A,0x03,0x00,0x07,0x00,0xC6,0x00,0x00,0x00,0x05,0x00,0x00,0x00,0x04,0x00,0x07,0x00,0xD4,0x03,0x00,0x07,
    0x00,0xC6,0x00,0x00,0x00,0x05,0x00,0x00,0x00,0x0D,0x00,0x07,0x00,0xA4,0x03,0x00,0x07,0x00,0xC6,0x00,0x00,0x00,0x05,0x00,
    0x00,0x00,0x0D,0x00,0x07,0x01,0x5E,0x04,0x00,0x07,0x00,0x9C,0x00,0x00,0x00,0x09,0x00,0x00,0x00,0x0D,0x00,0x07,0x01,0x5E,
    0x04,0x00,0x07,0x00,0x9C,0x00,0x00,0x00,0x09,0x00,0x00,0x00,0x07,0x00,0x08,0x87,0xFF,0x04,0x00,0x07,0x00,0x9C,0x00,0x00,
    0x00,0x09,0x00,0x00,0x00,0x07,0x00,0x07,0x00,0x9A,0x04,0x00,0x07,0x00,0xCA,0x00,0x00,0x00,0x09,0x00,0x00,0x00,0x05,0x00,
    0x08,0x87,0xFF,0x04,0x00,0x07,0x00,0xCA,0x00,0x00,0x00,0x09,0x00,0x00,0x00,0x05,0x00,0x07,0x00,0x9A,0x04,0x00,0x07,0x00,
    0xCA,0x00,0x00,0x00,0x09,0x00,0x00,0x00,0x04,0x00,0x07,0x00,0xD4,0x04,0x00,0x07,0x00,0xCA,0x00,0x00,0x00,0x09,0x00,0x00,
    0x00,0x0D,0x00,0x07,0x00,0xA4,0x05,0x00,0x15,0x00,0x24,0x1F,0xC6,0x00,0x05,0x00,0x00,0x00,0x09,0x00,0x00,0x00,0x05,0x00,
    0x24,0x00,0x04,0x00,0x00,0x00,0x09,0x00,0x00,0x00,0x05,0x00,0x24,0x00,0x23,0x00,0x00,0x00,0x09,0x00,0x00,0x00,0x0D,0x00,
    0x24,0x01,0x59,0x00,0x00,0x00,0x09,0x00,0x00,0x00,0x04,0x00,0x24,0x01,0xA2,0x00,0x00,0x00,0x09,0x00,0x00,0x00,0x0D,0x00,
    0x24,0x00,0x34,0x00,0x00,0x00,0x16,0x00,0x00,0x00,0x02,0x45,0x6E,0x64,0x20,0x49,0x6E,0x74,0x72,0x6F,0x20,0x43,0x69,0x6E,
    0x65,0x6D,0x61,0x00,0x01,0x05,0x00,0x15,0x00,0x24,0x29,0xC5,0x00,0x04,0x00,0x00,0x00,0x09,0x00,0x00,0x00,0x05,0x00,0x24,
    0x00,0x22,0x00,0x00,0x00,0x09,0x00,0x00,0x00,0x05,0x00,0x24,0x00,0x23,0x00,0x00,0x00,0x09,0x00,0x00,0x00,0x0D,0x00,0x24,
    0x00,0x34,0x00,0x00,0x00,0x09,0x00,0x00,0x00,0x01,0x00,0x24,0x00,0x91,0x00,0x00,0x00,0x15,0x00,0x00,0x00,0x02,0x45,0x6E,
    0x64,0x20,0x4F,0x75,0x74,0x72,0x6F,0x20,0x53,0x74,0x61,0x67,0x65,0x00,0x01,0x05,0x00,0x15,0x00,0x24,0x1F,0xC9,0x00,0x01,
    0x00,0x00,0x00,0x09,0x00,0x00,0x00,0x08,0x00,0x24,0x00,0x4B,0x00,0x00,0x00,0x24,0x00,0x00,0x00,0x02,0x42,0x72,0x69,0x64,
    0x67,0x65,0x20,0x2D,0x20,0x53,0x6B,0x69,0x70,0x20,0x74,0x6F,0x20,0x4E,0x65,0x78,0x74,0x20,0x50,0x6F,0x73,0x69,0x74,0x69,
    0x6F,0x6E,0x00,0x00,0x05,0x00,0x15,0x00,0x24,0x1F,0xCC,0x00,0x05,0x00,0x00,0x00,0x09,0x00,0x00,0x00,0x0B,0x00,0x24,0x01,
    0x0E,0x00,0x00,0x00,0x09,0x00,0x00,0x00,0x13,0x00,0x24,0x00,0x49,0x00,0x00,0x00,0x09,0x00,0x00,0x00,0x08,0x00,0x24,0x00,
    0x2A,0x00,0x00,0x00,0x09,0x00,0x00,0x00,0x04,0x00,0x24,0x01,0x3D,0x00,0x00,0x00,0x09,0x00,0x00,0x00,0x01,0x00,0x24,0x01,
    0x3C,0x00,0x00,0x00,0x25,0x00,0x00,0x00,0x02,0x54,0x6F,0x74,0x65,0x6D,0x20,0x31,0x20,0x2D,0x20,0x53,0x6B,0x69,0x70,0x20,
    0x74,0x6F,0x20,0x4E,0x65,0x78,0x74,0x20,0x50,0x6F,0x73,0x69,0x74,0x69,0x6F,0x6E,0x00,0x00,0x05,0x00,0x15,0x00,0x24,0x29,
    0xC4,0x00,0x06,0x00,0x00,0x00,0x09,0x00,0x00,0x00,0x08,0x00,0x24,0x00,0x2A,0x00,0x00,0x00,0x09,0x00,0x00,0x00,0x13,0x00,
    0x24,0x4B,0x3E,0x00,0x00,0x00,0x09,0x00,0x00,0x00,0x04,0x00,0x24,0x01,0x3C,0x00,0x00,0x00,0x09,0x00,0x00,0x00,0x01,0x00,
    0x24,0x01,0x3D,0x00,0x00,0x00,0x09,0x00,0x00,0x00,0x04,0x00,0x24,0x00,0x2D,0x00,0x00,0x00,0x09,0x00,0x00,0x00,0x14,0x00,
    0x24,0x00,0x2F,0x00,0x00,0x00,0x25,0x00,0x00,0x00,0x02,0x54,0x6F,0x74,0x65,0x6D,0x20,0x32,0x20,0x2D,0x20,0x53,0x6B,0x69,
    0x70,0x20,0x74,0x6F,0x20,0x4E,0x65,0x78,0x74,0x20,0x50,0x6F,0x73,0x69,0x74,0x69,0x6F,0x6E,0x00,0x00,0x05,0x00,0x15,0x00,
    0x23,0x9B,0x73,0x00,0x02,0x00,0x00,0x00,0x09,0x00,0x00,0x00,0x08,0x00,0x24,0x00,0x25,0x00,0x00,0x00,0x09,0x00,0x00,0x00,
    0x08,0x00,0x24,0x00,0xA3,0x00,0x00,0x00,0x21,0x00,0x00,0x00,0x02,0x53,0x6B,0x69,0x70,0x20,0x57,0x61,0x74,0x65,0x72,0x20,
    0x74,0x6F,0x20,0x4E,0x65,0x78,0x74,0x20,0x50,0x6F,0x73,0x69,0x74,0x69,0x6F,0x6E,0x00,0x00,0x05,0x00,0x15,0x00,0x24,0x1F,
    0xD2,0x00,0x02,0x00,0x00,0x00,0x09,0x00,0x00,0x00,0x14,0x00,0x24,0x1F,0xD8,0x00,0x00,0x00,0x09,0x00,0x00,0x00,0x0E,0x00,
    0x24,0x1F,0xEA,0x00,0x00,0x00,0x1A,0x00,0x00,0x00,0x02,0x49,0x6E,0x74,0x72,0x6F,0x20,0x2D,0x20,0x44,0x6F,0x20,0x46,0x61,
    0x73,0x74,0x20,0x53,0x6B,0x69,0x70,0x00,0x01,0x05,0x00,0x3A,0x00,0x24,0x00,0x04,0x00,0x1B,0x00,0x00,0x00,0x09,0x00,0x00,
    0x00,0x0D,0x00,0x24,0x1F,0xC6,0x00,0x00,0x00,0x09,0x00,0x00,0x00,0x0D,0x00,0x23,0x9B,0x73,0x00,0x00,0x00,0x09,0x00,0x00,
    0x00,0x0D,0x00,0x24,0x1F,0xC9,0x00,0x00,0x00,0x09,0x00,0x00,0x00,0x0D,0x00,0x24,0x1F,0xCC,0x00,0x00,0x00,0x09,0x00,0x00,
    0x00,0x0D,0x00,0x24,0x1F,0xD2,0x00,0x00,0x00,0x09,0x00,0x00,0x00,0x0F,0x00,0x24,0x01,0x08,0x00,0x00,0x00,0x09,0x00,0x00,
    0x00,0x0F,0x00,0x24,0x01,0x10,0x00,0x00,0x00,0x09,0x00,0x00,0x00,0x0D,0x00,0x24,0x00,0x80,0x00,0x00,0x00,0x09,0x00,0x00,
    0x00,0x0F,0x00,0x24,0x00,0xB1,0x00,0x00,0x00,0x09,0x00,0x00,0x00,0x04,0x00,0x24,0x00,0x1E,0x00,0x00,0x00,0x09,0x00,0x00,
    0x00,0x04,0x00,0x24,0x00,0x90,0x00,0x00,0x00,0x09,0x00,0x00,0x00,0x04,0x00,0x24,0x01,0x01,0x00,0x00,0x00,0x09,0x00,0x00,
    0x00,0x04,0x00,0x24,0x01,0x03,0x00,0x00,0x00,0x09,0x00,0x00,0x00,0x04,0x00,0x24,0x01,0x04,0x00,0x00,0x00,0x09,0x00,0x00,
    0x00,0x04,0x00,0x24,0x01,0x06,0x00,0x00,0x00,0x09,0x00,0x00,0x00,0x04,0x00,0x24,0x01,0x49,0x00,0x00,0x00,0x09,0x00,0x00,
    0x00,0x04,0x00,0x24,0x01,0x4C,0x00,0x00,0x00,0x09,0x00,0x00,0x00,0x04,0x00,0x24,0x01,0x57,0x00,0x00,0x00,0x09,0x00,0x00,
    0x00,0x04,0x00,0x24,0x00,0x35,0x00,0x00,0x00,0x09,0x00,0x00,0x00,0x04,0x00,0x24,0x01,0x07,0x00,0x00,0x00,0x09,0x00,0x00,
    0x00,0x10,0x00,0x24,0x00,0xAA,0x00,0x00,0x00,0x09,0x00,0x00,0x00,0x0B,0x00,0x24,0x02,0x87,0x00,0x00,0x00,0x09,0x00,0x00,
    0x00,0x10,0x00,0x24,0x00,0x43,0x00,0x00,0x00,0x09,0x00,0x00,0x00,0x10,0x00,0x24,0x00,0x41,0x00,0x00,0x00,0x09,0x00,0x00,
    0x00,0x0E,0x00,0x24,0x1F,0xD5,0x00,0x00,0x00,0x09,0x00,0x00,0x00,0x04,0x00,0x24,0x01,0x0E,0x00,0x00,0x00,0x09,0x00,0x00,
    0x00,0x0D,0x00,0x24,0x00,0x0F,0x00,0x00,0x00,0x55,0x00,0x00,0x00,0x0F,0x49,0x6E,0x74,0x72,0x6F,0x20,0x53,0x6B,0x69,0x70,
    0x00,0x00,0x00,0x00,0x00,0x00,0x00,0x00,0x00,0x00,0x00,0x00,0x00,0x00,0x00,0x00,0x00,0x00,0x00,0x00,0x00,0x00,0x00,0x00,
    0x00,0x00,0x00,0x00,0x0F,0x00,0x00,0x00,0x00,0x00,0x00,0x00,0x00,0x00,0x00,0x00,0x00,0x00,0xFF,0xFF,0xFF,0xFF,0xFF,0xFF,
    0xFF,0xFF,0x00,0x00,0x00,0x00,0x01,0x00,0x00,0x00,0x00,0xFF,0xFF,0xFF,0xFF,0xFF,0xFF,0xFF,0xFF,0xFF,0xFF,0xFF,0xFF,0x05,
    0x00,0x3A,0x00,0x24,0x00,0x22,0x00,0x09,0x00,0x00,0x00,0x09,0x00,0x00,0x00,0x0D,0x00,0x24,0x29,0xC5,0x00,0x00,0x00,0x09,
    0x00,0x00,0x00,0x0D,0x00,0x24,0x1F,0xC9,0x00,0x00,0x00,0x09,0x00,0x00,0x00,0x0D,0x00,0x23,0x9B,0x73,0x00,0x00,0x00,0x09,
    0x00,0x00,0x00,0x0F,0x00,0x24,0x01,0xA0,0x00,0x00,0x00,0x09,0x00,0x00,0x00,0x0F,0x00,0x24,0x00,0x92,0x00,0x00,0x00,0x09,
    0x00,0x00,0x00,0x10,0x00,0x24,0x00,0x5F,0x00,0x00,0x00,0x09,0x00,0x00,0x00,0x0D,0x00,0x24,0x00,0x0A,0x00,0x00,0x00,0x09,
    0x00,0x00,0x00,0x01,0x00,0x24,0x01,0x64,0x00,0x00,0x00,0x09,0x00,0x00,0x00,0x0D,0x00,0x24,0x29,0xC4,0x00,0x00,0x00,0x55,
    0x00,0x00,0x00,0x0F,0x4F,0x75,0x74,0x72,0x6F,0x20,0x53,0x6B,0x69,0x70,0x00,0x00,0x00,0x00,0x00,0x00,0x00,0x00,0x00,0x00,
    0x00,0x00,0x00,0x00,0x00,0x00,0x00,0x00,0x00,0x00,0x00,0x00,0x00,0x00,0x00,0x00,0x00,0x00,0x0F,0x00,0x00,0x00,0x00,0x00,
    0x00,0x00,0x00,0x00,0x00,0x00,0x00,0x00,0xFF,0xFF,0xFF,0xFF,0xFF,0xFF,0xFF,0xFF,0x00,0x00,0x00,0x00,0x01,0x00,0x00,0x00,
    0x00,0xFF,0xFF,0xFF,0xFF,0xFF,0xFF,0xFF,0xFF,0xFF,0xFF,0xFF,0xFF,0x05,0x00,0x3A,0x00,0x24,0x00,0x12,0x00,0x02,0x00,0x00,
    0x00,0x12,0x00,0x00,0x00,0x04,0x00,0x24,0x00,0xA3,0x00,0x00,0x00,0x12,0x00,0x00,0x00,0x01,0x00,0x24,0x00,0x25,0x00,0x00,
    0x00,0x61,0x00,0x00,0x00,0x0F,0x57,0x61,0x74,0x65,0x72,0x20,0x46,0x6F,0x6C,0x6C,0x6F,0x77,0x73,0x20,0x50,0x6C,0x61,0x74,
    0x66,0x6F,0x72,0x6D,0x00,0x42,0xAD,0x3D,0x31,0x43,0x8C,0xA9,0xB1,0xC1,0xA7,0x0B,0xB8,0x00,0x00,0x00,0x00,0x00,0x00,0x00,
    0x00,0x00,0x00,0x00,0x00,0x00,0x00,0x00,0x13,0x00,0x00,0x00,0x00,0x00,0x00,0x00,0x00,0x00,0x00,0x00,0x00,0x00,0xFF,0xFF,
    0xFF,0xFF,0xFF,0xFF,0xFF,0xFF,0x00,0x00,0x00,0x00,0x01,0x00,0x00,0x00,0x00,0xFF,0xFF,0xFF,0xFF,0xFF,0xFF,0xFF,0xFF,0xFF,
    0xFF,0xFF,0xFF,0x05,0x00,0x61,0x00,0x24,0x1F,0xD8,0x00,0x00,0x00,0x00,0x00,0x68,0x00,0x00,0x00,0x09,0x48,0x69,0x76,0x65,
    0x20,0x54,0x6F,0x74,0x65,0x6D,0x20,0x2D,0x20,0x49,0x6E,0x73,0x74,0x61,0x6E,0x74,0x20,0x46,0x61,0x64,0x65,0x4F,0x75,0x74,
    0x00,0x01,0x2F,0x61,0x75,0x64,0x69,0x6F,0x2F,0x72,0x75,0x69,0x5F,0x68,0x69,0x76,0x65,0x74,0x6F,0x74,0x65,0x6D,0x4C,0x2E,
    0x64,0x73,0x70,0x7C,0x2F,0x61,0x75,0x64,0x69,0x6F,0x2F,0x72,0x75,0x69,0x5F,0x68,0x69,0x76,0x65,0x74,0x6F,0x74,0x65,0x6D,
    0x52,0x2E,0x64,0x73,0x70,0x00,0x00,0x3D,0xCC,0xCC,0xCD,0x00,0x00,0x00,0x00,0x00,0x00,0x00,0x5A,0x00,0x00,0x00,0x00,0x01,
    0x05,0x00,0x61,0x00,0x24,0x1F,0xDB,0x00,0x00,0x00,0x00,0x00,0x68,0x00,0x00,0x00,0x09,0x48,0x69,0x76,0x65,0x20,0x54,0x6F,
    0x74,0x65,0x6D,0x20,0x2D,0x20,0x53,0x68,0x6F,0x72,0x74,0x20,0x49,0x6E,0x74,0x72,0x6F,0x00,0x01,0x2F,0x61,0x75,0x64,0x69,
    0x6F,0x2F,0x72,0x75,0x69,0x5F,0x6D,0x6F,0x6E,0x6B,0x65,0x79,0x6C,0x6F,0x77,0x65,0x72,0x4C,0x2E,0x64,0x73,0x70,0x7C,0x2F,
    0x61,0x75,0x64,0x69,0x6F,0x2F,0x72,0x75,0x69,0x5F,0x6D,0x6F,0x6E,0x6B,0x65,0x79,0x6C,0x6F,0x77,0x65,0x72,0x52,0x2E,0x64,
    0x73,0x70,0x00,0x01,0x3F,0x00,0x00,0x00,0x40,0x80,0x00,0x00,0x00,0x00,0x00,0x5A,0x00,0x00,0x00,0x00,0x01,0x05,0x00,0x1D,
    0x00,0x24,0x4B,0x3E,0x00,0x01,0x00,0x00,0x00,0x12,0x00,0x00,0x00,0x14,0x00,0x24,0x00,0x13,0x00,0x00,0x00,0x22,0x00,0x00,
    0x00,0x07,0x52,0x65,0x73,0x65,0x74,0x20,0x54,0x6F,0x74,0x65,0x6D,0x00,0x00,0x00,0x00,0x05,0x00,0x00,0x00,0x00,0x00,0x01,
    0x00,0x00,0x00,0x00,0x3F,0x80,0x00,0x00,0x05,0x00,0x05,0x00,0x24,0x1F,0xD5,0x00,0x02,0x00,0x00,0x00,0x09,0x00,0x00,0x00,
    0x0D,0x00,0x24,0x00,0x46,0x00,0x00,0x00,0x09,0x00,0x00,0x00,0x04,0x00,0x24,0x1F,0xEA,0x00,0x00,0x00,0x28,0x00,0x00,0x00,
    0x06,0x49,0x6E,0x74,0x72,0x6F,0x20,0x53,0x6B,0x69,0x70,0x20,0x2D,0x20,0x53,0x74,0x61,0x72,0x74,0x20,0x46,0x69,0x67,0x68,
    0x74,0x00,0x3F,0xB3,0x33,0x33,0x00,0x00,0x00,0x00,0x00,0x00,0x01,0x05,0x00,0x05,0x00,0x24,0x1F,0xEA,0x00,0x01,0x00,0x00,
    0x00,0x09,0x00,0x00,0x00,0x14,0x00,0x24,0x1F,0xDB,0x00,0x00,0x00,0x1F,0x00,0x00,0x00,0x06,0x4D,0x75,0x73,0x69,0x63,0x20,
    0x53,0x77,0x61,0x70,0x20,0x57,0x61,0x69,0x74,0x00,0x3C,0xF5,0xC2,0x8F,0x00,0x00,0x00,0x00,0x01,0x00,0x01,0x05,0x04,0x08,
    0x00,0x24,0x00,0x25,0x00,0x01,0x00,0x00,0x00,0x00,0x00,0x00,0x00,0x06,0x00,0x24,0x00,0x1F,0x00,0x00,0x01,0x71,0x00,0x00,
    0x00,0x13,0x46,0x6F,0x6C,0x6C,0x6F,0x77,0x20,0x57,0x61,0x74,0x65,0x72,0x00,0x42,0xAB,0x3D,0x31,0x43,0x8C,0xA9,0xB1,0xC1,
    0xA7,0x0B,0xB8,0x00,0x00,0x00,0x00,0x00,0x00,0x00,0x00,0x00,0x00,0x00,0x00,0x3F,0x80,0x00,0x00,0x3F,0x80,0x00,0x00,0x3F,
    0x80,0x00,0x00,0x00,0x00,0x00,0x00,0x00,0x00,0x00,0x00,0x00,0x00,0x00,0x00,0x00,0x00,0x00,0x00,0x00,0x00,0x00,0x00,0x00,
    0x00,0x00,0x00,0x38,0x01,0xDE,0x98,0xFF,0xFF,0xFF,0xFF,0x00,0x00,0x00,0x00,0xFF,0xFF,0xFF,0xFF,0x00,0x00,0x00,0x0E,0x00,
    0x00,0x00,0x0E,0x01,0x3F,0x80,0x00,0x00,0x00,0x00,0x00,0x00,0x3F,0x80,0x00,0x00,0x41,0xA0,0x00,0x00,0x3F,0x80,0x00,0x00,
    0x3F,0x80,0x00,0x00,0x3F,0x80,0x00,0x00,0x3F,0x80,0x00,0x00,0x01,0x00,0x00,0x00,0x01,0x00,0x00,0x00,0x01,0x00,0x00,0x00,
    0x00,0x00,0x00,0x00,0x00,0x00,0x00,0x00,0x00,0x00,0x00,0x00,0x04,0x00,0x00,0x00,0x04,0x00,0x00,0x00,0x00,0x00,0x00,0x00,
    0x00,0x01,0xFF,0xFF,0xFF,0xFF,0xFF,0xFF,0xFF,0xFF,0xFF,0xFF,0xFF,0xFF,0xFF,0xFF,0xFF,0xFF,0xFF,0xFF,0xFF,0xFF,0x01,0x3F,
    0x80,0x00,0x00,0x3F,0x80,0x00,0x00,0x00,0x00,0x00,0x03,0x00,0x00,0x00,0x00,0x00,0x0F,0x01,0x00,0x00,0x3F,0x80,0x00,0x00,
    0x40,0xA0,0x00,0x00,0x01,0xF4,0xBE,0xE2,0x43,0x00,0x00,0x00,0x02,0x3F,0x80,0x00,0x00,0x3F,0x80,0x00,0x00,0x00,0x00,0x00,
    0x12,0x00,0x00,0x00,0x03,0x00,0x00,0x00,0x03,0x00,0x00,0x00,0x03,0x00,0x00,0x00,0x03,0x00,0x00,0x00,0x03,0x00,0x00,0x00,
    0x03,0x00,0x00,0x00,0x03,0x00,0x00,0x00,0x03,0x00,0x00,0x00,0x03,0x00,0x00,0x00,0x03,0x00,0x00,0x00,0x03,0x00,0x00,0x00,
    0x03,0x00,0x00,0x00,0x03,0x00,0x00,0x00,0x02,0x00,0x00,0x00,0x02,0x00,0x00,0x00,0x01,0x00,0x00,0x00,0x05,0x00,0x00,0x00,
    0x03,0x00,0x00,0x00,0x03,0x00,0x00,0x00,0x03,0x00,0x00,0x00,0x03,0x00,0x00,0x00,0x03,0x00,0x00,0x00,0x05,0x00,0x00,0x00,
    0x03,0x00,0x00,0x00,0x03,0x00,0x00,0x00,0x03,0x00,0x00,0x00,0x03,0x00,0x00,0x00,0x03,0x00,0x3F,0x80,0x00,0x00,0x00,0x00,
    0x00,0x00,0xC8,0x00,0x00,0x00,0x14,0x05,0x04,0x02,0x00,0x24,0x00,0x1F,0x00,0x03,0x00,0x00,0x00,0x01,0x00,0x00,0x00,0x08,
    0x00,0x24,0x27,0x46,0x00,0x00,0x00,0x01,0x00,0x00,0x00,0x0F,0x00,0x24,0x00,0x25,0x00,0x00,0x00,0x01,0x00,0x00,0x00,0x04,
    0x00,0x23,0x9B,0x73,0x00,0x00,0x00,0x4E,0x00,0x00,0x00,0x0D,0x57,0x61,0x74,0x65,0x72,0x20,0x53,0x6F,0x75,0x72,0x63,0x65,
    0x00,0x42,0xAB,0x3D,0x31,0x43,0x8C,0xA9,0xB1,0xC1,0xA7,0x0B,0xB8,0x00,0x00,0x00,0x00,0x00,0x00,0x00,0x00,0x00,0x00,0x00,
    0x00,0x01,0x3F,0xE6,0x66,0x66,0x00,0x00,0x00,0x00,0x00,0x00,0x00,0x00,0x00,0x00,0x00,0x00,0x00,0x00,0x00,0x00,0x00,0x00,
    0x00,0x00,0x00,0x00,0x00,0x00,0x00,0x00,0x00,0x00,0x00,0x00,0x00,0x00,0x05,0x04,0x02,0x00,0x24,0x27,0x46,0x00,0x03,0x00,
    0x00,0x00,0x01,0x00,0x00,0x00,0x08,0x00,0x24,0x00,0x1F,0x00,0x00,0x00,0x01,0x00,0x00,0x00,0x0F,0x00,0x24,0x00,0x25,0x00,
    0x00,0x00,0x01,0x00,0x00,0x00,0x04,0x00,0x23,0x9B,0x73,0x00,0x00,0x00,0x53,0x00,0x00,0x00,0x0D,0x57,0x61,0x74,0x65,0x72,
    0x20,0x44,0x65,0x73,0x74,0x69,0x6E,0x61,0x74,0x69,0x6F,0x6E,0x00,0x42,0xAB,0x3D,0x31,0x43,0x8D,0x32,0xF4,0xC1,0x60,0x56,
    0x2C,0x00,0x00,0x00,0x00,0x00,0x00,0x00,0x00,0x00,0x00,0x00,0x00,0x01,0x3F,0xB3,0x33,0x33,0x00,0x00,0x00,0x00,0x00,0x00,
    0x00,0x00,0x00,0x00,0x00,0x00,0x00,0x00,0x00,0x00,0x00,0x00,0x00,0x00,0x00,0x00,0x00,0x00,0x00,0x00,0x00,0x00,0x00,0x00,
    0x00,0x00,0x02,0x00,0x24,0x01,0xCE,0x00,0x00,0x00,0x01,0x00,0x01,0x00,0x03,0x7A,0xE1,0x48,0x03,0x04,0x24,0x00,0x3D,0x00,
    0x00,0x00,0x00,0x00,0x00,0x00,0x07,0x04,0x24,0x00,0x23,0x03,0x04,0x24,0x00,0x3D,0x00,0x00,0x00,0x05,0x00,0x00,0x00,0x05,
    0x04,0x24,0x00,0x23,0x03,0x04,0x24,0x00,0x3D,0x00,0x00,0x00,0x05,0x00,0x00,0x00,0x0D,0x04,0x24,0x00,0x34,0x03,0x04,0x24,
    0x00,0x3D,0x00,0x00,0x00,0x05,0x00,0x00,0x00,0x01,0x00,0x24,0x00,0x91,0x03,0x04,0x24,0x01,0x57,0x00,0x00,0x00,0x05,0x00,
    0x00,0x00,0x05,0x04,0x24,0x00,0x23,0x03,0x04,0x24,0x01,0x57,0x00,0x00,0x00,0x05,0x00,0x00,0x00,0x0D,0x04,0x24,0x01,0x59,
    0x03,0x04,0x24,0x01,0x57,0x00,0x00,0x00,0x05,0x00,0x00,0x00,0x04,0x04,0x24,0x01,0xA2,0x04,0x00,0x24,0x00,0x51,0x00,0x00,
    0x00,0x01,0x00,0x00,0x00,0x04,0x00,0x24,0x1F,0xC9,0x04,0x00,0x24,0x00,0x52,0x00,0x00,0x00,0x01,0x00,0x00,0x00,0x04,0x00,
    0x24,0x1F,0xC9,0x04,0x00,0x24,0x00,0x6D,0x00,0x00,0x00,0x09,0x00,0x00,0x00,0x01,0x00,0x23,0x9B,0x73,0x04,0x00,0x24,0x00,
    0x6D,0x00,0x00,0x00,0x09,0x00,0x00,0x00,0x07,0x00,0x24,0x00,0x22,0x04,0x00,0x24,0x00,0x6D,0x00,0x00,0x00,0x09,0x00,0x00,
    0x00,0x01,0x00,0x24,0x29,0xC4,0x04,0x00,0x24,0x00,0x6D,0x00,0x00,0x00,0x09,0x00,0x00,0x00,0x07,0x00,0x24,0x00,0x23,0x04,
    0x00,0x24,0x00,0x6D,0x00,0x00,0x00,0x09,0x00,0x00,0x00,0x01,0x00,0x24,0x1F,0xC9,0x04,0x00,0x24,0x00,0x6D,0x00,0x00,0x00,
    0x09,0x00,0x00,0x00,0x0F,0x00,0x24,0x1F,0xDB,0x04,0x00,0x24,0x00,0x5F,0x00,0x00,0x00,0x09,0x00,0x00,0x00,0x04,0x00,0x24,
    0x29,0xC4,0x04,0x00,0x24,0x00,0x9D,0x00,0x00,0x00,0x01,0x00,0x00,0x00,0x04,0x00,0x24,0x1F,0xCC,0x04,0x00,0x24,0x00,0x0A,
    0x00,0x00,0x00,0x09,0x00,0x00,0x00,0x04,0x00,0x24,0x00,0x0A,0x04,0x00,0x24,0x01,0xCE,0x00,0x00,0x00,0x09,0x00,0x00,0x00,
    0x0E,0x00,0x24,0x00,0x25,0x04,0x04,0x24,0x00,0x3D,0x00,0x00,0x00,0x05,0x00,0x00,0x00,0x0D,0x00,0x24,0x29,0xC5,0x04,0x04,
    0x24,0x01,0x3F,0x00,0x00,0x00,0x09,0x00,0x00,0x00,0x01,0x00,0x23,0x9B,0x73,0x04,0x04,0x24,0x01,0x3F,0x00,0x00,0x00,0x09,
    0x00,0x00,0x00,0x07,0x00,0x24,0x00,0x04,0x04,0x04,0x24,0x01,0x3F,0x00,0x00,0x00,0x09,0x00,0x00,0x00,0x01,0x00,0x24,0x1F,
    0xC9,0x04,0x04,0x24,0x01,0x3F,0x00,0x00,0x00,0x09,0x00,0x00,0x00,0x01,0x00,0x24,0x1F,0xCC,0x04,0x04,0x24,0x01,0x57,0x00,
    0x00,0x00,0x05,0x00,0x00,0x00,0x0D,0x00,0x24,0x1F,0xC6,0x04,0x04,0x24,0x01,0x57,0x00,0x00,0x00,0x00,0x00,0x00,0x00,0x04,
    0x00,0x24,0x1F,0xD2,0x04,0x10,0x24,0x00,0x72,0x00,0x00,0x00,0x09,0x00,0x00,0x00,0x0E,0x00,0x24,0x00,0x25,0x06,0x10,0x24,
    0x01,0xC9,0x05,0x00,0x08,0x00,0x23,0x9B,0x94,0x00,0x01,0x00,0x00,0x00,0x00,0x00,0x00,0x00,0x06,0x00,0x23,0x9B,0x9E,0x00,
    0x00,0x01,0x71,0x00,0x00,0x00,0x13,0x46,0x6F,0x6C,0x6C,0x6F,0x77,0x20,0x57,0x61,0x74,0x65,0x72,0x00,0x44,0x08,0xE0,0x98,
    0xC3,0x32,0x14,0xE4,0x41,0xF7,0xBF,0x16,0x00,0x00,0x00,0x00,0x00,0x00,0x00,0x00,0x00,0x00,0x00,0x00,0x3F,0x80,0x00,0x00,
    0x3F,0x80,0x00,0x00,0x3F,0x80,0x00,0x00,0x00,0x00,0x00,0x00,0x00,0x00,0x00,0x00,0x00,0x00,0x00,0x00,0x00,0x00,0x00,0x00,
    0x00,0x00,0x00,0x00,0x00,0x00,0x00,0x00,0x38,0x01,0xDE,0x98,0xFF,0xFF,0xFF,0xFF,0x00,0x00,0x00,0x00,0xFF,0xFF,0xFF,0xFF,
    0x00,0x00,0x00,0x0E,0x00,0x00,0x00,0x0E,0x01,0x3F,0x80,0x00,0x00,0x00,0x00,0x00,0x00,0x3F,0x80,0x00,0x00,0x41,0xA0,0x00,
    0x00,0x3F,0x80,0x00,0x00,0x3F,0x80,0x00,0x00,0x3F,0x80,0x00,0x00,0x3F,0x80,0x00,0x00,0x01,0x00,0x00,0x00,0x01,0x00,0x00,
    0x00,0x01,0x00,0x00,0x00,0x00,0x00,0x00,0x00,0x00,0x00,0x00,0x00,0x00,0x00,0x00,0x00,0x04,0x00,0x00,0x00,0x04,0x00,0x00,
    0x00,0x00,0x00,0x00,0x00,0x00,0x01,0xFF,0xFF,0xFF,0xFF,0xFF,0xFF,0xFF,0xFF,0xFF,0xFF,0xFF,0xFF,0xFF,0xFF,0xFF,0xFF,0xFF,
    0xFF,0xFF,0xFF,0x01,0x3F,0x80,0x00,0x00,0x3F,0x80,0x00,0x00,0x00,0x00,0x00,0x03,0x00,0x00,0x00,0x00,0x00,0x0F,0x01,0x00,
    0x00,0x3F,0x80,0x00,0x00,0x40,0xA0,0x00,0x00,0x01,0xF4,0xBE,0xE2,0x43,0x00,0x00,0x00,0x02,0x3F,0x80,0x00,0x00,0x3F,0x80,
    0x00,0x00,0x00,0x00,0x00,0x12,0x00,0x00,0x00,0x03,0x00,0x00,0x00,0x03,0x00,0x00,0x00,0x03,0x00,0x00,0x00,0x03,0x00,0x00,
    0x00,0x03,0x00,0x00,0x00,0x03,0x00,0x00,0x00,0x03,0x00,0x00,0x00,0x03,0x00,0x00,0x00,0x03,0x00,0x00,0x00,0x03,0x00,0x00,
    0x00,0x03,0x00,0x00,0x00,0x03,0x00,0x00,0x00,0x03,0x00,0x00,0x00,0x02,0x00,0x00,0x00,0x02,0x00,0x00,0x00,0x01,0x00,0x00,
    0x00,0x05,0x00,0x00,0x00,0x03,0x00,0x00,0x00,0x03,0x00,0x00,0x00,0x03,0x00,0x00,0x00,0x03,0x00,0x00,0x00,0x03,0x00,0x00,
    0x00,0x05,0x00,0x00,0x00,0x03,0x00,0x00,0x00,0x03,0x00,0x00,0x00,0x03,0x00,0x00,0x00,0x03,0x00,0x00,0x00,0x03,0x00,0x3F,
    0x80,0x00,0x00,0x00,0x00,0x00,0x00,0xC8,0x00,0x00,0x00,0x14,0x05,0x00,0x15,0x00,0x2C,0x37,0x0D,0x00,0x01,0x00,0x00,0x00,
    0x09,0x00,0x00,0x00,0x08,0x00,0x23,0x9B,0x94,0x00,0x00,0x00,0x23,0x00,0x00,0x00,0x02,0x28,0x57,0x61,0x74,0x65,0x72,0x29,
    0x20,0x53,0x6B,0x69,0x70,0x20,0x74,0x6F,0x20,0x4E,0x65,0x78,0x74,0x20,0x50,0x6F,0x73,0x69,0x74,0x69,0x6F,0x6E,0x00,0x00,
    0x05,0x00,0x15,0x00,0x23,0x9B,0xEF,0x00,0x02,0x00,0x00,0x00,0x09,0x00,0x00,0x00,0x13,0x00,0x2C,0x00,0x33,0x00,0x00,0x00,
    0x09,0x00,0x00,0x00,0x13,0x00,0x2C,0x01,0xAF,0x00,0x00,0x00,0x12,0x00,0x00,0x00,0x02,0x57,0x61,0x74,0x65,0x72,0x20,0x2D,
    0x20,0x46,0x61,0x64,0x65,0x00,0x00,0x05,0x00,0x15,0x00,0x2D,0x87,0x0B,0x00,0x01,0x00,0x00,0x00,0x09,0x00,0x00,0x00,0x08,
    0x00,0x2C,0x00,0xB3,0x00,0x00,0x00,0x1A,0x00,0x00,0x00,0x02,0x4D,0x69,0x64,0x64,0x6C,0x65,0x20,0x50,0x6C,0x61,0x74,0x66,
    0x6F,0x72,0x6D,0x20,0x53,0x6B,0x69,0x70,0x00,0x01,0x05,0x00,0x3A,0x00,0x2C,0x00,0x04,0x00,0x14,0x00,0x00,0x00,0x09,0x00,
    0x00,0x00,0x0D,0x00,0x2C,0x00,0x6E,0x00,0x00,0x00,0x09,0x00,0x00,0x00,0x04,0x00,0x2C,0x00,0x3E,0x00,0x00,0x00,0x09,0x00,
    0x00,0x00,0x04,0x00,0x2C,0x01,0x6F,0x00,0x00,0x00,0x09,0x00,0x00,0x00,0x0D,0x00,0x2C,0x37,0x0D,0x00,0x00,0x00,0x09,0x00,
    0x00,0x00,0x0D,0x00,0x23,0x9B,0xEF,0x00,0x00,0x00,0x09,0x00,0x00,0x00,0x0F,0x00,0x2C,0x01,0xF2,0x00,0x00,0x00,0x09,0x00,
    0x00,0x00,0x0F,0x00,0x2C,0x01,0x12,0x00,0x00,0x00,0x09,0x00,0x00,0x00,0x0F,0x00,0x2C,0x00,0xF9,0x00,0x00,0x00,0x09,0x00,
    0x00,0x00,0x10,0x00,0x2C,0x00,0xF5,0x00,0x00,0x00,0x09,0x00,0x00,0x00,0x0F,0x00,0x2C,0x00,0x67,0x00,0x00,0x00,0x09,0x00,
    0x00,0x00,0x0D,0x00,0x2C,0x00,0xD3,0x00,0x00,0x00,0x09,0x00,0x00,0x00,0x0F,0x00,0x2C,0x00,0x69,0x00,0x00,0x00,0x09,0x00,
    0x00,0x00,0x09,0x00,0x2C,0x00,0x78,0x00,0x00,0x00,0x09,0x00,0x00,0x00,0x03,0x00,0x2C,0x00,0x77,0x00,0x00,0x00,0x09,0x00,
    0x00,0x00,0x04,0x00,0x2C,0x01,0x11,0x00,0x00,0x00,0x09,0x00,0x00,0x00,0x10,0x00,0x2C,0x01,0xED,0x00,0x00,0x00,0x09,0x00,
    0x00,0x00,0x0F,0x00,0x2C,0x01,0x24,0x00,0x00,0x00,0x09,0x00,0x00,0x00,0x0D,0x00,0x2C,0x00,0x0F,0x00,0x00,0x00,0x09,0x00,
    0x00,0x00,0x0D,0x00,0x2C,0x00,0x36,0x00,0x00,0x00,0x09,0x00,0x00,0x00,0x0D,0x00,0x2C,0x00,0xD9,0x00,0x00,0x00,0x5F,0x00,
    0x00,0x00,0x0F,0x53,0x6C,0x6F,0x74,0x20,0x31,0x20,0x43,0x75,0x74,0x73,0x63,0x65,0x6E,0x65,0x20,0x53,0x6B,0x69,0x70,0x00,
    0x00,0x00,0x00,0x00,0x00,0x00,0x00,0x00,0x00,0x00,0x00,0x00,0x00,0x00,0x00,0x00,0x00,0x00,0x00,0x00,0x00,0x00,0x00,0x00,
    0x00,0x00,0x00,0x0F,0x00,0x00,0x00,0x00,0x00,0x00,0x00,0x00,0x00,0x00,0x00,0x00,0x00,0xFF,0xFF,0xFF,0xFF,0xFF,0xFF,0xFF,
    0xFF,0x00,0x00,0x00,0x00,0x01,0x00,0x00,0x00,0x00,0xFF,0xFF,0xFF,0xFF,0xFF,0xFF,0xFF,0xFF,0xFF,0xFF,0xFF,0xFF,0x05,0x00,
    0x3A,0x00,0x2C,0x00,0x25,0x00,0x0D,0x00,0x00,0x00,0x09,0x00,0x00,0x00,0x0D,0x00,0x2C,0x00,0xD1,0x00,0x00,0x00,0x09,0x00,
    0x00,0x00,0x0D,0x00,0x2C,0x00,0xEC,0x00,0x00,0x00,0x09,0x00,0x00,0x00,0x0D,0x00,0x2C,0x00,0xDB,0x00,0x00,0x00,0x09,0x00,
    0x00,0x00,0x0D,0x00,0x2C,0x00,0xE1,0x00,0x00,0x00,0x09,0x00,0x00,0x00,0x04,0x00,0x2C,0x00,0x58,0x00,0x00,0x00,0x09,0x00,
    0x00,0x00,0x04,0x00,0x2C,0x01,0xC6,0x00,0x00,0x00,0x09,0x00,0x00,0x00,0x10,0x00,0x2C,0x00,0xE8,0x00,0x00,0x00,0x09,0x00,
    0x00,0x00,0x10,0x00,0x2C,0x00,0xE9,0x00,0x00,0x00,0x09,0x00,0x00,0x00,0x0D,0x00,0x2C,0x00,0xBE,0x00,0x00,0x00,0x09,0x00,
    0x00,0x00,0x0D,0x00,0x2C,0x00,0xAE,0x00,0x00,0x00,0x09,0x00,0x00,0x00,0x08,0x00,0x2C,0x00,0x14,0x00,0x00,0x00,0x09,0x00,
    0x00,0x00,0x0D,0x00,0x2D,0x87,0x0B,0x00,0x00,0x00,0x09,0x00,0x00,0x00,0x08,0x00,0x2C,0x00,0x15,0x00,0x00,0x00,0x5F,0x00,
    0x00,0x00,0x0F,0x53,0x6C,0x6F,0x74,0x20,0x32,0x20,0x43,0x75,0x74,0x73,0x63,0x65,0x6E,0x65,0x20,0x53,0x6B,0x69,0x70,0x00,
    0x00,0x00,0x00,0x00,0x00,0x00,0x00,0x00,0x00,0x00,0x00,0x00,0x00,0x00,0x00,0x00,0x00,0x00,0x00,0x00,0x00,0x00,0x00,0x00,
    0x00,0x00,0x00,0x0F,0x00,0x00,0x00,0x00,0x00,0x00,0x00,0x00,0x00,0x00,0x00,0x00,0x00,0xFF,0xFF,0xFF,0xFF,0xFF,0xFF,0xFF,
    0xFF,0x00,0x00,0x00,0x00,0x01,0x00,0x00,0x00,0x00,0xFF,0xFF,0xFF,0xFF,0xFF,0xFF,0xFF,0xFF,0xFF,0xFF,0xFF,0xFF,0x05,0x00,
    0x3A,0x00,0x2C,0x00,0x48,0x00,0x10,0x00,0x00,0x00,0x09,0x00,0x00,0x00,0x0D,0x00,0x2C,0x01,0x05,0x00,0x00,0x00,0x09,0x00,
    0x00,0x00,0x04,0x00,0x2C,0x00,0x47,0x00,0x00,0x00,0x09,0x00,0x00,0x00,0x04,0x00,0x2C,0x01,0xD5,0x00,0x00,0x00,0x09,0x00,
    0x00,0x00,0x10,0x00,0x2C,0x01,0x04,0x00,0x00,0x00,0x09,0x00,0x00,0x00,0x0D,0x00,0x2C,0x00,0x6F,0x00,0x00,0x00,0x09,0x00,
    0x00,0x00,0x0D,0x00,0x2C,0x01,0x03,0x00,0x00,0x00,0x09,0x00,0x00,0x00,0x0D,0x00,0x2C,0x00,0xE3,0x00,0x00,0x00,0x09,0x00,
    0x00,0x00,0x01,0x00,0x2C,0x01,0xBB,0x00,0x00,0x00,0x09,0x00,0x00,0x00,0x14,0x00,0x2C,0x01,0x8D,0x00,0x00,0x00,0x09,0x00,
    0x00,0x00,0x0D,0x00,0x2C,0x01,0xB3,0x00,0x00,0x00,0x09,0x00,0x00,0x00,0x10,0x00,0x2C,0x01,0xBC,0x00,0x00,0x00,0x09,0x00,
    0x00,0x00,0x04,0x00,0x2C,0x00,0xFD,0x00,0x00,0x00,0x09,0x00,0x00,0x00,0x08,0x00,0x2C,0x00,0xC8,0x00,0x00,0x00,0x09,0x00,
    0x00,0x00,0x08,0x00,0x2C,0x00,0x31,0x00,0x00,0x00,0x09,0x00,0x00,0x00,0x0D,0x00,0x2C,0x00,0xCE,0x00,0x00,0x00,0x09,0x00,
    0x00,0x00,0x0D,0x00,0x2C,0x00,0xC5,0x00,0x00,0x00,0x5F,0x00,0x00,0x00,0x0F,0x53,0x6C,0x6F,0x74,0x20,0x33,0x20,0x43,0x75,
    0x74,0x73,0x63,0x65,0x6E,0x65,0x20,0x53,0x6B,0x69,0x70,0x00,0x00,0x00,0x00,0x00,0x00,0x00,0x00,0x00,0x00,0x00,0x00,0x00,
    0x00,0x00,0x00,0x00,0x00,0x00,0x00,0x00,0x00,0x00,0x00,0x00,0x00,0x00,0x00,0x0F,0x00,0x00,0x00,0x00,0x00,0x00,0x00,0x00,
    0x00,0x00,0x00,0x00,0x00,0xFF,0xFF,0xFF,0xFF,0xFF,0xFF,0xFF,0xFF,0x00,0x00,0x00,0x00,0x01,0x00,0x00,0x00,0x00,0xFF,0xFF,
    0xFF,0xFF,0xFF,0xFF,0xFF,0xFF,0xFF,0xFF,0xFF,0xFF,0x05,0x00,0x3A,0x00,0x2D,0xAE,0x69,0x00,0x03,0x00,0x00,0x00,0x12,0x00,
    0x00,0x00,0x04,0x00,0x2C,0x00,0x33,0x00,0x00,0x00,0x12,0x00,0x00,0x00,0x04,0x00,0x2C,0x01,0xAF,0x00,0x00,0x00,0x12,0x00,
    0x00,0x00,0x01,0x00,0x23,0x9B,0x94,0x00,0x00,0x00,0x6C,0x00,0x00,0x00,0x0F,0x4F,0x46,0x4F,0x20,0x53,0x46,0x20,0x74,0x6F,
    0x20,0x66,0x6F,0x72,0x63,0x65,0x20,0x70,0x6C,0x61,0x74,0x66,0x6F,0x72,0x6D,0x20,0x6D,0x6F,0x76,0x65,0x6D,0x65,0x6E,0x74,
    0x00,0x44,0x08,0xE0,0x98,0xC3,0x32,0x14,0xE4,0x41,0xFF,0xBF,0x16,0x00,0x00,0x00,0x00,0x00,0x00,0x00,0x00,0x00,0x00,0x00,
    0x00,0x00,0x00,0x00,0x13,0x00,0x00,0x00,0x00,0x00,0x00,0x00,0x00,0x00,0x00,0x00,0x00,0x00,0xFF,0xFF,0xFF,0xFF,0xFF,0xFF,
    0xFF,0xFF,0x00,0x00,0x00,0x00,0x01,0x00,0x00,0x00,0x00,0xFF,0xFF,0xFF,0xFF,0xFF,0xFF,0xFF,0xFF,0xFF,0xFF,0xFF,0xFF,0x05,
    0x00,0x02,0x00,0x23,0x9B,0x9E,0x00,0x03,0x00,0x00,0x00,0x01,0x00,0x00,0x00,0x0F,0x00,0x23,0x9B,0x94,0x00,0x00,0x00,0x01,
    0x00,0x00,0x00,0x08,0x00,0x23,0x9B,0xDB,0x00,0x00,0x00,0x01,0x00,0x00,0x00,0x04,0x00,0x2C,0x37,0x0D,0x00,0x00,0x00,0x56,
    0x00,0x00,0x00,0x0D,0x55,0x70,0x70,0x65,0x72,0x20,0x57,0x61,0x74,0x65,0x72,0x20,0x50,0x6F,0x73,0x69,0x74,0x69,0x6F,0x6E,
    0x00,0x44,0x08,0xE0,0x98,0xC3,0x32,0x14,0xE4,0x41,0xF7,0xBF,0x16,0x00,0x00,0x00,0x00,0x00,0x00,0x00,0x00,0x00,0x00,0x00,
    0x00,0x01,0x3F,0xA5,0x1E,0xB8,0x00,0x00,0x00,0x00,0x00,0x00,0x00,0x00,0x00,0x00,0x00,0x00,0x00,0x00,0x00,0x00,0x00,0x00,
    0x00,0x00,0x00,0x00,0x00,0x00,0x00,0x00,0x00,0x00,0x00,0x00,0x00,0x00,0x05,0x00,0x02,0x00,0x23,0x9B,0xDB,0x00,0x02,0x00,
    0x00,0x00,0x01,0x00,0x00,0x00,0x08,0x00,0x23,0x9B,0xE4,0x00,0x00,0x00,0x01,0x00,0x00,0x00,0x04,0x00,0x2C,0x37,0x0D,0x00,
    0x00,0x00,0x58,0x00,0x00,0x00,0x0D,0x4C,0x6F,0x77,0x65,0x72,0x20,0x57,0x61,0x74,0x65,0x72,0x20,0x50,0x6F,0x73,0x69,0x74,
    0x69,0x6F,0x6E,0x20,0x31,0x00,0x44,0x08,0xE0,0x98,0xC3,0x32,0x00,0xA8,0x41,0xBE,0x1F,0x37,0x00,0x00,0x00,0x00,0x00,0x00,
    0x00,0x00,0x00,0x00,0x00,0x00,0x01,0x3F,0xCC,0xCC,0xCD,0x00,0x00,0x00,0x00,0x00,0x00,0x00,0x00,0x00,0x00,0x00,0x00,0x00,
    0x00,0x00,0x00,0x00,0x00,0x00,0x00,0x00,0x00,0x00,0x00,0x00,0x00,0x00,0x00,0x00,0x00,0x00,0x00,0x05,0x00,0x02,0x00,0x23,
    0x9B,0xE4,0x00,0x02,0x00,0x00,0x00,0x01,0x00,0x00,0x00,0x0F,0x00,0x23,0x9B,0x94,0x00,0x00,0x00,0x01,0x00,0x00,0x00,0x08,
    0x00,0x23,0x9B,0xEA,0x00,0x00,0x00,0x57,0x00,0x00,0x00,0x0D,0x4C,0x6F,0x77,0x65,0x73,0x74,0x20,0x57,0x61,0x74,0x65,0x72,
    0x20,0x50,0x6F,0x73,0x69,0x74,0x69,0x6F,0x6E,0x00,0x44,0x08,0xE0,0x98,0xC3,0x32,0x00,0xA8,0x40,0xA0,0x00,0x00,0x00,0x00,
    0x00,0x00,0x00,0x00,0x00,0x00,0x00,0x00,0x00,0x00,0x01,0x44,0x7A,0x00,0x00,0x00,0x00,0x00,0x00,0x00,0x00,0x00,0x00,0x00,
    0x00,0x00,0x00,0x00,0x00,0x00,0x00,0x00,0x00,0x00,0x00,0x00,0x00,0x00,0x00,0x00,0x00,0x00,0x00,0x00,0x00,0x00,0x00,0x05,
    0x00,0x02,0x00,0x23,0x9B,0xEA,0x00,0x01,0x00,0x00,0x00,0x01,0x00,0x00,0x00,0x08,0x00,0x23,0x9B,0x9E,0x00,0x00,0x00,0x58,
    0x00,0x00,0x00,0x0D,0x4C,0x6F,0x77,0x65,0x72,0x20,0x57,0x61,0x74,0x65,0x72,0x20,0x50,0x6F,0x73,0x69,0x74,0x69,0x6F,0x6E,
    0x20,0x32,0x00,0x44,0x08,0xE0,0x98,0xC3,0x32,0x00,0xA8,0x41,0xC1,0x81,0xC9,0x00,0x00,0x00,0x00,0x00,0x00,0x00,0x00,0x00,
    0x00,0x00,0x00,0x01,0x44,0x7A,0x00,0x00,0x00,0x00,0x00,0x00,0x00,0x00,0x00,0x00,0x00,0x00,0x00,0x00,0x00,0x00,0x00,0x00,
    0x00,0x00,0x00,0x00,0x00,0x00,0x00,0x00,0x00,0x00,0x00,0x00,0x00,0x00,0x00,0x00,0x05,0x00,0x02,0x00,0x2D,0x87,0x11,0x00,
    0x01,0x00,0x00,0x00,0x01,0x00,0x00,0x00,0x08,0x00,0x2C,0x00,0xBC,0x00,0x00,0x00,0x59,0x00,0x00,0x00,0x0D,0x50,0x6C,0x61,
    0x74,0x66,0x6F,0x72,0x6D,0x20,0x31,0x20,0x4D,0x69,0x64,0x64,0x6C,0x65,0x20,0x50,0x6F,0x69,0x6E,0x74,0x00,0x44,0x0C,0x39,
    0xA7,0xC3,0x18,0x1E,0xD0,0x42,0x0A,0xF4,0xE8,0x00,0x00,0x00,0x00,0x00,0x00,0x00,0x00,0x00,0x00,0x00,0x00,0x01,0x3F,0x33,
    0x33,0x33,0x00,0x00,0x00,0x00,0x00,0x00,0x00,0x00,0x00,0x00,0x00,0x00,0x00,0x00,0x00,0x00,0x00,0x00,0x00,0x00,0x00,0x00,
    0x00,0x00,0x00,0x00,0x00,0x00,0x00,0x00,0x00,0x00,0x05,0x00,0x02,0x00,0x2D,0x87,0x00,0x00,0x01,0x00,0x00,0x00,0x01,0x00,
    0x00,0x00,0x08,0x00,0x2C,0x00,0x40,0x00,0x00,0x00,0x59,0x00,0x00,0x00,0x0D,0x50,0x6C,0x61,0x74,0x66,0x6F,0x72,0x6D,0x20,
    0x32,0x20,0x4D,0x69,0x64,0x64,0x6C,0x65,0x20,0x50,0x6F,0x69,0x6E,0x74,0x00,0x44,0x07,0x90,0x98,0xC3,0x21,0xC1,0xAE,0x42,
    0x10,0xF5,0x5D,0x00,0x00,0x00,0x00,0x00,0x00,0x00,0x00,0x00,0x00,0x00,0x00,0x01,0x3F,0x80,0x00,0x00,0x00,0x00,0x00,0x00,
    0x00,0x00,0x00,0x00,0x00,0x00,0x00,0x00,0x00,0x00,0x00,0x00,0x00,0x00,0x00,0x00,0x00,0x00,0x00,0x00,0x00,0x00,0x00,0x00,
    0x00,0x00,0x00,0x00,0x05,0x00,0x02,0x00,0x2D,0x87,0x03,0x00,0x01,0x00,0x00,0x00,0x01,0x00,0x00,0x00,0x08,0x00,0x2C,0x00,
    0xCC,0x00,0x00,0x00,0x59,0x00,0x00,0x00,0x0D,0x50,0x6C,0x61,0x74,0x66,0x6F,0x72,0x6D,0x20,0x33,0x20,0x4D,0x69,0x64,0x64,
    0x6C,0x65,0x20,0x50,0x6F,0x69,0x6E,0x74,0x00,0x44,0x09,0xD2,0x06,0xC3,0x29,0xA0,0x4D,0x42,0x14,0x48,0x84,0x00,0x00,0x00,
    0x00,0x00,0x00,0x00,0x00,0x00,0x00,0x00,0x00,0x01,0x3F,0x99,0x99,0x9A,0x00,0x00,0x00,0x00,0x00,0x00,0x00,0x00,0x00,0x00,
    0x00,0x00,0x00,0x00,0x00,0x00,0x00,0x00,0x00,0x00,0x00,0x00,0x00,0x00,0x00,0x00,0x00,0x00,0x00,0x00,0x00,0x00,0x05,0x00,
    0x02,0x00,0x2D,0x87,0x06,0x00,0x01,0x00,0x00,0x00,0x01,0x00,0x00,0x00,0x08,0x00,0x2C,0x00,0xC3,0x00,0x00,0x00,0x59,0x00,
    0x00,0x00,0x0D,0x50,0x6C,0x61,0x74,0x66,0x6F,0x72,0x6D,0x20,0x34,0x20,0x4D,0x69,0x64,0x64,0x6C,0x65,0x20,0x50,0x6F,0x69,
    0x6E,0x74,0x00,0x44,0x07,0xF2,0x11,0xC3,0x29,0x9B,0x37,0x42,0x0C,0x39,0x2E,0x00,0x00,0x00,0x00,0x00,0x00,0x00,0x00,0x00,
    0x00,0x00,0x00,0x01,0x3F,0x4C,0xCC,0xCD,0x00,0x00,0x00,0x00,0x00,0x00,0x00,0x00,0x00,0x00,0x00,0x00,0x00,0x00,0x00,0x00,
    0x00,0x00,0x00,0x00,0x00,0x00,0x00,0x00,0x00,0x00,0x00,0x00,0x00,0x00,0x00,0x00,0x02,0x00,0x2C,0x00,0xE7,0x00,0x00,0x00,
    0x01,0x00,0x01,0x00,0x03,0x7A,0xE1,0x48,0x02,0x00,0x2C,0x01,0x88,0x00,0x00,0x00,0x05,0x00,0x05,0x00,0x01,0x20,0x00,0x07,
    0x00,0x01,0xC7,0x00,0x09,0x00,0x03,0x18,0x14,0x7B,0x00,0x11,0x00,0x01,0xE0,0x00,0x14,0x00,0x02,0x41,0xA0,0x03,0x00,0x2C,
    0x00,0x14,0x00,0x00,0x00,0x00,0x00,0x00,0x00,0x06,0x00,0x2C,0x00,0x40,0x03,0x00,0x2C,0x00,0x3E,0x00,0x00,0x00,0x00,0x00,
    0x00,0x00,0x07,0x00,0x2C,0x01,0x70,0x03,0x00,0x2C,0x00,0x47,0x00,0x00,0x00,0x05,0x00,0x00,0x00,0x01,0x00,0x2C,0x01,0x6F,
    0x03,0x00,0x2C,0x00,0x47,0x00,0x00,0x00,0x05,0x00,0x00,0x00,0x0B,0x00,0x2C,0x01,0x72,0x03,0x00,0x2C,0x00,0x47,0x00,0x00,
    0x00,0x00,0x00,0x00,0x00,0x07,0x00,0x2C,0x01,0x70,0x03,0x00,0x2C,0x00,0x58,0x00,0x00,0x00,0x05,0x00,0x00,0x00,0x0B,0x00,
    0x2C,0x01,0x71,0x03,0x00,0x2C,0x00,0x58,0x00,0x00,0x00,0x00,0x00,0x00,0x00,0x07,0x00,0x2C,0x01,0x70,0x03,0x00,0x2C,0x00,
    0xAF,0x00,0x00,0x00,0x01,0x00,0x00,0x00,0x08,0x00,0x2C,0x00,0x40,0x03,0x00,0x2C,0x00,0x15,0x00,0x00,0x00,0x00,0x00,0x00,
    0x00,0x06,0x00,0x2C,0x00,0xBC,0x03,0x00,0x2C,0x00,0xBF,0x00,0x00,0x00,0x01,0x00,0x00,0x00,0x08,0x00,0x2C,0x00,0xBC,0x03,
    0x00,0x2C,0x00,0x31,0x00,0x00,0x00,0x00,0x00,0x00,0x00,0x06,0x00,0x2C,0x00,0xC3,0x03,0x00,0x2C,0x00,0xC6,0x00,0x00,0x00,
    0x01,0x00,0x00,0x00,0x08,0x00,0x2C,0x00,0xC3,0x03,0x00,0x2C,0x00,0xC8,0x00,0x00,0x00,0x00,0x00,0x00,0x00,0x06,0x00,0x2C,
    0x00,0xCC,0x03,0x00,0x2C,0x00,0xCF,0x00,0x00,0x00,0x01,0x00,0x00,0x00,0x08,0x00,0x2C,0x00,0xCC,0x03,0x00,0x2C,0x00,0x77,
    0x00,0x00,0x00,0x08,0x00,0x00,0x00,0x08,0x08,0x2C,0x00,0x33,0x03,0x00,0x2C,0x00,0x77,0x00,0x00,0x00,0x08,0x00,0x00,0x00,
    0x08,0x04,0x2C,0x01,0xAF,0x03,0x00,0x2C,0x01,0x6F,0x00,0x00,0x00,0x05,0x00,0x00,0x00,0x05,0x00,0x2C,0x01,0x70,0x03,0x00,
    0x2C,0x01,0xAE,0x00,0x00,0x00,0x09,0x00,0x00,0x00,0x08,0x08,0x2C,0x00,0x33,0x03,0x00,0x2C,0x01,0xAE,0x00,0x00,0x00,0x09,
    0x00,0x00,0x00,0x08,0x04,0x2C,0x01,0xAF,0x03,0x00,0x2C,0x01,0xC6,0x00,0x00,0x00,0x05,0x00,0x00,0x00,0x05,0x00,0x2C,0x01,
    0x70,0x03,0x00,0x2C,0x01,0xD5,0x00,0x00,0x00,0x05,0x00,0x00,0x00,0x05,0x00,0x2C,0x01,0x70,0x04,0x00,0x2C,0x00,0x14,0x00,
    0x00,0x00,0x00,0x00,0x00,0x00,0x06,0x00,0x2C,0x00,0xAF,0x04,0x00,0x2C,0x00,0xAF,0x00,0x00,0x00,0x01,0x00,0x00,0x00,0x08,
    0x00,0x2D,0x87,0x00,0x04,0x00,0x2C,0x00,0xB0,0x00,0x00,0x00,0x09,0x00,0x00,0x00,0x08,0x00,0x2C,0x00,0x14,0x04,0x00,0x2C,
    0x00,0xB7,0x00,0x00,0x00,0x01,0x00,0x00,0x00,0x04,0x00,0x2D,0x87,0x0B,0x04,0x00,0x2C,0x00,0xBA,0x00,0x00,0x00,0x01,0x00,
    0x00,0x00,0x01,0x00,0x2D,0x87,0x0B,0x04,0x00,0x2C,0x00,0x15,0x00,0x00,0x00,0x00,0x00,0x00,0x00,0x06,0x00,0x2C,0x00,0xBF,
    0x04,0x00,0x2C,0x00,0xBF,0x00,0x00,0x00,0x01,0x00,0x00,0x00,0x08,0x00,0x2D,0x87,0x11,0x04,0x00,0x2C,0x00,0xC0,0x00,0x00,
    0x00,0x09,0x00,0x00,0x00,0x08,0x00,0x2C,0x00,0x15,0x04,0x00,0x2C,0x00,0x31,0x00,0x00,0x00,0x00,0x00,0x00,0x00,0x06,0x00,
    0x2C,0x00,0xC6,0x04,0x00,0x2C,0x00,0xC6,0x00,0x00,0x00,0x01,0x00,0x00,0x00,0x08,0x00,0x2D,0x87,0x06,0x04,0x00,0x2C,0x00,
    0xC7,0x00,0x00,0x00,0x09,0x00,0x00,0x00,0x08,0x00,0x2C,0x00,0x31,0x04,0x00,0x2C,0x00,0xC8,0x00,0x00,0x00,0x00,0x00,0x00,
    0x00,0x06,0x00,0x2C,0x00,0xCF,0x04,0x00,0x2C,0x00,0xCF,0x00,0x00,0x00,0x01,0x00,0x00,0x00,0x08,0x00,0x2D,0x87,0x03,0x04,
    0x00,0x2C,0x00,0xD0,0x00,0x00,0x00,0x09,0x00,0x00,0x00,0x08,0x00,0x2C,0x00,0xC8,0x04,0x00,0x2C,0x00,0xD3,0x00,0x00,0x00,
    0x09,0x00,0x00,0x00,0x04,0x00,0x2C,0x00,0xD3,0x04,0x00,0x2C,0x00,0x6F,0x00,0x00,0x00,0x09,0x00,0x00,0x00,0x04,0x00,0x2C,
    0x00,0x6F,0x04,0x00,0x2C,0x00,0x6A,0x00,0x00,0x00,0x09,0x00,0x00,0x00,0x07,0x00,0x2C,0x00,0x04,0x04,0x00,0x2C,0x00,0x6A,
    0x00,0x00,0x00,0x09,0x00,0x00,0x00,0x07,0x00,0x2C,0x01,0x70,0x04,0x00,0x2C,0x00,0x6A,0x00,0x00,0x00,0x09,0x00,0x00,0x00,
    0x01,0x00,0x2C,0x37,0x0D,0x04,0x00,0x2C,0x00,0x6A,0x00,0x00,0x00,0x09,0x00,0x00,0x00,0x01,0x00,0x23,0x9B,0xEF,0x04,0x00,
    0x2C,0x00,0x6E,0x00,0x00,0x00,0x09,0x00,0x00,0x00,0x05,0x00,0x2C,0x00,0x04,0x04,0x00,0x2C,0x00,0x6E,0x00,0x00,0x00,0x09,
    0x00,0x00,0x00,0x05,0x00,0x2C,0x01,0x70,0x04,0x00,0x2C,0x00,0x71,0x00,0x00,0x00,0x09,0x00,0x00,0x00,0x01,0x00,0x2C,0x00,
    0x33,0x04,0x00,0x2C,0x00,0x71,0x00,0x00,0x00,0x09,0x00,0x00,0x00,0x01,0x00,0x2C,0x01,0xAF,0x04,0x00,0x2C,0x00,0x77,0x00,
    0x00,0x00,0x08,0x00,0x00,0x00,0x0E,0x00,0x23,0x9B,0x94,0x04,0x00,0x2C,0x00,0x78,0x00,0x00,0x00,0x08,0x00,0x00,0x00,0x01,
    0x00,0x2C,0x00,0x33,0x04,0x00,0x2C,0x00,0x78,0x00,0x00,0x00,0x08,0x00,0x00,0x00,0x01,0x00,0x2C,0x01,0xAF,0x04,0x00,0x2C,
    0x00,0xD1,0x00,0x00,0x00,0x09,0x00,0x00,0x00,0x05,0x00,0x2C,0x00,0x25,0x04,0x00,0x2C,0x00,0xD1,0x00,0x00,0x00,0x09,0x00,
    0x00,0x00,0x05,0x00,0x2C,0x01,0x70,0x04,0x00,0x2C,0x00,0xE5,0x00,0x00,0x00,0x09,0x00,0x00,0x00,0x07,0x00,0x2C,0x00,0x25,
    0x04,0x00,0x2C,0x00,0xE5,0x00,0x00,0x00,0x09,0x00,0x00,0x00,0x07,0x00,0x2C,0x01,0x70,0x04,0x00,0x2C,0x01,0x05,0x00,0x00,
    0x00,0x09,0x00,0x00,0x00,0x05,0x00,0x2C,0x00,0x48,0x04,0x00,0x2C,0x01,0x05,0x00,0x00,0x00,0x09,0x00,0x00,0x00,0x05,0x00,
    0x2C,0x01,0x70,0x04,0x00,0x2C,0x01,0x06,0x00,0x00,0x00,0x09,0x00,0x00,0x00,0x07,0x00,0x2C,0x00,0x48,0x04,0x00,0x2C,0x01,
    0x06,0x00,0x00,0x00,0x09,0x00,0x00,0x00,0x07,0x00,0x2C,0x01,0x70,0x04,0x00,0x2C,0x00,0x2B,0x00,0x00,0x00,0x02,0x00,0x00,
    0x00,0x01,0x00,0x2C,0x00,0xD3,0x04,0x00,0x2C,0x01,0xAE,0x00,0x00,0x00,0x09,0x00,0x00,0x00,0x0E,0x00,0x23,0x9B,0x94,0x04,
    0x00,0x2C,0x01,0xC6,0x00,0x00,0x00,0x05,0x00,0x00,0x00,0x0D,0x00,0x2C,0x00,0xD1,0x04,0x00,0x2C,0x01,0xD5,0x00,0x00,0x00,
    0x05,0x00,0x00,0x00,0x0D,0x00,0x2C,0x01,0x05,0x04,0x00,0x2C,0x01,0xED,0x00,0x00,0x00,0x09,0x00,0x00,0x00,0x04,0x00,0x23,
    0x9B,0xEF,0x06,0x00,0x2C,0x01,0x71,0x06,0x00,0x2C,0x01,0x72,0x06,0x04,0x2C,0x01,0xB0,0x06,0x08,0x2C,0x00,0xF8,0x05,0x00,
    0x15,0x00,0x08,0x00,0x01,0x00,0x06,0x00,0x00,0x00,0x09,0x00,0x00,0x00,0x07,0x00,0x08,0x00,0x02,0x00,0x00,0x00,0x09,0x00,
    0x00,0x00,0x07,0x00,0x08,0x01,0x6C,0x00,0x00,0x00,0x09,0x00,0x00,0x00,0x01,0x00,0x08,0x00,0x20,0x00,0x00,0x00,0x09,0x00,
    0x00,0x00,0x01,0x00,0x08,0x00,0x22,0x00,0x00,0x00,0x09,0x00,0x00,0x00,0x01,0x00,0x08,0x01,0x62,0x00,0x00,0x00,0x09,0x00,
    0x00,0x00,0x01,0x00,0x08,0x01,0x6E,0x00,0x00,0x00,0x1E,0x00,0x00,0x00,0x02,0x52,0x65,0x6C,0x61,0x79,0x20,0x53,0x74,0x61,
    0x72,0x74,0x20,0x6F,0x66,0x20,0x43,0x69,0x6E,0x65,0x6D,0x61,0x74,0x69,0x63,0x00,0x01,0x05,0x00,0x15,0x00,0x08,0x00,0x0E,
    0x00,0x04,0x00,0x00,0x00,0x09,0x00,0x00,0x00,0x05,0x00,0x08,0x01,0x6C,0x00,0x00,0x00,0x09,0x00,0x00,0x00,0x05,0x00,0x08,
    0x00,0x02,0x00,0x00,0x00,0x09,0x00,0x00,0x00,0x04,0x00,0x08,0x00,0x22,0x00,0x00,0x00,0x09,0x00,0x00,0x00,0x04,0x00,0x08,
    0x00,0x22,0x00,0x00,0x00,0x1C,0x00,0x00,0x00,0x02,0x52,0x65,0x6C,0x61,0x79,0x20,0x45,0x6E,0x64,0x20,0x6F,0x66,0x20,0x43,
    0x69,0x6E,0x65,0x6D,0x61,0x74,0x69,0x63,0x00,0x01,0x05,0x00,0x3A,0x00,0x08,0x00,0x02,0x00,0x01,0x00,0x00,0x00,0x09,0x00,
    0x00,0x00,0x0D,0x00,0x08,0x00,0x0E,0x00,0x00,0x00,0x69,0x00,0x00,0x00,0x0F,0x53,0x70,0x65,0x63,0x69,0x61,0x6C,0x46,0x75,
    0x6E,0x63,0x74,0x69,0x6F,0x6E,0x20,0x43,0x69,0x6E,0x65,0x6D,0x61,0x74,0x69,0x63,0x20,0x53,0x6B,0x69,0x70,0x00,0x00,0x00,
    0x00,0x00,0x00,0x00,0x00,0x00,0x00,0x00,0x00,0x00,0x00,0x00,0x00,0x00,0x00,0x00,0x00,0x00,0x00,0x00,0x00,0x00,0x00,0x00,
    0x00,0x0F,0x00,0x00,0x00,0x00,0x00,0x00,0x00,0x00,0x00,0x00,0x00,0x00,0x00,0xFF,0xFF,0xFF,0xFF,0xFF,0xFF,0xFF,0xFF,0x00,
    0x00,0x00,0x00,0x01,0x00,0x00,0x00,0x00,0xFF,0xFF,0xFF,0xFF,0xFF,0xFF,0xFF,0xFF,0xFF,0xFF,0xFF,0xFF,0x03,0x00,0x08,0x00,
    0x1E,0x00,0x00,0x00,0x03,0x00,0x00,0x00,0x01,0x00,0x08,0x00,0x20,0x03,0x00,0x08,0x00,0x1E,0x00,0x00,0x00,0x03,0x00,0x00,
    0x00,0x01,0x00,0x08,0x00,0x22,0x03,0x00,0x08,0x00,0x1E,0x00,0x00,0x00,0x03,0x00,0x00,0x00,0x01,0x00,0x08,0x01,0x62,0x03,
    0x00,0x08,0x00,0x1E,0x00,0x00,0x00,0x03,0x00,0x00,0x00,0x01,0x00,0x08,0x01,0x6E,0x03,0x00,0x08,0x01,0x62,0x00,0x00,0x00,
    0x00,0x00,0x00,0x00,0x07,0x00,0x08,0x01,0x6C,0x03,0x00,0x08,0x01,0x62,0x00,0x00,0x00,0x05,0x00,0x00,0x00,0x05,0x00,0x08,
    0x01,0x6C,0x04,0x00,0x08,0x00,0x1E,0x00,0x00,0x00,0x03,0x00,0x00,0x00,0x0D,0x00,0x08,0x00,0x01,0x04,0x00,0x08,0x01,0x62,
    0x00,0x00,0x00,0x05,0x00,0x00,0x00,0x0D,0x00,0x08,0x00,0x0E,0x05,0x00,0x15,0x00,0x00,0x00,0x67,0x00,0x04,0x00,0x00,0x00,
    0x09,0x00,0x00,0x00,0x05,0x00,0x00,0x00,0x68,0x00,0x00,0x00,0x09,0x00,0x00,0x00,0x05,0x00,0x00,0x02,0xFE,0x00,0x00,0x00,
    0x09,0x00,0x00,0x00,0x04,0x00,0x00,0x03,0x04,0x00,0x00,0x00,0x09,0x00,0x00,0x00,0x04,0x00,0x00,0x03,0xA7,0x00,0x00,0x00,
    0x1E,0x00,0x00,0x00,0x02,0x53,0x63,0x61,0x6E,0x20,0x50,0x61,0x6E,0x65,0x6C,0x20,0x43,0x69,0x6E,0x65,0x6D,0x61,0x74,0x69,
    0x63,0x20,0x45,0x6E,0x64,0x00,0x01,0x05,0x00,0x3A,0x00,0x00,0x00,0x68,0x00,0x16,0x00,0x00,0x00,0x09,0x00,0x00,0x00,0x04,
    0x00,0x00,0x02,0xE2,0x00,0x00,0x00,0x09,0x00,0x00,0x00,0x0D,0x00,0x00,0x00,0x67,0x00,0x00,0x00,0x09,0x00,0x00,0x00,0x0D,
    0x00,0x00,0x02,0x5D,0x00,0x00,0x00,0x09,0x00,0x00,0x00,0x04,0x00,0x00,0x02,0xF4,0x00,0x00,0x00,0x09,0x00,0x00,0x00,0x04,
    0x00,0x00,0x03,0x04,0x00,0x00,0x00,0x09,0x00,0x00,0x00,0x04,0x00,0x00,0x02,0x9A,0x00,0x00,0x00,0x09,0x00,0x00,0x00,0x04,
    0x00,0x00,0x02,0x99,0x00,0x00,0x00,0x09,0x00,0x00,0x00,0x01,0x00,0x00,0x00,0x3D,0x00,0x00,0x00,0x09,0x00,0x00,0x00,0x01,
    0x00,0x00,0x00,0x1F,0x00,0x00,0x00,0x09,0x00,0x00,0x00,0x01,0x00,0x00,0x00,0x22,0x00,0x00,0x00,0x09,0x00,0x00,0x00,0x04,
    0x00,0x00,0x02,0x9B,0x00,0x00,0x00,0x09,0x00,0x00,0x00,0x04,0x00,0x00,0x02,0x9C,0x00,0x00,0x00,0x09,0x00,0x00,0x00,0x01,
    0x00,0x00,0x00,0x3F,0x00,0x00,0x00,0x09,0x00,0x00,0x00,0x01,0x00,0x00,0x00,0x20,0x00,0x00,0x00,0x09,0x00,0x00,0x00,0x01,
    0x00,0x00,0x00,0x23,0x00,0x00,0x00,0x09,0x00,0x00,0x00,0x01,0x00,0x00,0x00,0x40,0x00,0x00,0x00,0x09,0x00,0x00,0x00,0x04,
    0x00,0x00,0x02,0xAB,0x00,0x00,0x00,0x09,0x00,0x00,0x00,0x01,0x00,0x00,0x00,0x3C,0x00,0x00,0x00,0x09,0x00,0x00,0x00,0x04,
    0x00,0x00,0x00,0x37,0x00,0x00,0x00,0x09,0x00,0x00,0x00,0x04,0x00,0x00,0x00,0x36,0x00,0x00,0x00,0x09,0x00,0x00,0x00,0x04,
    0x00,0x00,0x00,0x3B,0x00,0x00,0x00,0x09,0x00,0x00,0x00,0x04,0x00,0x00,0x00,0x39,0x00,0x00,0x00,0x74,0x00,0x00,0x00,0x0F,
    0x53,0x63,0x61,0x6E,0x20,0x50,0x61,0x6E,0x65,0x6C,0x20,0x43,0x69,0x6E,0x65,0x6D,0x61,0x74,0x69,0x63,0x20,0x53,0x6B,0x69,
    0x70,0x20,0x28,0x49,0x6E,0x74,0x72,0x6F,0x20,0x4F,0x70,0x65,0x6E,0x69,0x6E,0x67,0x29,0x00,0x00,0x00,0x00,0x00,0x00,0x00,
    0x00,0x00,0x00,0x00,0x00,0x00,0x00,0x00,0x00,0x00,0x00,0x00,0x00,0x00,0x00,0x00,0x00,0x00,0x00,0x00,0x00,0x0F,0x00,0x00,
    0x00,0x00,0x00,0x00,0x00,0x00,0x00,0x00,0x00,0x00,0x00,0xFF,0xFF,0xFF,0xFF,0xFF,0xFF,0xFF,0xFF,0x00,0x00,0x00,0x00,0x01,
    0x00,0x00,0x00,0x00,0xFF,0xFF,0xFF,0xFF,0xFF,0xFF,0xFF,0xFF,0xFF,0xFF,0xFF,0xFF,0x05,0x00,0x3A,0x00,0x00,0x00,0x4A,0x00,
    0x05,0x00,0x00,0x00,0x09,0x00,0x00,0x00,0x0B,0x00,0x18,0x00,0x55,0x00,0x00,0x00,0x09,0x00,0x00,0x00,0x0D,0x00,0x00,0x03,
    0x5F,0x00,0x00,0x00,0x09,0x00,0x00,0x00,0x01,0x00,0x00,0x03,0x24,0x00,0x00,0x00,0x09,0x00,0x00,0x00,0x07,0x00,0x00,0xA4,
    0x55,0x00,0x00,0x00,0x09,0x00,0x00,0x00,0x0F,0x00,0x00,0x03,0xDF,0x00,0x00,0x00,0x79,0x00,0x00,0x00,0x0F,0x53,0x70,0x65,
    0x63,0x69,0x61,0x6C,0x46,0x75,0x6E,0x63,0x74,0x69,0x6F,0x6E,0x20,0x43,0x69,0x6E,0x65,0x6D,0x61,0x74,0x69,0x63,0x20,0x53,
    0x6B,0x69,0x70,0x20,0x28,0x49,0x6E,0x74,0x72,0x6F,0x20,0x43,0x6C,0x6F,0x73,0x69,0x6E,0x67,0x29,0x00,0x00,0x00,0x00,0x00,
    0x00,0x00,0x00,0x00,0x00,0x00,0x00,0x00,0x00,0x00,0x00,0x00,0x00,0x00,0x00,0x00,0x00,0x00,0x00,0x00,0x00,0x00,0x00,0x0F,
    0x00,0x00,0x00,0x00,0x00,0x00,0x00,0x00,0x00,0x00,0x00,0x00,0x00,0xFF,0xFF,0xFF,0xFF,0xFF,0xFF,0xFF,0xFF,0x00,0x00,0x00,
    0x00,0x01,0x00,0x00,0x00,0x00,0xFF,0xFF,0xFF,0xFF,0xFF,0xFF,0xFF,0xFF,0xFF,0xFF,0xFF,0xFF,0x05,0x00,0x18,0x00,0x00,0xA4,
    0x55,0x00,0x00,0x00,0x00,0x00,0x3C,0x00,0x00,0x00,0x0A,0x48,0x6F,0x6C,0x64,0x20,0x42,0x6C,0x61,0x63,0x6B,0x00,0x01,0x00,
    0x00,0x00,0x01,0x00,0x00,0x00,0x00,0x00,0x00,0x00,0x02,0x00,0x00,0x00,0x00,0x00,0x00,0x00,0x00,0x00,0x00,0x00,0x00,0x00,
    0x00,0x00,0x00,0x3F,0x80,0x00,0x00,0x00,0x00,0x00,0x00,0x3F,0x00,0x00,0x00,0xFF,0xFF,0xFF,0xFF,0x05,0x00,0x05,0x00,0x18,
    0x00,0x55,0x00,0x01,0x00,0x00,0x00,0x09,0x00,0x00,0x00,0x0D,0x00,0x00,0x03,0x60,0x00,0x00,0x00,0x2B,0x00,0x00,0x00,0x06,
    0x43,0x75,0x74,0x73,0x63,0x65,0x6E,0x65,0x20,0x53,0x6B,0x69,0x70,0x20,0x32,0x20,0x46,0x72,0x61,0x6D,0x65,0x20,0x44,0x65,
    0x6C,0x61,0x79,0x00,0x3C,0xA3,0xD7,0x0A,0x00,0x00,0x00,0x00,0x00,0x00,0x01,0x03,0x04,0x00,0x02,0xE2,0x00,0x00,0x00,0x00,
    0x00,0x00,0x00,0x07,0x04,0x00,0x02,0xFE,0x03,0x04,0x00,0x02,0xE2,0x00,0x00,0x00,0x05,0x00,0x00,0x00,0x05,0x04,0x00,0x02,
    0xFE,0x03,0x04,0x00,0x02,0xE2,0x00,0x00,0x00,0x00,0x00,0x00,0x00,0x0D,0x04,0x00,0x03,0x00,0x03,0x04,0x00,0x02,0xE2,0x00,
    0x00,0x00,0x05,0x00,0x00,0x00,0x04,0x04,0x00,0x03,0x04,0x03,0x04,0x00,0x02,0xE2,0x00,0x00,0x00,0x00,0x00,0x00,0x00,0x0D,
    0x04,0x00,0x03,0xA6,0x03,0x04,0x00,0x02,0xE2,0x00,0x00,0x00,0x00,0x00,0x00,0x00,0x01,0x04,0x00,0x03,0xA7,0x04,0x04,0x00,
    0x02,0xE2,0x00,0x00,0x00,0x05,0x00,0x00,0x00,0x0D,0x00,0x00,0x00,0x67,0x04,0x04,0x00,0x02,0xF6,0x00,0x00,0x00,0x09,0x00,
    0x00,0x00,0x07,0x00,0x00,0x00,0x68,0x04,0x04,0x00,0x02,0xF6,0x00,0x00,0x00,0x09,0x00,0x00,0x00,0x07,0x00,0x00,0x02,0xFE,
    0x04,0x04,0x00,0x02,0xF6,0x00,0x00,0x00,0x09,0x00,0x00,0x00,0x0D,0x00,0x00,0x03,0x00,0x04,0x04,0x00,0x02,0xF6,0x00,0x00,
    0x00,0x09,0x00,0x00,0x00,0x0D,0x00,0x00,0x03,0xA6,0x04,0x04,0x00,0x02,0xF6,0x00,0x00,0x00,0x09,0x00,0x00,0x00,0x01,0x00,
    0x00,0x03,0xA7,0x04,0x08,0x00,0x03,0x10,0x00,0x00,0x00,0x09,0x00,0x00,0x00,0x07,0x00,0x00,0x00,0x4A,0x04,0x08,0x00,0x03,
    0x5F,0x00,0x00,0x00,0x09,0x00,0x00,0x00,0x05,0x00,0x00,0x00,0x4A,0x05,0x00,0x15,0x00,0x06,0x00,0x01,0x00,0x03,0x00,0x00,
    0x00,0x09,0x00,0x00,0x00,0x01,0x00,0x06,0x00,0x9E,0x00,0x00,0x00,0x09,0x00,0x00,0x00,0x01,0x00,0x06,0x00,0x9D,0x00,0x00,
    0x00,0x09,0x00,0x00,0x00,0x07,0x00,0x06,0x00,0x03,0x00,0x00,0x00,0x14,0x00,0x00,0x00,0x02,0x53,0x75,0x62,0x63,0x68,0x61,
    0x6D,0x62,0x65,0x72,0x20,0x4F,0x6E,0x65,0x00,0x01,0x05,0x00,0x15,0x00,0x06,0x00,0x02,0x00,0x04,0x00,0x00,0x00,0x09,0x00,
    0x00,0x00,0x05,0x00,0x06,0x00,0x03,0x00,0x00,0x00,0x09,0x00,0x00,0x00,0x05,0x00,0x06,0x00,0xA5,0x00,0x00,0x00,0x09,0x00,
    0x00,0x00,0x0D,0x00,0x06,0x00,0xB7,0x00,0x00,0x00,0x09,0x00,0x00,0x00,0x04,0x00,0x06,0x00,0x9C,0x00,0x00,0x00,0x19,0x00,
    0x00,0x00,0x02,0x52,0x65,0x6C,0x61,0x79,0x2D,0x65,0x6E,0x64,0x20,0x6F,0x66,0x20,0x63,0x69,0x6E,0x65,0x6D,0x61,0x00,0x01,
    0x05,0x00,0x3A,0x00,0x06,0x00,0x03,0x00,0x03,0x00,0x00,0x00,0x09,0x00,0x00,0x00,0x0D,0x00,0x06,0x00,0x02,0x00,0x00,0x00,
    0x09,0x00,0x00,0x00,0x0D,0x00,0x06,0x00,0xAD,0x00,0x00,0x00,0x09,0x00,0x00,0x00,0x04,0x00,0x06,0x00,0x9D,0x00,0x00,0x00,
    0x5F,0x00,0x00,0x00,0x0F,0x45,0x6E,0x74,0x72,0x79,0x20,0x43,0x69,0x6E,0x65,0x6D,0x61,0x74,0x69,0x63,0x20,0x53,0x6B,0x69,
    0x70,0x00,0x00,0x00,0x00,0x00,0x00,0x00,0x00,0x00,0x00,0x00,0x00,0x00,0x00,0x00,0x00,0x00,0x00,0x00,0x00,0x00,0x00,0x00,
    0x00,0x00,0x00,0x00,0x00,0x0F,0x00,0x00,0x00,0x00,0x00,0x00,0x00,0x00,0x00,0x00,0x00,0x00,0x00,0xFF,0xFF,0xFF,0xFF,0xFF,
    0xFF,0xFF,0xFF,0x00,0x00,0x00,0x00,0x01,0x00,0x00,0x00,0x00,0xFF,0xFF,0xFF,0xFF,0xFF,0xFF,0xFF,0xFF,0xFF,0xFF,0xFF,0xFF,
    0x05,0x00,0x3A,0x00,0x06,0x00,0x05,0x00,0x06,0x00,0x00,0x00,0x09,0x00,0x00,0x00,0x04,0x00,0x07,0x00,0x7A,0x00,0x00,0x00,
    0x09,0x00,0x00,0x00,0x04,0x00,0x07,0x00,0x7B,0x00,0x00,0x00,0x09,0x00,0x00,0x00,0x0D,0x00,0x07,0x00,0x8B,0x00,0x00,0x00,
    0x09,0x00,0x00,0x00,0x0E,0x00,0x07,0x00,0x11,0x00,0x00,0x00,0x09,0x00,0x00,0x00,0x0D,0x00,0x07,0x00,0x0D,0x00,0x00,0x00,
    0x09,0x00,0x00,0x00,0x01,0x00,0x07,0x00,0x1D,0x00,0x00,0x00,0x5E,0x00,0x00,0x00,0x0F,0x45,0x78,0x69,0x74,0x20,0x43,0x69,
    0x6E,0x65,0x6D,0x61,0x74,0x69,0x63,0x20,0x53,0x6B,0x69,0x70,0x00,0x00,0x00,0x00,0x00,0x00,0x00,0x00,0x00,0x00,0x00,0x00,
    0x00,0x00,0x00,0x00,0x00,0x00,0x00,0x00,0x00,0x00,0x00,0x00,0x00,0x00,0x00,0x00,0x0F,0x00,0x00,0x00,0x00,0x00,0x00,0x00,
    0x00,0x00,0x00,0x00,0x00,0x00,0xFF,0xFF,0xFF,0xFF,0xFF,0xFF,0xFF,0xFF,0x00,0x00,0x00,0x00,0x01,0x00,0x00,0x00,0x00,0xFF,
    0xFF,0xFF,0xFF,0xFF,0xFF,0xFF,0xFF,0xFF,0xFF,0xFF,0xFF,0x03,0x00,0x06,0x00,0x8E,0x00,0x00,0x00,0x00,0x00,0x00,0x00,0x07,
    0x00,0x06,0x00,0x8D,0x03,0x00,0x06,0x00,0x8E,0x00,0x00,0x00,0x05,0x00,0x00,0x00,0x05,0x00,0x06,0x00,0x8D,0x03,0x00,0x06,
    0x00,0x8E,0x00,0x00,0x00,0x05,0x00,0x00,0x00,0x0D,0x00,0x06,0x00,0x9A,0x03,0x00,0x06,0x00,0x9B,0x00,0x00,0x00,0x03,0x00,
    0x00,0x00,0x01,0x00,0x06,0x00,0x9E,0x03,0x00,0x06,0x00,0x9B,0x00,0x00,0x00,0x03,0x00,0x00,0x00,0x01,0x00,0x06,0x00,0x9D,
    0x03,0x00,0x06,0x00,0x9F,0x00,0x00,0x00,0x05,0x00,0x00,0x00,0x04,0x00,0x06,0x00,0x9C,0x03,0x00,0x06,0x00,0x9F,0x00,0x00,
    0x00,0x05,0x00,0x00,0x00,0x05,0x00,0x06,0x00,0xA5,0x03,0x00,0x06,0x00,0x9F,0x00,0x00,0x00,0x05,0x00,0x00,0x00,0x0D,0x00,
    0x06,0x00,0xB7,0x04,0x00,0x06,0x00,0x1A,0x00,0x00,0x00,0x09,0x00,0x00,0x00,0x07,0x00,0x06,0x00,0x8D,0x04,0x00,0x06,0x00,
    0x1A,0x00,0x00,0x00,0x09,0x00,0x00,0x00,0x07,0x00,0x06,0x00,0x05,0x04,0x00,0x06,0x00,0x9B,0x00,0x00,0x00,0x03,0x00,0x00,
    0x00,0x0D,0x00,0x06,0x00,0x01,0x04,0x00,0x06,0x00,0x9F,0x00,0x00,0x00,0x05,0x00,0x00,0x00,0x0D,0x00,0x06,0x00,0x02,0x06,
    0x00,0x06,0x00,0xB5,0x05,0x00,0x0F,0x00,0x54,0xC5,0x63,0x00,0x00,0x00,0x00,0x00,0x99,0x00,0x00,0x00,0x23,0x4D,0x6F,0x72,
    0x70,0x68,0x00,0x00,0x00,0x00,0x00,0x00,0x00,0x00,0x00,0x00,0x00,0x00,0x00,0x00,0x00,0x00,0x00,0x00,0x00,0x00,0x00,0x00,
    0x00,0x00,0x00,0x00,0x00,0x00,0x00,0x00,0x00,0x00,0x00,0x00,0x00,0x00,0x00,0x00,0x00,0x00,0x00,0x00,0x00,0x00,0x00,0x00,
    0x00,0x00,0x00,0x00,0x00,0x00,0x00,0x00,0x00,0x00,0x00,0x00,0x00,0x00,0x00,0x00,0x00,0x00,0x00,0x00,0x00,0x00,0x00,0x00,
    0x00,0x00,0x00,0x00,0x00,0x00,0x00,0x00,0x00,0x00,0x00,0x00,0x00,0x00,0x00,0x00,0x00,0x00,0x00,0x00,0x00,0x00,0x00,0x00,
    0x00,0x00,0x00,0x00,0x00,0x00,0x00,0x00,0x00,0x00,0x00,0x00,0x00,0x00,0x00,0x00,0x00,0x00,0x00,0x00,0x00,0x00,0x00,0x00,
    0x00,0x00,0x00,0x00,0x00,0x00,0x00,0x00,0x00,0x00,0x00,0x00,0x00,0x00,0x00,0x00,0x00,0x00,0x00,0x00,0x00,0x00,0x00,0x00,
    0x01,0x01,0x05,0x00,0x3A,0x00,0x0D,0x00,0x03,0x00,0x07,0x00,0x00,0x00,0x09,0x00,0x00,0x00,0x01,0x00,0x0A,0x2C,0x2A,0x00,
    0x00,0x00,0x09,0x00,0x00,0x00,0x07,0x00,0x00,0xA4,0x55,0x00,0x00,0x00,0x09,0x00,0x00,0x00,0x08,0x00,0x0D,0x00,0x39,0x00,
    0x00,0x00,0x09,0x00,0x00,0x00,0x04,0x00,0x0D,0x00,0x29,0x00,0x00,0x00,0x09,0x00,0x00,0x00,0x04,0x00,0x0D,0x00,0x2D,0x00,
    0x00,0x00,0x09,0x00,0x00,0x00,0x04,0x00,0x0D,0x00,0x32,0x00,0x00,0x00,0x09,0x00,0x00,0x00,0x04,0x00,0x0D,0x00,0x5E,0x00,
    0x00,0x00,0x61,0x00,0x00,0x00,0x0F,0x41,0x72,0x72,0x69,0x76,0x61,0x6C,0x20,0x43,0x69,0x6E,0x65,0x6D,0x61,0x74,0x69,0x63,
    0x20,0x53,0x6B,0x69,0x70,0x00,0x00,0x00,0x00,0x00,0x00,0x00,0x00,0x00,0x00,0x00,0x00,0x00,0x00,0x00,0x00,0x00,0x00,0x00,
    0x00,0x00,0x00,0x00,0x00,0x00,0x00,0x00,0x00,0x0F,0x00,0x00,0x00,0x00,0x00,0x00,0x00,0x00,0x00,0x00,0x00,0x00,0x00,0xFF,
    0xFF,0xFF,0xFF,0xFF,0xFF,0xFF,0xFF,0x00,0x00,0x00,0x00,0x01,0x00,0x00,0x00,0x00,0xFF,0xFF,0xFF,0xFF,0xFF,0xFF,0xFF,0xFF,
    0xFF,0xFF,0xFF,0xFF,0x05,0x00,0x3A,0x00,0x0D,0x00,0x04,0x00,0x05,0x00,0x00,0x00,0x09,0x00,0x00,0x00,0x0B,0x00,0x18,0x00,
    0x55,0x00,0x00,0x00,0x09,0x00,0x00,0x00,0x0D,0x00,0x0D,0x00,0x1A,0x00,0x00,0x00,0x09,0x00,0x00,0x00,0x14,0x00,0x0D,0x00,
    0x22,0x00,0x00,0x00,0x09,0x00,0x00,0x00,0x01,0x00,0x0D,0x00,0x1E,0x00,0x00,0x00,0x09,0x00,0x00,0x00,0x07,0x00,0x00,0xA4,
    0x55,0x00,0x00,0x00,0x63,0x00,0x00,0x00,0x0F,0x44,0x65,0x70,0x61,0x72,0x74,0x75,0x72,0x65,0x20,0x43,0x69,0x6E,0x65,0x6D,
    0x61,0x74,0x69,0x63,0x20,0x53,0x6B,0x69,0x70,0x00,0x00,0x00,0x00,0x00,0x00,0x00,0x00,0x00,0x00,0x00,0x00,0x00,0x00,0x00,
    0x00,0x00,0x00,0x00,0x00,0x00,0x00,0x00,0x00,0x00,0x00,0x00,0x00,0x0F,0x00,0x00,0x00,0x00,0x00,0x00,0x00,0x00,0x00,0x00,
    0x00,0x00,0x00,0xFF,0xFF,0xFF,0xFF,0xFF,0xFF,0xFF,0xFF,0x00,0x00,0x00,0x00,0x01,0x00,0x00,0x00,0x00,0xFF,0xFF,0xFF,0xFF,
    0xFF,0xFF,0xFF,0xFF,0xFF,0xFF,0xFF,0xFF,0x05,0x00,0x0C,0x00,0x0A,0x2C,0x2A,0x00,0x03,0x00,0x00,0x00,0x00,0x00,0x00,0x00,
    0x0D,0x00,0x54,0xC5,0x63,0x00,0x00,0x00,0x05,0x00,0x00,0x00,0x0D,0x00,0x0D,0x00,0x27,0x00,0x00,0x00,0x05,0x00,0x00,0x00,
    0x05,0x00,0x00,0xA4,0x55,0x00,0x00,0x00,0x33,0x00,0x00,0x00,0x0F,0x48,0x6F,0x6C,0x64,0x00,0x00,0x00,0x00,0x00,0x00,0x00,
    0x00,0x00,0x00,0x00,0x00,0x00,0x00,0x00,0x00,0x00,0x00,0x00,0x00,0x00,0x00,0x00,0x00,0x00,0x00,0x40,0xE0,0x00,0x00,0x00,
    0x00,0x00,0x00,0x01,0x00,0x00,0x42,0x8C,0x00,0x00,0x01,0x00,0x05,0x00,0x18,0x00,0x00,0xA4,0x55,0x00,0x00,0x00,0x00,0x00,
    0x3C,0x00,0x00,0x00,0x0A,0x48,0x6F,0x6C,0x64,0x20,0x42,0x6C,0x61,0x63,0x6B,0x00,0x01,0x00,0x00,0x00,0x01,0x00,0x00,0x00,
    0x00,0x00,0x00,0x00,0x02,0x00,0x00,0x00,0x00,0x00,0x00,0x00,0x00,0x00,0x00,0x00,0x00,0x00,0x00,0x00,0x00,0x3F,0x80,0x00,
    0x00,0x00,0x00,0x00,0x00,0x3F,0x00,0x00,0x00,0xFF,0xFF,0xFF,0xFF,0x05,0x00,0x05,0x00,0x18,0x00,0x55,0x00,0x01,0x00,0x00,
    0x00,0x09,0x00,0x00,0x00,0x08,0x00,0x0D,0x00,0x15,0x00,0x00,0x00,0x2B,0x00,0x00,0x00,0x06,0x43,0x75,0x74,0x73,0x63,0x65,
    0x6E,0x65,0x20,0x53,0x6B,0x69,0x70,0x20,0x32,0x20,0x46,0x72,0x61,0x6D,0x65,0x20,0x44,0x65,0x6C,0x61,0x79,0x00,0x3C,0xA3,
    0xD7,0x0A,0x00,0x00,0x00,0x00,0x00,0x00,0x01,0x05,0x00,0x05,0x00,0x0A,0x2B,0xBB,0x00,0x01,0x00,0x00,0x00,0x09,0x00,0x00,
    0x00,0x04,0x00,0x0A,0x2C,0x2A,0x00,0x00,0x00,0x1A,0x00,0x00,0x00,0x06,0x4C,0x6F,0x61,0x64,0x20,0x54,0x69,0x6D,0x65,0x72,
    0x00,0x3A,0x83,0x12,0x6F,0x00,0x00,0x00,0x00,0x01,0x01,0x00,0x03,0x00,0x0D,0x00,0x29,0x00,0x00,0x00,0x00,0x00,0x00,0x00,
    0x07,0x00,0x0D,0x00,0x40,0x03,0x00,0x0D,0x00,0x29,0x00,0x00,0x00,0x00,0x00,0x00,0x00,0x01,0x00,0x0D,0x00,0x28,0x03,0x00,
    0x0D,0x00,0x32,0x00,0x00,0x00,0x05,0x00,0x00,0x00,0x0D,0x00,0x0D,0x00,0x49,0x03,0x00,0x0D,0x00,0x32,0x00,0x00,0x00,0x05,
    0x00,0x00,0x00,0x05,0x00,0x0D,0x00,0x40,0x03,0x00,0x0D,0x00,0x32,0x00,0x00,0x00,0x05,0x00,0x00,0x00,0x04,0x00,0x0D,0x00,
    0x28,0x03,0x00,0x0D,0x00,0x32,0x00,0x00,0x00,0x05,0x00,0x00,0x00,0x0D,0x00,0x0D,0x00,0x3D,0x04,0x00,0x0D,0x00,0x01,0x00,
    0x00,0x00,0x07,0x00,0x00,0x00,0x01,0x00,0x0A,0x2B,0xBB,0x04,0x00,0x0D,0x00,0x18,0x00,0x00,0x00,0x09,0x00,0x00,0x00,0x07,
    0x00,0x0D,0x00,0x04,0x04,0x00,0x0D,0x00,0x1A,0x00,0x00,0x00,0x09,0x00,0x00,0x00,0x05,0x00,0x0D,0x00,0x04,0x04,0x00,0x0D,
    0x00,0x26,0x00,0x00,0x00,0x09,0x00,0x00,0x00,0x07,0x00,0x0D,0x00,0x03,0x04,0x00,0x0D,0x00,0x26,0x00,0x00,0x00,0x09,0x00,
    0x00,0x00,0x07,0x00,0x0D,0x00,0x40,0x04,0x00,0x0D,0x00,0x26,0x00,0x00,0x00,0x09,0x00,0x00,0x00,0x01,0x00,0x0D,0x00,0x28,
    0x04,0x00,0x0D,0x00,0x27,0x00,0x00,0x00,0x09,0x00,0x00,0x00,0x05,0x00,0x0D,0x00,0x03,0x04,0x00,0x0D,0x00,0x27,0x00,0x00,
    0x00,0x09,0x00,0x00,0x00,0x04,0x00,0x0D,0x00,0x28,0x04,0x00,0x0D,0x00,0x27,0x00,0x00,0x00,0x09,0x00,0x00,0x00,0x05,0x00,
    0x0D,0x00,0x40,0x04,0x00,0x0D,0x00,0x27,0x00,0x00,0x00,0x09,0x00,0x00,0x00,0x0D,0x00,0x0D,0x00,0x49,0x04,0x00,0x0D,0x00,
    0x27,0x00,0x00,0x00,0x09,0x00,0x00,0x00,0x0D,0x00,0x0D,0x00,0x3D,0x04,0x00,0x0D,0x00,0x32,0x00,0x00,0x00,0x05,0x00,0x00,
    0x00,0x0D,0x00,0x0D,0x00,0x27,0x06,0x00,0x0D,0x00,0x45,0x05,0x00,0x0F,0x00,0x54,0xC5,0x63,0x00,0x00,0x00,0x00,0x00,0x99,
    0x00,0x00,0x00,0x23,0x4D,0x6F,0x72,0x70,0x68,0x00,0x00,0x00,0x00,0x00,0x00,0x00,0x00,0x00,0x00,0x00,0x00,0x00,0x00,0x00,
    0x00,0x00,0x00,0x00,0x00,0x00,0x00,0x00,0x00,0x00,0x00,0x00,0x00,0x00,0x00,0x00,0x00,0x00,0x00,0x00,0x00,0x00,0x00,0x00,
    0x00,0x00,0x00,0x00,0x00,0x00,0x00,0x00,0x00,0x00,0x00,0x00,0x00,0x00,0x00,0x00,0x00,0x00,0x00,0x00,0x00,0x00,0x00,0x00,
    0x00,0x00,0x00,0x00,0x00,0x00,0x00,0x00,0x00,0x00,0x00,0x00,0x00,0x00,0x00,0x00,0x00,0x00,0x00,0x00,0x00,0x00,0x00,0x00,
    0x00,0x00,0x00,0x00,0x00,0x00,0x00,0x00,0x00,0x00,0x00,0x00,0x00,0x00,0x00,0x00,0x00,0x00,0x00,0x00,0x00,0x00,0x00,0x00,
    0x00,0x00,0x00,0x00,0x00,0x00,0x00,0x00,0x00,0x00,0x00,0x00,0x00,0x00,0x00,0x00,0x00,0x00,0x00,0x00,0x00,0x00,0x00,0x00,
    0x00,0x00,0x00,0x00,0x00,0x00,0x00,0x01,0x01,0x05,0x00,0x3A,0x00,0x1D,0x00,0x07,0x00,0x05,0x00,0x00,0x00,0x09,0x00,0x00,
    0x00,0x01,0x00,0x0A,0x2C,0x2A,0x00,0x00,0x00,0x09,0x00,0x00,0x00,0x07,0x00,0x00,0xA4,0x55,0x00,0x00,0x00,0x09,0x00,0x00,
    0x00,0x08,0x00,0x1D,0x00,0x56,0x00,0x00,0x00,0x09,0x00,0x00,0x00,0x04,0x00,0x1D,0x00,0x4F,0x00,0x00,0x00,0x09,0x00,0x00,
    0x00,0x04,0x00,0x1D,0x00,0xB8,0x00,0x00,0x00,0x69,0x00,0x00,0x00,0x0F,0x53,0x70,0x65,0x63,0x69,0x61,0x6C,0x46,0x75,0x6E,
    0x63,0x74,0x69,0x6F,0x6E,0x20,0x43,0x69,0x6E,0x65,0x6D,0x61,0x74,0x69,0x63,0x20,0x53,0x6B,0x69,0x70,0x00,0x00,0x00,0x00,
    0x00,0x00,0x00,0x00,0x00,0x00,0x00,0x00,0x00,0x00,0x00,0x00,0x00,0x00,0x00,0x00,0x00,0x00,0x00,0x00,0x00,0x00,0x00,0x00,
    0x0F,0x00,0x00,0x00,0x00,0x00,0x00,0x00,0x00,0x00,0x00,0x00,0x00,0x00,0xFF,0xFF,0xFF,0xFF,0xFF,0xFF,0xFF,0xFF,0x00,0x00,
    0x00,0x00,0x01,0x00,0x00,0x00,0x00,0xFF,0xFF,0xFF,0xFF,0xFF,0xFF,0xFF,0xFF,0xFF,0xFF,0xFF,0xFF,0x05,0x00,0x3A,0x00,0x1D,
    0x00,0x08,0x00,0x05,0x00,0x00,0x00,0x09,0x00,0x00,0x00,0x0B,0x00,0x18,0x00,0x55,0x00,0x00,0x00,0x09,0x00,0x00,0x00,0x0D,
    0x00,0x1D,0x00,0x66,0x00,0x00,0x00,0x09,0x00,0x00,0x00,0x14,0x00,0x1D,0x00,0x5A,0x00,0x00,0x00,0x09,0x00,0x00,0x00,0x01,
    0x00,0x1D,0x00,0x68,0x00,0x00,0x00,0x09,0x00,0x00,0x00,0x07,0x00,0x00,0xA4,0x55,0x00,0x00,0x00,0x69,0x00,0x00,0x00,0x0F,
    0x53,0x70,0x65,0x63,0x69,0x61,0x6C,0x46,0x75,0x6E,0x63,0x74,0x69,0x6F,0x6E,0x20,0x43,0x69,0x6E,0x65,0x6D,0x61,0x74,0x69,
    0x63,0x20,0x53,0x6B,0x69,0x70,0x00,0x00,0x00,0x00,0x00,0x00,0x00,0x00,0x00,0x00,0x00,0x00,0x00,0x00,0x00,0x00,0x00,0x00,
    0x00,0x00,0x00,0x00,0x00,0x00,0x00,0x00,0x00,0x00,0x0F,0x00,0x00,0x00,0x00,0x00,0x00,0x00,0x00,0x00,0x00,0x00,0x00,0x00,
    0xFF,0xFF,0xFF,0xFF,0xFF,0xFF,0xFF,0xFF,0x00,0x00,0x00,0x00,0x01,0x00,0x00,0x00,0x00,0xFF,0xFF,0xFF,0xFF,0xFF,0xFF,0xFF,
    0xFF,0xFF,0xFF,0xFF,0xFF,0x05,0x00,0x0C,0x00,0x0A,0x2C,0x2A,0x00,0x03,0x00,0x00,0x00,0x00,0x00,0x00,0x00,0x0D,0x00,0x54,
    0xC5,0x63,0x00,0x00,0x00,0x05,0x00,0x00,0x00,0x05,0x00,0x00,0xA4,0x55,0x00,0x00,0x00,0x05,0x00,0x00,0x00,0x0D,0x00,0x1D,
    0x00,0x47,0x00,0x00,0x00,0x33,0x00,0x00,0x00,0x0F,0x48,0x6F,0x6C,0x64,0x00,0x00,0x00,0x00,0x00,0x00,0x00,0x00,0x00,0x00,
    0x00,0x00,0x00,0x00,0x00,0x00,0x00,0x00,0x00,0x00,0x00,0x00,0x00,0x00,0x00,0x00,0x40,0xE0,0x00,0x00,0x00,0x00,0x00,0x00,
    0x01,0x00,0x00,0x42,0x8C,0x00,0x00,0x01,0x00,0x05,0x00,0x18,0x00,0x00,0xA4,0x55,0x00,0x00,0x00,0x00,0x00,0x3C,0x00,0x00,
    0x00,0x0A,0x48,0x6F,0x6C,0x64,0x20,0x42,0x6C,0x61,0x63,0x6B,0x00,0x01,0x00,0x00,0x00,0x01,0x00,0x00,0x00,0x00,0x00,0x00,
    0x00,0x02,0x00,0x00,0x00,0x00,0x00,0x00,0x00,0x00,0x00,0x00,0x00,0x00,0x00,0x00,0x00,0x00,0x3F,0x80,0x00,0x00,0x00,0x00,
    0x00,0x00,0x3F,0x00,0x00,0x00,0xFF,0xFF,0xFF,0xFF,0x05,0x00,0x05,0x00,0x18,0x00,0x55,0x00,0x01,0x00,0x00,0x00,0x09,0x00,
    0x00,0x00,0x08,0x00,0x1D,0x00,0x46,0x00,0x00,0x00,0x2B,0x00,0x00,0x00,0x06,0x43,0x75,0x74,0x73,0x63,0x65,0x6E,0x65,0x20,
    0x53,0x6B,0x69,0x70,0x20,0x32,0x20,0x46,0x72,0x61,0x6D,0x65,0x20,0x44,0x65,0x6C,0x61,0x79,0x00,0x3C,0xA3,0xD7,0x0A,0x00,
    0x00,0x00,0x00,0x00,0x00,0x01,0x05,0x00,0x05,0x00,0x0A,0x2B,0xBB,0x00,0x01,0x00,0x00,0x00,0x09,0x00,0x00,0x00,0x04,0x00,
    0x0A,0x2C,0x2A,0x00,0x00,0x00,0x1A,0x00,0x00,0x00,0x06,0x4C,0x6F,0x61,0x64,0x20,0x54,0x69,0x6D,0x65,0x72,0x00,0x3A,0x83,
    0x12,0x6F,0x00,0x00,0x00,0x00,0x01,0x01,0x00,0x03,0x00,0x1D,0x00,0x48,0x00,0x00,0x00,0x00,0x00,0x00,0x00,0x07,0x00,0x1D,
    0x00,0x6D,0x03,0x00,0x1D,0x00,0x48,0x00,0x00,0x00,0x00,0x00,0x00,0x00,0x01,0x00,0x1D,0x00,0x49,0x03,0x00,0x1D,0x00,0x48,
    0x00,0x00,0x00,0x00,0x00,0x00,0x00,0x14,0x00,0x1D,0x00,0x78,0x03,0x00,0x1D,0x00,0x4F,0x00,0x00,0x00,0x05,0x00,0x00,0x00,
    0x04,0x00,0x1D,0x00,0x49,0x03,0x00,0x1D,0x00,0x4F,0x00,0x00,0x00,0x05,0x00,0x00,0x00,0x05,0x00,0x1D,0x00,0x6D,0x03,0x00,
    0x1D,0x00,0x4F,0x00,0x00,0x00,0x05,0x00,0x00,0x00,0x0D,0x00,0x1D,0x00,0x75,0x03,0x00,0x1D,0x00,0x4F,0x00,0x00,0x00,0x05,
    0x00,0x00,0x00,0x0D,0x00,0x1D,0x00,0x57,0x04,0x00,0x1D,0x00,0x02,0x00,0x00,0x00,0x07,0x00,0x00,0x00,0x01,0x00,0x0A,0x2B,
    0xBB,0x04,0x00,0x1D,0x00,0x47,0x00,0x00,0x00,0x09,0x00,0x00,0x00,0x05,0x00,0x1D,0x00,0x07,0x04,0x00,0x1D,0x00,0x47,0x00,
    0x00,0x00,0x09,0x00,0x00,0x00,0x04,0x00,0x1D,0x00,0x49,0x04,0x00,0x1D,0x00,0x47,0x00,0x00,0x00,0x09,0x00,0x00,0x00,0x05,
    0x00,0x1D,0x00,0x6D,0x04,0x00,0x1D,0x00,0x47,0x00,0x00,0x00,0x09,0x00,0x00,0x00,0x0D,0x00,0x1D,0x00,0x75,0x04,0x00,0x1D,
    0x00,0x47,0x00,0x00,0x00,0x09,0x00,0x00,0x00,0x0D,0x00,0x1D,0x00,0x57,0x04,0x00,0x1D,0x00,0x4D,0x00,0x00,0x00,0x09,0x00,
    0x00,0x00,0x07,0x00,0x1D,0x00,0x07,0x04,0x00,0x1D,0x00,0x4D,0x00,0x00,0x00,0x09,0x00,0x00,0x00,0x07,0x00,0x1D,0x00,0x6D,
    0x04,0x00,0x1D,0x00,0x4D,0x00,0x00,0x00,0x09,0x00,0x00,0x00,0x01,0x00,0x1D,0x00,0x49,0x04,0x00,0x1D,0x00,0x4D,0x00,0x00,
    0x00,0x09,0x00,0x00,0x00,0x14,0x00,0x1D,0x00,0x78,0x04,0x00,0x1D,0x00,0x4F,0x00,0x00,0x00,0x05,0x00,0x00,0x00,0x0D,0x00,
    0x1D,0x00,0x47,0x04,0x00,0x1D,0x00,0x65,0x00,0x00,0x00,0x09,0x00,0x00,0x00,0x07,0x00,0x1D,0x00,0x08,0x04,0x00,0x1D,0x00,
    0x66,0x00,0x00,0x00,0x09,0x00,0x00,0x00,0x05,0x00,0x1D,0x00,0x08,0x04,0x00,0x1D,0x00,0x6E,0x00,0x00,0x00,0x03,0x00,0x00,
    0x00,0x0D,0x00,0x1D,0x00,0x02,0x04,0x00,0x1D,0x00,0x6E,0x00,0x00,0x00,0x03,0x00,0x00,0x00,0x0D,0x00,0x1D,0x00,0x01,0x06,
    0x00,0x1D,0x00,0x4E,0x05,0x00,0x15,0x00,0x1D,0x00,0x9F,0x00,0x03,0x00,0x00,0x00,0x09,0x00,0x00,0x00,0x07,0x00,0x1D,0x00,
    0xA1,0x00,0x00,0x00,0x09,0x00,0x00,0x00,0x07,0x00,0x1D,0x00,0xE7,0x00,0x00,0x00,0x09,0x00,0x00,0x00,0x01,0x00,0x1D,0x00,
    0xE6,0x00,0x00,0x00,0x1B,0x00,0x00,0x00,0x02,0x52,0x65,0x6C,0x61,0x79,0x2D,0x73,0x74,0x61,0x72,0x74,0x20,0x6F,0x66,0x20,
    0x63,0x69,0x6E,0x65,0x6D,0x61,0x00,0x01,0x05,0x00,0x15,0x00,0x1D,0x00,0xA0,0x00,0x02,0x00,0x00,0x00,0x09,0x00,0x00,0x00,
    0x05,0x00,0x1D,0x00,0xA1,0x00,0x00,0x00,0x09,0x00,0x00,0x00,0x05,0x00,0x1D,0x00,0xE7,0x00,0x00,0x00,0x19,0x00,0x00,0x00,
    0x02,0x52,0x65,0x6C,0x61,0x79,0x2D,0x65,0x6E,0x64,0x20,0x6F,0x66,0x20,0x63,0x69,0x6E,0x65,0x6D,0x61,0x00,0x01,0x05,0x00,
    0x3A,0x00,0x1D,0x00,0xA1,0x00,0x0D,0x00,0x00,0x00,0x09,0x00,0x00,0x00,0x0D,0x00,0x1D,0x00,0xA0,0x00,0x00,0x00,0x09,0x00,
    0x00,0x00,0x0F,0x00,0x1D,0x00,0xE8,0x00,0x00,0x00,0x09,0x00,0x00,0x00,0x04,0x00,0x1D,0x00,0xE9,0x00,0x00,0x00,0x09,0x00,
    0x00,0x00,0x04,0x00,0x1D,0x01,0x0D,0x00,0x00,0x00,0x09,0x00,0x00,0x00,0x04,0x00,0x1D,0x01,0x0F,0x00,0x00,0x00,0x09,0x00,
    0x00,0x00,0x04,0x00,0x1D,0x01,0x0E,0x00,0x00,0x00,0x09,0x00,0x00,0x00,0x04,0x00,0x1D,0x01,0x11,0x00,0x00,0x00,0x09,0x00,
    0x00,0x00,0x04,0x00,0x1D,0x01,0x10,0x00,0x00,0x00,0x09,0x00,0x00,0x00,0x04,0x00,0x1D,0x00,0xF5,0x00,0x00,0x00,0x09,0x00,
    0x00,0x00,0x01,0x00,0x1D,0x01,0x17,0x00,0x00,0x00,0x09,0x00,0x00,0x00,0x01,0x00,0x1D,0x00,0xDB,0x00,0x00,0x00,0x09,0x00,
    0x00,0x00,0x01,0x00,0x1D,0x00,0xDC,0x00,0x00,0x00,0x09,0x00,0x00,0x00,0x01,0x00,0x1D,0x00,0xDD,0x00,0x00,0x00,0x69,0x00,
    0x00,0x00,0x0F,0x53,0x70,0x65,0x63,0x69,0x61,0x6C,0x46,0x75,0x6E,0x63,0x74,0x69,0x6F,0x6E,0x20,0x43,0x69,0x6E,0x65,0x6D,
    0x61,0x74,0x69,0x63,0x20,0x53,0x6B,0x69,0x70,0x00,0x00,0x00,0x00,0x00,0x00,0x00,0x00,0x00,0x00,0x00,0x00,0x00,0x00,0x00,
    0x00,0x00,0x00,0x00,0x00,0x00,0x00,0x00,0x00,0x00,0x00,0x00,0x00,0x0F,0x00,0x00,0x00,0x00,0x00,0x00,0x00,0x00,0x00,0x00,
    0x00,0x00,0x00,0xFF,0xFF,0xFF,0xFF,0xFF,0xFF,0xFF,0xFF,0x00,0x00,0x00,0x00,0x01,0x00,0x00,0x00,0x00,0xFF,0xFF,0xFF,0xFF,
    0xFF,0xFF,0xFF,0xFF,0xFF,0xFF,0xFF,0xFF,0x03,0x00,0x1D,0x00,0xE5,0x00,0x00,0x00,0x09,0x00,0x00,0x00,0x01,0x00,0x1D,0x00,
    0xE6,0x03,0x00,0x1D,0x00,0xE6,0x00,0x00,0x00,0x00,0x00,0x00,0x00,0x07,0x00,0x1D,0x00,0xE7,0x03,0x00,0x1D,0x00,0xE6,0x00,
    0x00,0x00,0x05,0x00,0x00,0x00,0x05,0x00,0x1D,0x00,0xE7,0x04,0x00,0x1D,0x00,0xE5,0x00,0x00,0x00,0x09,0x00,0x00,0x00,0x0D,
    0x00,0x1D,0x00,0x9F,0x04,0x00,0x1D,0x00,0xE6,0x00,0x00,0x00,0x05,0x00,0x00,0x00,0x0D,0x00,0x1D,0x00,0xA0,0x05,0x00,0x0F,
    0x00,0x54,0xC5,0x63,0x00,0x00,0x00,0x00,0x00,0x99,0x00,0x00,0x00,0x23,0x4D,0x6F,0x72,0x70,0x68,0x00,0x00,0x00,0x00,0x00,
    0x00,0x00,0x00,0x00,0x00,0x00,0x00,0x00,0x00,0x00,0x00,0x00,0x00,0x00,0x00,0x00,0x00,0x00,0x00,0x00,0x00,0x00,0x00,0x00,
    0x00,0x00,0x00,0x00,0x00,0x00,0x00,0x00,0x00,0x00,0x00,0x00,0x00,0x00,0x00,0x00,0x00,0x00,0x00,0x00,0x00,0x00,0x00,0x00,
    0x00,0x00,0x00,0x00,0x00,0x00,0x00,0x00,0x00,0x00,0x00,0x00,0x00,0x00,0x00,0x00,0x00,0x00,0x00,0x00,0x00,0x00,0x00,0x00,
    0x00,0x00,0x00,0x00,0x00,0x00,0x00,0x00,0x00,0x00,0x00,0x00,0x00,0x00,0x00,0x00,0x00,0x00,0x00,0x00,0x00,0x00,0x00,0x00,
    0x00,0x00,0x00,0x00,0x00,0x00,0x00,0x00,0x00,0x00,0x00,0x00,0x00,0x00,0x00,0x00,0x00,0x00,0x00,0x00,0x00,0x00,0x00,0x00,
    0x00,0x00,0x00,0x00,0x00,0x00,0x00,0x00,0x00,0x00,0x00,0x00,0x00,0x00,0x00,0x00,0x00,0x01,0x01,0x05,0x00,0x3A,0x00,0x19,
    0x00,0x4F,0x00,0x07,0x00,0x00,0x00,0x09,0x00,0x00,0x00,0x01,0x00,0x0A,0x2C,0x2A,0x00,0x00,0x00,0x09,0x00,0x00,0x00,0x07,
    0x00,0x00,0xA4,0x55,0x00,0x00,0x00,0x09,0x00,0x00,0x00,0x08,0x00,0x19,0x00,0x28,0x00,0x00,0x00,0x09,0x00,0x00,0x00,0x04,
    0x00,0x19,0x00,0x18,0x00,0x00,0x00,0x09,0x00,0x00,0x00,0x04,0x00,0x19,0x00,0x1C,0x00,0x00,0x00,0x09,0x00,0x00,0x00,0x04,
    0x00,0x19,0x00,0x21,0x00,0x00,0x00,0x09,0x00,0x00,0x00,0x04,0x00,0x19,0x00,0x5C,0x00,0x00,0x00,0x61,0x00,0x00,0x00,0x0F,
    0x41,0x72,0x72,0x69,0x76,0x61,0x6C,0x20,0x43,0x69,0x6E,0x65,0x6D,0x61,0x74,0x69,0x63,0x20,0x53,0x6B,0x69,0x70,0x00,0x00,
    0x00,0x00,0x00,0x00,0x00,0x00,0x00,0x00,0x00,0x00,0x00,0x00,0x00,0x00,0x00,0x00,0x00,0x00,0x00,0x00,0x00,0x00,0x00,0x00,
    0x00,0x00,0x0F,0x00,0x00,0x00,0x00,0x00,0x00,0x00,0x00,0x00,0x00,0x00,0x00,0x00,0xFF,0xFF,0xFF,0xFF,0xFF,0xFF,0xFF,0xFF,
    0x00,0x00,0x00,0x00,0x01,0x00,0x00,0x00,0x00,0xFF,0xFF,0xFF,0xFF,0xFF,0xFF,0xFF,0xFF,0xFF,0xFF,0xFF,0xFF,0x05,0x00,0x3A,
    0x00,0x19,0x00,0x50,0x00,0x05,0x00,0x00,0x00,0x09,0x00,0x00,0x00,0x0B,0x00,0x18,0x00,0x55,0x00,0x00,0x00,0x09,0x00,0x00,
    0x00,0x0D,0x00,0x19,0x00,0x09,0x00,0x00,0x00,0x09,0x00,0x00,0x00,0x14,0x00,0x19,0x00,0x11,0x00,0x00,0x00,0x09,0x00,0x00,
    0x00,0x01,0x00,0x19,0x00,0x0D,0x00,0x00,0x00,0x09,0x00,0x00,0x00,0x07,0x00,0x00,0xA4,0x55,0x00,0x00,0x00,0x63,0x00,0x00,
    0x00,0x0F,0x44,0x65,0x70,0x61,0x72,0x74,0x75,0x72,0x65,0x20,0x43,0x69,0x6E,0x65,0x6D,0x61,0x74,0x69,0x63,0x20,0x53,0x6B,
    0x69,0x70,0x00,0x00,0x00,0x00,0x00,0x00,0x00,0x00,0x00,0x00,0x00,0x00,0x00,0x00,0x00,0x00,0x00,0x00,0x00,0x00,0x00,0x00,
    0x00,0x00,0x00,0x00,0x00,0x00,0x0F,0x00,0x00,0x00,0x00,0x00,0x00,0x00,0x00,0x00,0x00,0x00,0x00,0x00,0xFF,0xFF,0xFF,0xFF,
    0xFF,0xFF,0xFF,0xFF,0x00,0x00,0x00,0x00,0x01,0x00,0x00,0x00,0x00,0xFF,0xFF,0xFF,0xFF,0xFF,0xFF,0xFF,0xFF,0xFF,0xFF,0xFF,
    0xFF,0x05,0x00,0x0C,0x00,0x0A,0x2C,0x2A,0x00,0x04,0x00,0x00,0x00,0x00,0x00,0x00,0x00,0x0D,0x00,0x54,0xC5,0x63,0x00,0x00,
    0x00,0x05,0x00,0x00,0x00,0x05,0x00,0x00,0xA4,0x55,0x00,0x00,0x00,0x05,0x00,0x00,0x00,0x0D,0x00,0x19,0x00,0x16,0x00,0x00,
    0x00,0x05,0x00,0x00,0x00,0x0D,0x00,0x19,0x00,0x2C,0x00,0x00,0x00,0x33,0x00,0x00,0x00,0x0F,0x48,0x6F,0x6C,0x64,0x00,0x00,
    0x00,0x00,0x00,0x00,0x00,0x00,0x00,0x00,0x00,0x00,0x00,0x00,0x00,0x00,0x00,0x00,0x00,0x00,0x00,0x00,0x00,0x00,0x00,0x00,
    0x40,0xE0,0x00,0x00,0x00,0x00,0x00,0x00,0x01,0x00,0x00,0x42,0x8C,0x00,0x00,0x01,0x00,0x05,0x00,0x18,0x00,0x00,0xA4,0x55,
    0x00,0x00,0x00,0x00,0x00,0x3C,0x00,0x00,0x00,0x0A,0x48,0x6F,0x6C,0x64,0x20,0x42,0x6C,0x61,0x63,0x6B,0x00,0x01,0x00,0x00,
    0x00,0x01,0x00,0x00,0x00,0x00,0x00,0x00,0x00,0x02,0x00,0x00,0x00,0x00,0x00,0x00,0x00,0x00,0x00,0x00,0x00,0x00,0x00,0x00,
    0x00,0x00,0x3F,0x80,0x00,0x00,0x00,0x00,0x00,0x00,0x3F,0x00,0x00,0x00,0xFF,0xFF,0xFF,0xFF,0x05,0x00,0x05,0x00,0x18,0x00,
    0x55,0x00,0x01,0x00,0x00,0x00,0x09,0x00,0x00,0x00,0x08,0x00,0x19,0x00,0x04,0x00,0x00,0x00,0x2B,0x00,0x00,0x00,0x06,0x43,
    0x75,0x74,0x73,0x63,0x65,0x6E,0x65,0x20,0x53,0x6B,0x69,0x70,0x20,0x32,0x20,0x46,0x72,0x61,0x6D,0x65,0x20,0x44,0x65,0x6C,
    0x61,0x79,0x00,0x3C,0xA3,0xD7,0x0A,0x00,0x00,0x00,0x00,0x00,0x00,0x01,0x05,0x00,0x05,0x00,0x0A,0x2B,0xBB,0x00,0x01,0x00,
    0x00,0x00,0x09,0x00,0x00,0x00,0x04,0x00,0x0A,0x2C,0x2A,0x00,0x00,0x00,0x1A,0x00,0x00,0x00,0x06,0x4C,0x6F,0x61,0x64,0x20,
    0x54,0x69,0x6D,0x65,0x72,0x00,0x3A,0x83,0x12,0x6F,0x00,0x00,0x00,0x00,0x01,0x01,0x00,0x03,0x00,0x19,0x00,0x18,0x00,0x00,
    0x00,0x00,0x00,0x00,0x00,0x07,0x00,0x19,0x00,0x2F,0x03,0x00,0x19,0x00,0x18,0x00,0x00,0x00,0x00,0x00,0x00,0x00,0x01,0x00,
    0x19,0x00,0x17,0x03,0x00,0x19,0x00,0x21,0x00,0x00,0x00,0x05,0x00,0x00,0x00,0x0D,0x00,0x19,0x00,0x39,0x03,0x00,0x19,0x00,
    0x21,0x00,0x00,0x00,0x05,0x00,0x00,0x00,0x05,0x00,0x19,0x00,0x2F,0x03,0x00,0x19,0x00,0x21,0x00,0x00,0x00,0x05,0x00,0x00,
    0x00,0x04,0x00,0x19,0x00,0x17,0x03,0x00,0x19,0x00,0x21,0x00,0x00,0x00,0x05,0x00,0x00,0x00,0x0D,0x00,0x19,0x00,0x2C,0x04,
    0x00,0x19,0x00,0x03,0x00,0x00,0x00,0x07,0x00,0x00,0x00,0x01,0x00,0x0A,0x2B,0xBB,0x04,0x00,0x19,0x00,0x07,0x00,0x00,0x00,
    0x09,0x00,0x00,0x00,0x07,0x00,0x19,0x00,0x50,0x04,0x00,0x19,0x00,0x09,0x00,0x00,0x00,0x09,0x00,0x00,0x00,0x05,0x00,0x19,
    0x00,0x50,0x04,0x00,0x19,0x00,0x15,0x00,0x00,0x00,0x09,0x00,0x00,0x00,0x07,0x00,0x19,0x00,0x4F,0x04,0x00,0x19,0x00,0x15,
    0x00,0x00,0x00,0x09,0x00,0x00,0x00,0x07,0x00,0x19,0x00,0x2F,0x04,0x00,0x19,0x00,0x15,0x00,0x00,0x00,0x09,0x00,0x00,0x00,
    0x01,0x00,0x19,0x00,0x17,0x04,0x00,0x19,0x00,0x16,0x00,0x00,0x00,0x09,0x00,0x00,0x00,0x05,0x00,0x19,0x00,0x4F,0x04,0x00,
    0x19,0x00,0x16,0x00,0x00,0x00,0x09,0x00,0x00,0x00,0x04,0x00,0x19,0x00,0x17,0x04,0x00,0x19,0x00,0x16,0x00,0x00,0x00,0x09,
    0x00,0x00,0x00,0x05,0x00,0x19,0x00,0x2F,0x04,0x00,0x19,0x00,0x16,0x00,0x00,0x00,0x09,0x00,0x00,0x00,0x0D,0x00,0x19,0x00,
    0x39,0x04,0x00,0x19,0x00,0x16,0x00,0x00,0x00,0x09,0x00,0x00,0x00,0x0D,0x00,0x19,0x00,0x2C,0x04,0x00,0x19,0x00,0x21,0x00,
    0x00,0x00,0x05,0x00,0x00,0x00,0x0D,0x00,0x19,0x00,0x16,0x06,0x00,0x19,0x00,0x34,0x05,0x00,0x15,0x00,0x19,0x00,0x02,0x00,
    0x03,0x00,0x00,0x00,0x09,0x00,0x00,0x00,0x07,0x00,0x19,0x00,0x04,0x00,0x00,0x00,0x09,0x00,0x00,0x00,0x07,0x00,0x19,0x00,
    0x3D,0x00,0x00,0x00,0x09,0x00,0x00,0x00,0x01,0x00,0x19,0x00,0x3A,0x00,0x00,0x00,0x1B,0x00,0x00,0x00,0x02,0x52,0x65,0x6C,
    0x61,0x79,0x2D,0x73,0x74,0x61,0x72,0x74,0x20,0x6F,0x66,0x20,0x63,0x69,0x6E,0x65,0x6D,0x61,0x00,0x01,0x05,0x00,0x15,0x00,
    0x19,0x00,0x03,0x00,0x02,0x00,0x00,0x00,0x09,0x00,0x00,0x00,0x05,0x00,0x19,0x00,0x04,0x00,0x00,0x00,0x09,0x00,0x00,0x00,
    0x05,0x00,0x19,0x00,0x3D,0x00,0x00,0x00,0x19,0x00,0x00,0x00,0x02,0x52,0x65,0x6C,0x61,0x79,0x2D,0x65,0x6E,0x64,0x20,0x6F,
    0x66,0x20,0x63,0x69,0x6E,0x65,0x6D,0x61,0x00,0x01,0x05,0x00,0x3A,0x00,0x19,0x00,0x04,0x00,0x02,0x00,0x00,0x00,0x09,0x00,
    0x00,0x00,0x0D,0x00,0x19,0x00,0x03,0x00,0x00,0x00,0x09,0x00,0x00,0x00,0x04,0x00,0x19,0x00,0x3A,0x00,0x00,0x00,0x69,0x00,
    0x00,0x00,0x0F,0x53,0x70,0x65,0x63,0x69,0x61,0x6C,0x46,0x75,0x6E,0x63,0x74,0x69,0x6F,0x6E,0x20,0x43,0x69,0x6E,0x65,0x6D,
    0x61,0x74,0x69,0x63,0x20,0x53,0x6B,0x69,0x70,0x00,0x00,0x00,0x00,0x00,0x00,0x00,0x00,0x00,0x00,0x00,0x00,0x00,0x00,0x00,
    0x00,0x00,0x00,0x00,0x00,0x00,0x00,0x00,0x00,0x00,0x00,0x00,0x00,0x0F,0x00,0x00,0x00,0x00,0x00,0x00,0x00,0x00,0x00,0x00,
    0x00,0x00,0x00,0xFF,0xFF,0xFF,0xFF,0xFF,0xFF,0xFF,0xFF,0x00,0x00,0x00,0x00,0x01,0x00,0x00,0x00,0x00,0xFF,0xFF,0xFF,0xFF,
    0xFF,0xFF,0xFF,0xFF,0xFF,0xFF,0xFF,0xFF,0x03,0x00,0x19,0x00,0x2A,0x00,0x00,0x00,0x07,0x00,0x00,0x00,0x01,0x00,0x19,0x00,
    0x3A,0x03,0x00,0x19,0x00,0x3A,0x00,0x00,0x00,0x00,0x00,0x00,0x00,0x07,0x00,0x19,0x00,0x3D,0x03,0x00,0x19,0x00,0x3A,0x00,
    0x00,0x00,0x05,0x00,0x00,0x00,0x05,0x00,0x19,0x00,0x3D,0x04,0x00,0x19,0x00,0x2A,0x00,0x00,0x00,0x07,0x00,0x00,0x00,0x0D,
    0x00,0x19,0x00,0x02,0x04,0x00,0x19,0x00,0x3A,0x00,0x00,0x00,0x05,0x00,0x00,0x00,0x0D,0x00,0x19,0x00,0x03,0x05,0x00,0x15,
    0x00,0x0B,0x00,0x40,0x00,0x03,0x00,0x00,0x00,0x09,0x00,0x00,0x00,0x05,0x00,0x0B,0x00,0x3F,0x00,0x00,0x00,0x09,0x00,0x00,
    0x00,0x05,0x00,0x0B,0x00,0x7C,0x00,0x00,0x00,0x09,0x00,0x00,0x00,0x0D,0x00,0x0B,0x00,0x02,0x00,0x00,0x00,0x22,0x00,0x00,
    0x00,0x02,0x45,0x6E,0x64,0x20,0x6F,0x66,0x20,0x52,0x61,0x69,0x73,0x65,0x20,0x47,0x61,0x74,0x65,0x73,0x20,0x43,0x69,0x6E,
    0x65,0x6D,0x61,0x74,0x69,0x63,0x00,0x01,0x05,0x00,0x3A,0x00,0x0B,0x00,0x3F,0x00,0x03,0x00,0x00,0x00,0x09,0x00,0x00,0x00,
    0x0D,0x00,0x0B,0x00,0x40,0x00,0x00,0x00,0x09,0x00,0x00,0x00,0x04,0x00,0x0B,0x00,0x7B,0x00,0x00,0x00,0x09,0x00,0x00,0x00,
    0x04,0x00,0x0B,0x00,0x1B,0x00,0x00,0x00,0x69,0x00,0x00,0x00,0x0F,0x53,0x70,0x65,0x63,0x69,0x61,0x6C,0x46,0x75,0x6E,0x63,
    0x74,0x69,0x6F,0x6E,0x20,0x43,0x69,0x6E,0x65,0x6D,0x61,0x74,0x69,0x63,0x20,0x53,0x6B,0x69,0x70,0x00,0x00,0x00,0x00,0x00,
    0x00,0x00,0x00,0x00,0x00,0x00,0x00,0x00,0x00,0x00,0x00,0x00,0x00,0x00,0x00,0x00,0x00,0x00,0x00,0x00,0x00,0x00,0x00,0x0F,
    0x00,0x00,0x00,0x00,0x00,0x00,0x00,0x00,0x00,0x00,0x00,0x00,0x00,0xFF,0xFF,0xFF,0xFF,0xFF,0xFF,0xFF,0xFF,0x00,0x00,0x00,
    0x00,0x01,0x00,0x00,0x00,0x00,0xFF,0xFF,0xFF,0xFF,0xFF,0xFF,0xFF,0xFF,0xFF,0xFF,0xFF,0xFF,0x03,0x00,0x0B,0x00,0x7B,0x00,
    0x00,0x00,0x05,0x00,0x00,0x00,0x05,0x00,0x0B,0x00,0x7C,0x04,0x00,0x0B,0x00,0x3B,0x00,0x00,0x00,0x09,0x00,0x00,0x00,0x07,
    0x00,0x0B,0x00,0x3F,0x04,0x00,0x0B,0x00,0x7B,0x00,0x00,0x00,0x05,0x00,0x00,0x00,0x0D,0x00,0x0B,0x00,0x40,0x05,0x00,0x3A,
    0x00,0x1A,0x00,0x03,0x00,0x05,0x00,0x00,0x00,0x09,0x00,0x00,0x00,0x0B,0x00,0x18,0x00,0x55,0x00,0x00,0x00,0x09,0x00,0x00,
    0x00,0x04,0x00,0x1A,0x00,0x34,0x00,0x00,0x00,0x09,0x00,0x00,0x00,0x14,0x00,0x1A,0x00,0x24,0x00,0x00,0x00,0x09,0x00,0x00,
    0x00,0x01,0x00,0x1A,0x00,0x32,0x00,0x00,0x00,0x09,0x00,0x00,0x00,0x07,0x00,0x00,0xA4,0x55,0x00,0x00,0x00,0x63,0x00,0x00,
    0x00,0x0F,0x44,0x65,0x70,0x61,0x72,0x74,0x75,0x72,0x65,0x20,0x43,0x69,0x6E,0x65,0x6D,0x61,0x74,0x69,0x63,0x20,0x53,0x6B,
    0x69,0x70,0x00,0x00,0x00,0x00,0x00,0x00,0x00,0x00,0x00,0x00,0x00,0x00,0x00,0x00,0x00,0x00,0x00,0x00,0x00,0x00,0x00,0x00,
    0x00,0x00,0x00,0x00,0x00,0x00,0x0F,0x00,0x00,0x00,0x00,0x00,0x00,0x00,0x00,0x00,0x00,0x00,0x00,0x00,0xFF,0xFF,0xFF,0xFF,
    0xFF,0xFF,0xFF,0xFF,0x00,0x00,0x00,0x00,0x01,0x00,0x00,0x00,0x00,0xFF,0xFF,0xFF,0xFF,0xFF,0xFF,0xFF,0xFF,0xFF,0xFF,0xFF,
    0xFF,0x05,0x00,0x3A,0x00,0x1A,0x00,0x3F,0x00,0x05,0x00,0x00,0x00,0x09,0x00,0x00,0x00,0x0D,0x00,0x1A,0x00,0x11,0x00,0x00,
    0x00,0x09,0x00,0x00,0x00,0x08,0x00,0x1A,0x00,0x20,0x00,0x00,0x00,0x09,0x00,0x00,0x00,0x04,0x00,0x1A,0x00,0x19,0x00,0x00,
    0x00,0x09,0x00,0x00,0x00,0x04,0x00,0x1A,0x00,0x60,0x00,0x00,0x00,0x09,0x00,0x00,0x00,0x0D,0x00,0x1A,0x00,0x21,0x00,0x00,
    0x00,0x61,0x00,0x00,0x00,0x0F,0x41,0x72,0x72,0x69,0x76,0x61,0x6C,0x20,0x43,0x69,0x6E,0x65,0x6D,0x61,0x74,0x69,0x63,0x20,
    0x53,0x6B,0x69,0x70,0x00,0x00,0x00,0x00,0x00,0x00,0x00,0x00,0x00,0x00,0x00,0x00,0x00,0x00,0x00,0x00,0x00,0x00,0x00,0x00,
    0x00,0x00,0x00,0x00,0x00,0x00,0x00,0x00,0x0F,0x00,0x00,0x00,0x00,0x00,0x00,0x00,0x00,0x00,0x00,0x00,0x00,0x00,0xFF,0xFF,
    0xFF,0xFF,0xFF,0xFF,0xFF,0xFF,0x00,0x00,0x00,0x00,0x01,0x00,0x00,0x00,0x00,0xFF,0xFF,0xFF,0xFF,0xFF,0xFF,0xFF,0xFF,0xFF,
    0xFF,0xFF,0xFF,0x05,0x00,0x18,0x00,0x00,0xA4,0x55,0x00,0x00,0x00,0x00,0x00,0x3C,0x00,0x00,0x00,0x0A,0x48,0x6F,0x6C,0x64,
    0x20,0x42,0x6C,0x61,0x63,0x6B,0x00,0x01,0x00,0x00,0x00,0x01,0x00,0x00,0x00,0x00,0x00,0x00,0x00,0x02,0x00,0x00,0x00,0x00,
    0x00,0x00,0x00,0x00,0x00,0x00,0x00,0x00,0x00,0x00,0x00,0x00,0x3F,0x80,0x00,0x00,0x00,0x00,0x00,0x00,0x3F,0x00,0x00,0x00,
    0xFF,0xFF,0xFF,0xFF,0x05,0x00,0x05,0x00,0x18,0x00,0x55,0x00,0x01,0x00,0x00,0x00,0x09,0x00,0x00,0x00,0x08,0x00,0x1A,0x00,
    0x10,0x00,0x00,0x00,0x2B,0x00,0x00,0x00,0x06,0x43,0x75,0x74,0x73,0x63,0x65,0x6E,0x65,0x20,0x53,0x6B,0x69,0x70,0x20,0x32,
    0x20,0x46,0x72,0x61,0x6D,0x65,0x20,0x44,0x65,0x6C,0x61,0x79,0x00,0x3C,0xA3,0xD7,0x0A,0x00,0x00,0x00,0x00,0x00,0x00,0x01,
    0x03,0x00,0x1A,0x00,0x12,0x00,0x00,0x00,0x00,0x00,0x00,0x00,0x07,0x00,0x1A,0x00,0x37,0x03,0x00,0x1A,0x00,0x12,0x00,0x00,
    0x00,0x00,0x00,0x00,0x00,0x01,0x00,0x1A,0x00,0x13,0x03,0x00,0x1A,0x00,0x12,0x00,0x00,0x00,0x00,0x00,0x00,0x00,0x14,0x00,
    0x1A,0x00,0x44,0x03,0x00,0x1A,0x00,0x19,0x00,0x00,0x00,0x05,0x00,0x00,0x00,0x04,0x00,0x1A,0x00,0x13,0x03,0x00,0x1A,0x00,
    0x19,0x00,0x00,0x00,0x05,0x00,0x00,0x00,0x05,0x00,0x1A,0x00,0x37,0x03,0x00,0x1A,0x00,0x19,0x00,0x00,0x00,0x05,0x00,0x00,
    0x00,0x0D,0x00,0x1A,0x00,0x41,0x03,0x00,0x1A,0x00,0x19,0x00,0x00,0x00,0x05,0x00,0x00,0x00,0x0D,0x00,0x1A,0x00,0x21,0x04,
    0x00,0x1A,0x00,0x11,0x00,0x00,0x00,0x09,0x00,0x00,0x00,0x05,0x00,0x1A,0x00,0x3F,0x04,0x00,0x1A,0x00,0x11,0x00,0x00,0x00,
    0x09,0x00,0x00,0x00,0x04,0x00,0x1A,0x00,0x13,0x04,0x00,0x1A,0x00,0x11,0x00,0x00,0x00,0x09,0x00,0x00,0x00,0x05,0x00,0x1A,
    0x00,0x37,0x04,0x00,0x1A,0x00,0x11,0x00,0x00,0x00,0x09,0x00,0x00,0x00,0x0D,0x00,0x1A,0x00,0x41,0x04,0x00,0x1A,0x00,0x11,
    0x00,0x00,0x00,0x09,0x00,0x00,0x00,0x0D,0x00,0x1A,0x00,0x21,0x04,0x00,0x1A,0x00,0x17,0x00,0x00,0x00,0x09,0x00,0x00,0x00,
    0x07,0x00,0x1A,0x00,0x3F,0x04,0x00,0x1A,0x00,0x17,0x00,0x00,0x00,0x09,0x00,0x00,0x00,0x07,0x00,0x1A,0x00,0x37,0x04,0x00,
    0x1A,0x00,0x17,0x00,0x00,0x00,0x09,0x00,0x00,0x00,0x01,0x00,0x1A,0x00,0x13,0x04,0x00,0x1A,0x00,0x17,0x00,0x00,0x00,0x09,
    0x00,0x00,0x00,0x14,0x00,0x1A,0x00,0x44,0x04,0x00,0x1A,0x00,0x19,0x00,0x00,0x00,0x05,0x00,0x00,0x00,0x0D,0x00,0x1A,0x00,
    0x11,0x04,0x00,0x1A,0x00,0x2F,0x00,0x00,0x00,0x09,0x00,0x00,0x00,0x07,0x00,0x1A,0x00,0x03,0x04,0x00,0x1A,0x00,0x30,0x00,
    0x00,0x00,0x09,0x00,0x00,0x00,0x05,0x00,0x1A,0x00,0x03,0x06,0x00,0x1A,0x00,0x18,0x05,0x00,0x15,0x00,0x02,0x00,0x10,0x00,
    0x03,0x00,0x00,0x00,0x09,0x00,0x00,0x00,0x05,0x00,0x02,0x01,0xFF,0x00,0x00,0x00,0x09,0x00,0x00,0x00,0x04,0x00,0x02,0x01,
    0xF3,0x00,0x00,0x00,0x09,0x00,0x00,0x00,0x05,0x00,0x02,0x00,0x93,0x00,0x00,0x00,0x12,0x00,0x00,0x00,0x02,0x4F,0x6E,0x65,
    0x20,0x53,0x68,0x6F,0x74,0x20,0x45,0x6E,0x64,0x00,0x01,0x05,0x00,0x3A,0x00,0x02,0x00,0x93,0x00,0x05,0x00,0x00,0x00,0x09,
    0x00,0x00,0x00,0x0D,0x00,0x02,0x00,0x10,0x00,0x00,0x00,0x09,0x00,0x00,0x00,0x08,0x00,0x02,0x01,0x13,0x00,0x00,0x00,0x09,
    0x00,0x00,0x00,0x0F,0x00,0x02,0x02,0x03,0x00,0x00,0x00,0x09,0x00,0x00,0x00,0x04,0x00,0x02,0x01,0xF4,0x00,0x00,0x00,0x09,
    0x00,0x00,0x00,0x04,0x00,0x02,0x01,0xF3,0x00,0x00,0x00,0x65,0x00,0x00,0x00,0x0F,0x57,0x61,0x6C,0x6C,0x20,0x55,0x6E,0x6C,
    0x6F,0x63,0x6B,0x20,0x43,0x69,0x6E,0x65,0x6D,0x61,0x74,0x69,0x63,0x20,0x53,0x6B,0x69,0x70,0x00,0x00,0x00,0x00,0x00,0x00,
    0x00,0x00,0x00,0x00,0x00,0x00,0x00,0x00,0x00,0x00,0x00,0x00,0x00,0x00,0x00,0x00,0x00,0x00,0x00,0x00,0x00,0x00,0x0F,0x00,
    0x00,0x00,0x00,0x00,0x00,0x00,0x00,0x00,0x00,0x00,0x00,0x00,0xFF,0xFF,0xFF,0xFF,0xFF,0xFF,0xFF,0xFF,0x00,0x00,0x00,0x00,
    0x01,0x00,0x00,0x00,0x00,0xFF,0xFF,0xFF,0xFF,0xFF,0xFF,0xFF,0xFF,0xFF,0xFF,0xFF,0xFF,0x05,0x04,0x15,0x00,0x02,0x00,0x09,
    0x00,0x04,0x00,0x00,0x00,0x09,0x00,0x00,0x00,0x01,0x00,0x02,0x02,0xA8,0x00,0x00,0x00,0x09,0x00,0x00,0x00,0x07,0x00,0x02,
    0x02,0xB6,0x00,0x00,0x00,0x09,0x00,0x00,0x00,0x01,0x00,0x02,0x02,0xA9,0x00,0x00,0x00,0x09,0x00,0x00,0x00,0x07,0x00,0x02,
    0x00,0x0D,0x00,0x00,0x00,0x1B,0x00,0x00,0x00,0x02,0x52,0x69,0x64,0x6C,0x65,0x79,0x20,0x46,0x6C,0x79,0x20,0x4F,0x76,0x65,
    0x72,0x20,0x53,0x74,0x61,0x72,0x74,0x00,0x01,0x05,0x04,0x15,0x00,0x02,0x00,0x0C,0x00,0x04,0x00,0x00,0x00,0x09,0x00,0x00,
    0x00,0x04,0x00,0x02,0x02,0xA8,0x00,0x00,0x00,0x09,0x00,0x00,0x00,0x04,0x00,0x02,0x02,0xA3,0x00,0x00,0x00,0x09,0x00,0x00,
    0x00,0x05,0x00,0x02,0x02,0xB6,0x00,0x00,0x00,0x09,0x00,0x00,0x00,0x05,0x00,0x02,0x00,0x0D,0x00,0x00,0x00,0x19,0x00,0x00,
    0x00,0x02,0x52,0x69,0x64,0x6C,0x65,0x79,0x20,0x46,0x6C,0x79,0x20,0x4F,0x76,0x65,0x72,0x20,0x45,0x6E,0x64,0x00,0x01,0x05,
    0x04,0x3A,0x00,0x02,0x00,0x0D,0x00,0x10,0x00,0x00,0x00,0x09,0x00,0x00,0x00,0x0D,0x00,0x02,0x00,0x0C,0x00,0x00,0x00,0x09,
    0x00,0x00,0x00,0x0D,0x00,0x02,0x02,0xB7,0x00,0x00,0x00,0x09,0x00,0x00,0x00,0x04,0x00,0x02,0x02,0xA8,0x00,0x00,0x00,0x09,
    0x00,0x00,0x00,0x0F,0x00,0x02,0x02,0xBA,0x00,0x00,0x00,0x09,0x00,0x00,0x00,0x04,0x00,0x02,0x02,0xA3,0x00,0x00,0x00,0x09,
    0x00,0x00,0x00,0x04,0x00,0x02,0x02,0x9C,0x00,0x00,0x00,0x09,0x00,0x00,0x00,0x0F,0x00,0x02,0x02,0xE2,0x00,0x00,0x00,0x09,
    0x00,0x00,0x00,0x04,0x00,0x02,0x02,0x9E,0x00,0x00,0x00,0x09,0x00,0x00,0x00,0x0F,0x00,0x02,0x02,0xE6,0x00,0x00,0x00,0x09,
    0x00,0x00,0x00,0x0F,0x00,0x02,0x02,0xE5,0x00,0x00,0x00,0x09,0x00,0x00,0x00,0x0F,0x00,0x02,0x02,0xE7,0x00,0x00,0x00,0x09,
    0x00,0x00,0x00,0x0F,0x00,0x02,0x02,0xE4,0x00,0x00,0x00,0x09,0x00,0x00,0x00,0x0F,0x00,0x02,0x02,0xEC,0x00,0x00,0x00,0x09,
    0x00,0x00,0x00,0x0F,0x00,0x02,0x02,0xEB,0x00,0x00,0x00,0x09,0x00,0x00,0x00,0x0F,0x00,0x02,0x02,0xE8,0x00,0x00,0x00,0x09,
    0x00,0x00,0x00,0x0F,0x00,0x02,0x02,0xE3,0x00,0x00,0x00,0x66,0x00,0x00,0x00,0x0F,0x52,0x69,0x64,0x6C,0x65,0x79,0x20,0x46,
    0x6C,0x79,0x62,0x79,0x20,0x43,0x69,0x6E,0x65,0x6D,0x61,0x74,0x69,0x63,0x20,0x53,0x6B,0x69,0x70,0x00,0x00,0x00,0x00,0x00,
    0x00,0x00,0x00,0x00,0x00,0x00,0x00,0x00,0x00,0x00,0x00,0x00,0x00,0x00,0x00,0x00,0x00,0x00,0x00,0x00,0x00,0x00,0x00,0x0F,
    0x00,0x00,0x00,0x00,0x00,0x00,0x00,0x00,0x00,0x00,0x00,0x00,0x00,0xFF,0xFF,0xFF,0xFF,0xFF,0xFF,0xFF,0xFF,0x00,0x00,0x00,
    0x00,0x01,0x00,0x00,0x00,0x00,0xFF,0xFF,0xFF,0xFF,0xFF,0xFF,0xFF,0xFF,0xFF,0xFF,0xFF,0xFF,0x03,0x00,0x02,0x01,0xF4,0x00,
    0x00,0x00,0x00,0x00,0x00,0x00,0x07,0x00,0x02,0x01,0xFF,0x03,0x00,0x02,0x01,0xF4,0x00,0x00,0x00,0x05,0x00,0x00,0x00,0x05,
    0x00,0x02,0x01,0xFF,0x03,0x00,0x02,0x01,0xF4,0x00,0x00,0x00,0x05,0x00,0x00,0x00,0x04,0x00,0x02,0x01,0xF3,0x03,0x00,0x02,
    0x01,0xF4,0x00,0x00,0x00,0x00,0x00,0x00,0x00,0x0D,0x00,0x02,0x02,0x10,0x03,0x10,0x02,0x02,0xA9,0x00,0x00,0x00,0x00,0x00,
    0x00,0x00,0x01,0x10,0x02,0x02,0xA8,0x03,0x10,0x02,0x02,0xA9,0x00,0x00,0x00,0x05,0x00,0x00,0x00,0x04,0x10,0x02,0x02,0xA8,
    0x03,0x10,0x02,0x02,0xA9,0x00,0x00,0x00,0x05,0x00,0x00,0x00,0x04,0x10,0x02,0x02,0xA3,0x03,0x10,0x02,0x02,0xA9,0x00,0x00,
    0x00,0x00,0x00,0x00,0x00,0x07,0x10,0x02,0x02,0xB6,0x03,0x10,0x02,0x02,0xA9,0x00,0x00,0x00,0x05,0x00,0x00,0x00,0x05,0x10,
    0x02,0x02,0xB6,0x03,0x10,0x02,0x03,0x29,0x00,0x00,0x00,0x09,0x00,0x00,0x00,0x01,0x10,0x02,0x02,0xA9,0x04,0x00,0x02,0x01,
    0xF4,0x00,0x00,0x00,0x05,0x00,0x00,0x00,0x0D,0x00,0x02,0x00,0x10,0x04,0x00,0x02,0x02,0x09,0x00,0x00,0x00,0x09,0x00,0x00,
    0x00,0x07,0x00,0x02,0x01,0xFF,0x04,0x00,0x02,0x02,0x09,0x00,0x00,0x00,0x09,0x00,0x00,0x00,0x0D,0x00,0x02,0x02,0x10,0x04,
    0x00,0x02,0x02,0x09,0x00,0x00,0x00,0x09,0x00,0x00,0x00,0x07,0x00,0x02,0x00,0x93,0x04,0x10,0x02,0x02,0xA9,0x00,0x00,0x00,
    0x05,0x00,0x00,0x00,0x0D,0x00,0x02,0x00,0x0C,0x04,0x10,0x02,0x03,0x29,0x00,0x00,0x00,0x09,0x00,0x00,0x00,0x0D,0x00,0x02,
    0x00,0x09,0x05,0x00,0x15,0x00,0x20,0x00,0x0A,0x00,0x02,0x00,0x00,0x00,0x09,0x00,0x00,0x00,0x05,0x00,0x20,0x06,0x56,0x00,
    0x00,0x00,0x09,0x00,0x00,0x00,0x05,0x00,0x20,0x00,0x0F,0x00,0x00,0x00,0x16,0x00,0x00,0x00,0x02,0x4F,0x6E,0x65,0x20,0x53,
    0x68,0x6F,0x74,0x20,0x4F,0x75,0x74,0x20,0x45,0x6E,0x64,0x00,0x01,0x05,0x00,0x3A,0x00,0x20,0x00,0x06,0x00,0x02,0x00,0x00,
    0x00,0x09,0x00,0x00,0x00,0x0D,0x00,0x20,0x00,0x05,0x00,0x00,0x00,0x09,0x00,0x00,0x00,0x04,0x00,0x20,0x02,0xC1,0x00,0x00,
    0x00,0x69,0x00,0x00,0x00,0x0F,0x53,0x70,0x65,0x63,0x69,0x61,0x6C,0x46,0x75,0x6E,0x63,0x74,0x69,0x6F,0x6E,0x20,0x43,0x69,
    0x6E,0x65,0x6D,0x61,0x74,0x69,0x63,0x20,0x53,0x6B,0x69,0x70,0x00,0x00,0x00,0x00,0x00,0x00,0x00,0x00,0x00,0x00,0x00,0x00,
    0x00,0x00,0x00,0x00,0x00,0x00,0x00,0x00,0x00,0x00,0x00,0x00,0x00,0x00,0x00,0x00,0x0F,0x00,0x00,0x00,0x00,0x00,0x00,0x00,
    0x00,0x00,0x00,0x00,0x00,0x00,0xFF,0xFF,0xFF,0xFF,0xFF,0xFF,0xFF,0xFF,0x00,0x00,0x00,0x00,0x01,0x00,0x00,0x00,0x00,0xFF,
    0xFF,0xFF,0xFF,0xFF,0xFF,0xFF,0xFF,0xFF,0xFF,0xFF,0xFF,0x05,0x00,0x3A,0x00,0x20,0x00,0x0F,0x00,0x04,0x00,0x00,0x00,0x09,
    0x00,0x00,0x00,0x0D,0x00,0x20,0x00,0x0A,0x00,0x00,0x00,0x09,0x00,0x00,0x00,0x04,0x00,0x20,0x00,0xB4,0x00,0x00,0x00,0x09,
    0x00,0x00,0x00,0x15,0x00,0x20,0x02,0xDC,0x00,0x00,0x00,0x09,0x00,0x00,0x00,0x04,0x00,0x20,0x00,0xCF,0x00,0x00,0x00,0x69,
    0x00,0x00,0x00,0x0F,0x53,0x70,0x65,0x63,0x69,0x61,0x6C,0x46,0x75,0x6E,0x63,0x74,0x69,0x6F,0x6E,0x20,0x43,0x69,0x6E,0x65,
    0x6D,0x61,0x74,0x69,0x63,0x20,0x53,0x6B,0x69,0x70,0x00,0x00,0x00,0x00,0x00,0x00,0x00,0x00,0x00,0x00,0x00,0x00,0x00,0x00,
    0x00,0x00,0x00,0x00,0x00,0x00,0x00,0x00,0x00,0x00,0x00,0x00,0x00,0x00,0x0F,0x00,0x00,0x00,0x00,0x00,0x00,0x00,0x00,0x00,
    0x00,0x00,0x00,0x00,0xFF,0xFF,0xFF,0xFF,0xFF,0xFF,0xFF,0xFF,0x00,0x00,0x00,0x00,0x01,0x00,0x00,0x00,0x00,0xFF,0xFF,0xFF,
    0xFF,0xFF,0xFF,0xFF,0xFF,0xFF,0xFF,0xFF,0xFF,0x05,0x04,0x15,0x00,0x20,0x00,0x04,0x00,0x03,0x00,0x00,0x00,0x09,0x00,0x00,
    0x00,0x07,0x00,0x20,0x06,0x05,0x00,0x00,0x00,0x09,0x00,0x00,0x00,0x01,0x00,0x20,0x02,0xC1,0x00,0x00,0x00,0x09,0x00,0x00,
    0x00,0x07,0x00,0x20,0x00,0x06,0x00,0x00,0x00,0x1B,0x00,0x00,0x00,0x02,0x52,0x65,0x6C,0x61,0x79,0x2D,0x73,0x74,0x61,0x72,
    0x74,0x20,0x6F,0x66,0x20,0x63,0x69,0x6E,0x65,0x6D,0x61,0x00,0x01,0x05,0x04,0x15,0x00,0x20,0x00,0x05,0x00,0x02,0x00,0x00,
    0x00,0x09,0x00,0x00,0x00,0x05,0x00,0x20,0x06,0x05,0x00,0x00,0x00,0x09,0x00,0x00,0x00,0x05,0x00,0x20,0x00,0x06,0x00,0x00,
    0x00,0x19,0x00,0x00,0x00,0x02,0x52,0x65,0x6C,0x61,0x79,0x2D,0x65,0x6E,0x64,0x20,0x6F,0x66,0x20,0x63,0x69,0x6E,0x65,0x6D,
    0x61,0x00,0x01,0x03,0x00,0x20,0x00,0xCF,0x00,0x00,0x00,0x00,0x00,0x00,0x00,0x07,0x00,0x20,0x06,0x56,0x03,0x00,0x20,0x00,
    0xCF,0x00,0x00,0x00,0x05,0x00,0x00,0x00,0x05,0x00,0x20,0x06,0x56,0x03,0x10,0x20,0x02,0xC1,0x00,0x00,0x00,0x00,0x00,0x00,
    0x00,0x07,0x10,0x20,0x06,0x05,0x03,0x10,0x20,0x02,0xC1,0x00,0x00,0x00,0x05,0x00,0x00,0x00,0x05,0x10,0x20,0x06,0x05,0x03,
    0x10,0x20,0x02,0xD0,0x00,0x00,0x00,0x03,0x00,0x00,0x00,0x01,0x10,0x20,0x02,0xC1,0x04,0x00,0x20,0x00,0xCF,0x00,0x00,0x00,
    0x05,0x00,0x00,0x00,0x0D,0x00,0x20,0x00,0x0A,0x04,0x00,0x20,0x04,0x65,0x00,0x00,0x00,0x09,0x00,0x00,0x00,0x07,0x00,0x20,
    0x06,0x56,0x04,0x00,0x20,0x04,0x65,0x00,0x00,0x00,0x09,0x00,0x00,0x00,0x07,0x00,0x20,0x00,0x0F,0x04,0x10,0x20,0x02,0xC1,
    0x00,0x00,0x00,0x05,0x00,0x00,0x00,0x0D,0x00,0x20,0x00,0x05,0x04,0x10,0x20,0x02,0xD0,0x00,0x00,0x00,0x03,0x00,0x00,0x00,
    0x0D,0x00,0x20,0x00,0x04,0x05,0x00,0x15,0x00,0x34,0x00,0x5D,0x00,0x14,0x00,0x00,0x00,0x09,0x00,0x00,0x00,0x10,0x00,0x34,
    0x01,0x75,0x00,0x00,0x00,0x09,0x00,0x00,0x00,0x14,0x00,0x34,0x01,0xC4,0x00,0x00,0x00,0x09,0x00,0x00,0x00,0x01,0x00,0x34,
    0x01,0x6A,0x00,0x00,0x00,0x09,0x00,0x00,0x00,0x04,0x00,0x34,0x01,0x6B,0x00,0x00,0x00,0x09,0x00,0x00,0x00,0x10,0x00,0x34,
    0x01,0x7A,0x00,0x00,0x00,0x09,0x00,0x00,0x00,0x07,0x00,0x34,0x01,0x50,0x00,0x00,0x00,0x09,0x00,0x00,0x00,0x10,0x00,0x34,
    0x01,0x76,0x00,0x00,0x00,0x09,0x00,0x00,0x00,0x14,0x00,0x34,0x00,0x04,0x00,0x00,0x00,0x09,0x00,0x00,0x00,0x01,0x00,0x34,
    0x00,0xF0,0x00,0x00,0x00,0x09,0x00,0x00,0x00,0x04,0x00,0x34,0x00,0xB5,0x00,0x00,0x00,0x09,0x00,0x00,0x00,0x10,0x00,0x34,
    0x01,0x79,0x00,0x00,0x00,0x09,0x00,0x00,0x00,0x07,0x00,0x34,0x01,0x4F,0x00,0x00,0x00,0x09,0x00,0x00,0x00,0x14,0x00,0x34,
    0x01,0xC6,0x00,0x00,0x00,0x09,0x00,0x00,0x00,0x10,0x00,0x34,0x01,0x77,0x00,0x00,0x00,0x09,0x00,0x00,0x00,0x14,0x00,0x34,
    0x00,0x03,0x00,0x00,0x00,0x09,0x00,0x00,0x00,0x01,0x00,0x34,0x00,0xF1,0x00,0x00,0x00,0x09,0x00,0x00,0x00,0x04,0x00,0x34,
    0x00,0xB9,0x00,0x00,0x00,0x09,0x00,0x00,0x00,0x10,0x00,0x34,0x01,0x78,0x00,0x00,0x00,0x09,0x00,0x00,0x00,0x07,0x00,0x34,
    0x01,0x4E,0x00,0x00,0x00,0x09,0x00,0x00,0x00,0x07,0x00,0x34,0x01,0xBA,0x00,0x00,0x00,0x33,0x00,0x00,0x00,0x02,0x4F,0x76,
    0x65,0x72,0x6C,0x61,0x70,0x70,0x69,0x6E,0x67,0x20,0x43,0x75,0x74,0x73,0x63,0x65,0x6E,0x65,0x73,0x20,0x41,0x63,0x74,0x69,
    0x76,0x61,0x74,0x6F,0x72,0x20,0x28,0x4D,0x61,0x73,0x74,0x65,0x72,0x20,0x53,0x6C,0x6F,0x74,0x29,0x00,0x00,0x05,0x00,0x15,
    0x00,0x34,0x00,0x7D,0x00,0x09,0x00,0x00,0x00,0x09,0x00,0x00,0x00,0x0D,0x00,0x34,0x00,0x31,0x00,0x00,0x00,0x09,0x00,0x00,
    0x00,0x10,0x00,0x34,0x00,0x7A,0x00,0x00,0x00,0x09,0x00,0x00,0x00,0x0B,0x00,0x34,0x00,0x33,0x00,0x00,0x00,0x09,0x00,0x00,
    0x00,0x10,0x00,0x34,0x00,0xF4,0x00,0x00,0x00,0x09,0x00,0x00,0x00,0x04,0x00,0x34,0x00,0xDB,0x00,0x00,0x00,0x09,0x00,0x00,
    0x00,0x04,0x00,0x34,0x00,0xF2,0x00,0x00,0x00,0x09,0x00,0x00,0x00,0x04,0x00,0x34,0x00,0xF3,0x00,0x00,0x00,0x09,0x00,0x00,
    0x00,0x0B,0x00,0x34,0x00,0x3E,0x00,0x00,0x00,0x09,0x00,0x00,0x00,0x0B,0x00,0x34,0x00,0x63,0x00,0x00,0x00,0x31,0x00,0x00,
    0x00,0x02,0x4F,0x76,0x65,0x72,0x6C,0x61,0x70,0x70,0x69,0x6E,0x67,0x20,0x43,0x75,0x74,0x73,0x63,0x65,0x6E,0x65,0x73,0x20,
    0x41,0x63,0x74,0x69,0x76,0x61,0x74,0x6F,0x72,0x20,0x28,0x57,0x61,0x76,0x65,0x20,0x53,0x6C,0x6F,0x74,0x29,0x00,0x00,0x05,
    0x00,0x15,0x00,0x34,0x00,0x53,0x00,0x0B,0x00,0x00,0x00,0x09,0x00,0x00,0x00,0x05,0x00,0x34,0x00,0x36,0x00,0x00,0x00,0x09,
    0x00,0x00,0x00,0x0D,0x00,0x34,0x00,0x7C,0x00,0x00,0x00,0x09,0x00,0x00,0x00,0x04,0x00,0x34,0x00,0x34,0x00,0x00,0x00,0x09,
    0x00,0x00,0x00,0x10,0x00,0x34,0x00,0x7F,0x00,0x00,0x00,0x09,0x00,0x00,0x00,0x0B,0x00,0x34,0x00,0x33,0x00,0x00,0x00,0x09,
    0x00,0x00,0x00,0x10,0x00,0x34,0x00,0x36,0x00,0x00,0x00,0x09,0x00,0x00,0x00,0x04,0x00,0x34,0x00,0xDB,0x00,0x00,0x00,0x09,
    0x00,0x00,0x00,0x04,0x00,0x34,0x00,0xF2,0x00,0x00,0x00,0x09,0x00,0x00,0x00,0x04,0x00,0x34,0x00,0xF3,0x00,0x00,0x00,0x09,
    0x00,0x00,0x00,0x0B,0x00,0x34,0x00,0x7E,0x00,0x00,0x00,0x09,0x00,0x00,0x00,0x0B,0x00,0x34,0x00,0x63,0x00,0x00,0x00,0x30,
    0x00,0x00,0x00,0x02,0x4F,0x76,0x65,0x72,0x6C,0x61,0x70,0x70,0x69,0x6E,0x67,0x20,0x43,0x75,0x74,0x73,0x63,0x65,0x6E,0x65,
    0x73,0x20,0x41,0x63,0x74,0x69,0x76,0x61,0x74,0x6F,0x72,0x20,0x28,0x49,0x63,0x65,0x20,0x53,0x6C,0x6F,0x74,0x29,0x00,0x00,
    0x05,0x00,0x15,0x00,0x34,0x00,0x56,0x00,0x10,0x00,0x00,0x00,0x09,0x00,0x00,0x00,0x0D,0x00,0x34,0x00,0x1E,0x00,0x00,0x00,
    0x09,0x00,0x00,0x00,0x08,0x00,0x34,0x00,0x01,0x00,0x00,0x00,0x09,0x00,0x00,0x00,0x10,0x00,0x34,0x00,0x72,0x00,0x00,0x00,
    0x09,0x00,0x00,0x00,0x10,0x00,0x34,0x00,0xF9,0x00,0x00,0x00,0x09,0x00,0x00,0x00,0x04,0x00,0x34,0x00,0xDB,0x00,0x00,0x00,
    0x09,0x00,0x00,0x00,0x04,0x00,0x34,0x00,0xF2,0x00,0x00,0x00,0x09,0x00,0x00,0x00,0x04,0x00,0x34,0x00,0xF3,0x00,0x00,0x00,
    0x09,0x00,0x00,0x00,0x05,0x00,0x34,0x00,0x35,0x00,0x00,0x00,0x09,0x00,0x00,0x00,0x0F,0x00,0x34,0x02,0xF1,0x00,0x00,0x00,
    0x09,0x00,0x00,0x00,0x04,0x00,0x34,0x01,0x3F,0x00,0x00,0x00,0x09,0x00,0x00,0x00,0x0F,0x00,0x34,0x00,0xBE,0x00,0x00,0x00,
    0x09,0x00,0x00,0x00,0x0F,0x00,0x34,0x00,0xBB,0x00,0x00,0x00,0x09,0x00,0x00,0x00,0x0F,0x00,0x34,0x00,0xBC,0x00,0x00,0x00,
    0x09,0x00,0x00,0x00,0x14,0x00,0x34,0x00,0xBD,0x00,0x00,0x00,0x09,0x00,0x00,0x00,0x0B,0x00,0x34,0x00,0x8C,0x00,0x00,0x00,
    0x09,0x00,0x00,0x00,0x10,0x00,0x34,0x01,0x41,0x00,0x00,0x00,0x33,0x00,0x00,0x00,0x02,0x4F,0x76,0x65,0x72,0x6C,0x61,0x70,
    0x70,0x69,0x6E,0x67,0x20,0x43,0x75,0x74,0x73,0x63,0x65,0x6E,0x65,0x73,0x20,0x41,0x63,0x74,0x69,0x76,0x61,0x74,0x6F,0x72,
    0x20,0x28,0x50,0x6C,0x61,0x73,0x6D,0x61,0x20,0x53,0x6C,0x6F,0x74,0x29,0x00,0x00,0x05,0x00,0x15,0x00,0x34,0x00,0x85,0x00,
    0x02,0x00,0x00,0x00,0x09,0x00,0x00,0x00,0x04,0x00,0x34,0x00,0x4A,0x00,0x00,0x00,0x09,0x00,0x00,0x00,0x0D,0x00,0x34,0x00,
    0x77,0x00,0x00,0x00,0x19,0x00,0x00,0x00,0x02,0x57,0x61,0x76,0x65,0x20,0x53,0x6C,0x6F,0x74,0x20,0x43,0x75,0x74,0x73,0x63,
    0x65,0x6E,0x65,0x73,0x00,0x00,0x05,0x00,0x15,0x00,0x34,0x00,0x83,0x00,0x05,0x00,0x00,0x00,0x09,0x00,0x00,0x00,0x0D,0x00,
    0x34,0x00,0x75,0x00,0x00,0x00,0x09,0x00,0x00,0x00,0x0D,0x00,0x34,0x00,0x88,0x00,0x00,0x00,0x09,0x00,0x00,0x00,0x0D,0x00,
    0x43,0x42,0x9A,0x00,0x00,0x00,0x09,0x00,0x00,0x00,0x0B,0x00,0x34,0x00,0x89,0x00,0x00,0x00,0x09,0x00,0x00,0x00,0x04,0x00,
    0x34,0x00,0xEA,0x00,0x00,0x00,0x18,0x00,0x00,0x00,0x02,0x49,0x63,0x65,0x20,0x53,0x6C,0x6F,0x74,0x20,0x43,0x75,0x74,0x73,
    0x63,0x65,0x6E,0x65,0x73,0x00,0x00,0x05,0x00,0x15,0x00,0x34,0x00,0x8B,0x00,0x01,0x00,0x00,0x00,0x09,0x00,0x00,0x00,0x0B,
    0x00,0x34,0x00,0x8A,0x00,0x00,0x00,0x1D,0x00,0x00,0x00,0x02,0x50,0x72,0x65,0x76,0x65,0x6E,0x74,0x20,0x43,0x75,0x74,0x73,
    0x63,0x65,0x6E,0x65,0x73,0x20,0x52,0x65,0x6C,0x61,0x79,0x00,0x00,0x05,0x00,0x15,0x00,0x34,0x00,0x2B,0x00,0x03,0x00,0x00,
    0x00,0x09,0x00,0x00,0x00,0x07,0x00,0x43,0x42,0x6E,0x00,0x00,0x00,0x09,0x00,0x00,0x00,0x01,0x00,0x34,0x01,0x85,0x00,0x00,
    0x00,0x09,0x00,0x00,0x00,0x01,0x00,0x34,0x00,0x5D,0x00,0x00,0x00,0x21,0x00,0x00,0x00,0x02,0x53,0x74,0x61,0x72,0x74,0x20,
    0x6F,0x66,0x20,0x4D,0x61,0x73,0x74,0x65,0x72,0x20,0x53,0x6C,0x6F,0x74,0x20,0x43,0x69,0x6E,0x65,0x6D,0x61,0x00,0x01,0x05,
    0x00,0x15,0x00,0x43,0x42,0x9A,0x00,0x01,0x00,0x00,0x00,0x09,0x00,0x00,0x00,0x0B,0x00,0x34,0x00,0x81,0x00,0x00,0x00,0x37,
    0x00,0x00,0x00,0x02,0x44,0x65,0x66,0x61,0x75,0x6C,0x74,0x20,0x52,0x6F,0x74,0x61,0x74,0x69,0x6F,0x6E,0x20,0x43,0x75,0x74,
    0x73,0x63,0x65,0x6E,0x65,0x20,0x43,0x68,0x65,0x63,0x6B,0x65,0x72,0x20,0x28,0x44,0x6F,0x77,0x6E,0x54,0x6F,0x44,0x65,0x66,
    0x61,0x75,0x6C,0x74,0x29,0x00,0x01,0x05,0x00,0x15,0x00,0x34,0x00,0x77,0x00,0x01,0x00,0x00,0x00,0x09,0x00,0x00,0x00,0x0B,
    0x00,0x34,0x00,0x6F,0x00,0x00,0x00,0x38,0x00,0x00,0x00,0x02,0x44,0x65,0x66,0x61,0x75,0x6C,0x74,0x20,0x52,0x6F,0x74,0x61,
    0x74,0x69,0x6F,0x6E,0x20,0x43,0x75,0x74,0x73,0x63,0x65,0x6E,0x65,0x20,0x43,0x68,0x65,0x63,0x6B,0x65,0x72,0x20,0x28,0x52,
    0x69,0x67,0x68,0x74,0x54,0x6F,0x44,0x65,0x66,0x61,0x75,0x6C,0x74,0x29,0x00,0x01,0x05,0x00,0x15,0x00,0x34,0x00,0x70,0x00,
    0x03,0x00,0x00,0x00,0x09,0x00,0x00,0x00,0x07,0x00,0x34,0x00,0x87,0x00,0x00,0x00,0x09,0x00,0x00,0x00,0x01,0x00,0x34,0x00,
    0xEA,0x00,0x00,0x00,0x09,0x00,0x00,0x00,0x07,0x00,0x34,0x00,0x35,0x00,0x00,0x00,0x1B,0x00,0x00,0x00,0x02,0x44,0x6F,0x77,
    0x6E,0x42,0x6F,0x77,0x6C,0x20,0x43,0x69,0x6E,0x65,0x6D,0x61,0x20,0x53,0x74,0x61,0x72,0x74,0x00,0x01,0x05,0x00,0x15,0x00,
    0x34,0x00,0x88,0x00,0x01,0x00,0x00,0x00,0x09,0x00,0x00,0x00,0x05,0x00,0x34,0x00,0x87,0x00,0x00,0x00,0x19,0x00,0x00,0x00,
    0x02,0x44,0x6F,0x77,0x6E,0x42,0x6F,0x77,0x6C,0x20,0x43,0x69,0x6E,0x65,0x6D,0x61,0x20,0x45,0x6E,0x64,0x00,0x01,0x05,0x00,
    0x15,0x00,0x34,0x00,0x86,0x00,0x02,0x00,0x00,0x00,0x09,0x00,0x00,0x00,0x07,0x00,0x34,0x00,0x6D,0x00,0x00,0x00,0x09,0x00,
    0x00,0x00,0x01,0x00,0x34,0x00,0x4A,0x00,0x00,0x00,0x1C,0x00,0x00,0x00,0x02,0x52,0x69,0x67,0x68,0x74,0x42,0x6F,0x77,0x6C,
    0x20,0x43,0x69,0x6E,0x65,0x6D,0x61,0x20,0x53,0x74,0x61,0x72,0x74,0x00,0x01,0x05,0x00,0x15,0x00,0x34,0x00,0x6C,0x00,0x01,
    0x00,0x00,0x00,0x09,0x00,0x00,0x00,0x05,0x00,0x34,0x00,0x87,0x00,0x00,0x00,0x17,0x00,0x00,0x00,0x02,0x42,0x72,0x69,0x64,
    0x67,0x65,0x20,0x43,0x69,0x6E,0x65,0x6D,0x61,0x20,0x45,0x6E,0x64,0x00,0x01,0x05,0x00,0x15,0x00,0x34,0x00,0x1E,0x00,0x03,
    0x00,0x00,0x00,0x09,0x00,0x00,0x00,0x05,0x00,0x34,0x00,0x2A,0x00,0x00,0x00,0x09,0x00,0x00,0x00,0x04,0x00,0x34,0x00,0x56,
    0x00,0x00,0x00,0x09,0x00,0x00,0x00,0x05,0x00,0x34,0x00,0x35,0x00,0x00,0x00,0x1B,0x00,0x00,0x00,0x02,0x45,0x6E,0x64,0x20,
    0x43,0x68,0x6F,0x7A,0x6F,0x20,0x42,0x6F,0x77,0x6C,0x65,0x72,0x20,0x4D,0x6F,0x76,0x65,0x00,0x01,0x05,0x00,0x15,0x00,0x34,
    0x00,0x2C,0x00,0x01,0x00,0x00,0x00,0x09,0x00,0x00,0x00,0x04,0x00,0x34,0x00,0x5D,0x00,0x00,0x00,0x1F,0x00,0x00,0x00,0x02,
    0x45,0x6E,0x64,0x20,0x6F,0x66,0x20,0x4D,0x61,0x73,0x74,0x65,0x72,0x20,0x53,0x6C,0x6F,0x74,0x20,0x43,0x69,0x6E,0x65,0x6D,
    0x61,0x00,0x01,0x05,0x00,0x15,0x00,0x34,0x00,0x7C,0x00,0x04,0x00,0x00,0x00,0x09,0x00,0x00,0x00,0x05,0x00,0x34,0x00,0x36,
    0x00,0x00,0x00,0x09,0x00,0x00,0x00,0x0B,0x00,0x34,0x03,0x01,0x00,0x00,0x00,0x09,0x00,0x00,0x00,0x05,0x00,0x34,0x00,0x35,
    0x00,0x00,0x00,0x09,0x00,0x00,0x00,0x04,0x00,0x34,0x00,0x53,0x00,0x00,0x00,0x17,0x00,0x00,0x00,0x02,0x45,0x6E,0x64,0x4D,
    0x6F,0x76,0x65,0x42,0x72,0x69,0x64,0x67,0x65,0x44,0x6F,0x77,0x6E,0x00,0x01,0x05,0x00,0x15,0x00,0x34,0x00,0x31,0x00,0x05,
    0x00,0x00,0x00,0x09,0x00,0x00,0x00,0x05,0x00,0x34,0x00,0x32,0x00,0x00,0x00,0x09,0x00,0x00,0x00,0x05,0x00,0x34,0x00,0x35,
    0x00,0x00,0x00,0x09,0x00,0x00,0x00,0x05,0x00,0x34,0x00,0x32,0x00,0x00,0x00,0x09,0x00,0x00,0x00,0x0B,0x00,0x34,0x03,0x01,
    0x00,0x00,0x00,0x09,0x00,0x00,0x00,0x04,0x00,0x34,0x00,0x7D,0x00,0x00,0x00,0x18,0x00,0x00,0x00,0x02,0x45,0x6E,0x64,0x4D,
    0x6F,0x76,0x65,0x42,0x72,0x69,0x64,0x67,0x65,0x52,0x69,0x67,0x68,0x74,0x00,0x01,0x05,0x00,0x15,0x00,0x34,0x00,0x12,0x00,
    0x04,0x00,0x00,0x00,0x09,0x00,0x00,0x00,0x07,0x00,0x34,0x00,0x06,0x00,0x00,0x00,0x09,0x00,0x00,0x00,0x01,0x00,0x34,0x01,
    0x42,0x00,0x00,0x00,0x09,0x00,0x00,0x00,0x07,0x00,0x34,0x00,0x35,0x00,0x00,0x00,0x09,0x00,0x00,0x00,0x0D,0x00,0x34,0x03,
    0x78,0x00,0x00,0x00,0x21,0x00,0x00,0x00,0x02,0x47,0x68,0x6F,0x73,0x74,0x20,0x44,0x65,0x61,0x74,0x68,0x20,0x43,0x69,0x6E,
    0x65,0x6D,0x61,0x74,0x69,0x63,0x20,0x53,0x74,0x61,0x72,0x74,0x00,0x01,0x05,0x00,0x15,0x00,0x34,0x00,0x1B,0x00,0x02,0x00,
    0x00,0x00,0x09,0x00,0x00,0x00,0x05,0x00,0x34,0x00,0x35,0x00,0x00,0x00,0x09,0x00,0x00,0x00,0x0D,0x00,0x34,0x01,0x46,0x00,
    0x00,0x00,0x1F,0x00,0x00,0x00,0x02,0x47,0x68,0x6F,0x73,0x74,0x20,0x44,0x65,0x61,0x74,0x68,0x20,0x43,0x69,0x6E,0x65,0x6D,
    0x61,0x74,0x69,0x63,0x20,0x45,0x6E,0x64,0x00,0x01,0x05,0x00,0x15,0x00,0x34,0x00,0x75,0x00,0x01,0x00,0x00,0x00,0x09,0x00,
    0x00,0x00,0x0B,0x00,0x34,0x00,0x33,0x00,0x00,0x00,0x25,0x00,0x00,0x00,0x02,0x50,0x6C,0x61,0x74,0x66,0x6F,0x72,0x6D,0x20,
    0x43,0x75,0x74,0x73,0x63,0x65,0x6E,0x65,0x20,0x53,0x6F,0x75,0x6E,0x64,0x20,0x43,0x68,0x65,0x63,0x6B,0x65,0x72,0x00,0x01,
    0x05,0x00,0x15,0x00,0x43,0x42,0xAE,0x00,0x04,0x00,0x00,0x00,0x09,0x00,0x00,0x00,0x07,0x00,0x43,0x42,0xF2,0x00,0x00,0x00,
    0x09,0x00,0x00,0x00,0x01,0x00,0x34,0x00,0xF5,0x00,0x00,0x00,0x09,0x00,0x00,0x00,0x07,0x00,0x34,0x00,0x35,0x00,0x00,0x00,
    0x09,0x00,0x00,0x00,0x01,0x00,0x52,0x85,0x10,0x00,0x00,0x00,0x18,0x00,0x00,0x00,0x02,0x42,0x6F,0x77,0x6C,0x65,0x72,0x20,
    0x54,0x68,0x72,0x6F,0x77,0x20,0x53,0x74,0x61,0x72,0x74,0x00,0x01,0x05,0x00,0x15,0x00,0x43,0x42,0xAF,0x00,0x01,0x00,0x00,
    0x00,0x09,0x00,0x00,0x00,0x04,0x00,0x52,0x85,0x10,0x00,0x00,0x00,0x16,0x00,0x00,0x00,0x02,0x42,0x6F,0x77,0x6C,0x65,0x72,
    0x20,0x54,0x68,0x72,0x6F,0x77,0x20,0x45,0x6E,0x64,0x00,0x01,0x05,0x00,0x15,0x00,0x43,0x42,0xCD,0x00,0x04,0x00,0x00,0x00,
    0x09,0x00,0x00,0x00,0x05,0x00,0x43,0x42,0xF2,0x00,0x00,0x00,0x09,0x00,0x00,0x00,0x0D,0x00,0x52,0x85,0x10,0x00,0x00,0x00,
    0x09,0x00,0x00,0x00,0x01,0x00,0x34,0x00,0x46,0x00,0x00,0x00,0x09,0x00,0x00,0x00,0x01,0x00,0x52,0x85,0x1D,0x00,0x00,0x00,
    0x15,0x00,0x00,0x00,0x02,0x57,0x61,0x76,0x65,0x20,0x54,0x68,0x72,0x6F,0x77,0x20,0x53,0x6B,0x69,0x70,0x00,0x00,0x05,0x00,
    0x15,0x00,0x43,0x42,0xB1,0x00,0x05,0x00,0x00,0x00,0x09,0x00,0x00,0x00,0x05,0x00,0x43,0x42,0xF2,0x00,0x00,0x00,0x09,0x00,
    0x00,0x00,0x0D,0x00,0x52,0x85,0x10,0x00,0x00,0x00,0x09,0x00,0x00,0x00,0x01,0x00,0x34,0x00,0x46,0x00,0x00,0x00,0x09,0x00,
    0x00,0x00,0x01,0x00,0x52,0x85,0x19,0x00,0x00,0x00,0x09,0x00,0x00,0x00,0x01,0x00,0x52,0x85,0x0F,0x00,0x00,0x00,0x18,0x00,
    0x00,0x00,0x02,0x4E,0x65,0x75,0x74,0x72,0x61,0x6C,0x20,0x54,0x68,0x72,0x6F,0x77,0x20,0x53,0x6B,0x69,0x70,0x00,0x01,0x05,
    0x00,0x15,0x00,0x43,0x42,0xCE,0x00,0x03,0x00,0x00,0x00,0x09,0x00,0x00,0x00,0x0D,0x00,0x52,0x85,0x11,0x00,0x00,0x00,0x09,
    0x00,0x00,0x00,0x01,0x00,0x34,0x00,0x52,0x00,0x00,0x00,0x09,0x00,0x00,0x00,0x01,0x00,0x52,0x85,0x12,0x00,0x00,0x00,0x14,
    0x00,0x00,0x00,0x02,0x49,0x63,0x65,0x20,0x54,0x68,0x72,0x6F,0x77,0x20,0x53,0x6B,0x69,0x70,0x00,0x00,0x05,0x00,0x0F,0x00,
    0x43,0x42,0xC6,0x00,0x00,0x00,0x00,0x00,0xAA,0x00,0x00,0x00,0x23,0x72,0x61,0x6E,0x64,0x6F,0x6D,0x70,0x72,0x69,0x6D,0x65,
    0x20,0x53,0x70,0x61,0x77,0x6E,0x50,0x6F,0x69,0x6E,0x74,0x00,0x44,0x47,0xE0,0xE4,0xC3,0x28,0xDE,0x5D,0x42,0x90,0x68,0xDB,
    0x00,0x00,0x00,0x00,0x00,0x00,0x00,0x00,0xC3,0x34,0x00,0x00,0x00,0x00,0x00,0x00,0x00,0x00,0x00,0x00,0x00,0x00,0x00,0x00,
    0x00,0x00,0x00,0x00,0x00,0x00,0x00,0x00,0x00,0x00,0x00,0x00,0x00,0x00,0x00,0x00,0x00,0x00,0x00,0x00,0x00,0x00,0x00,0x00,
    0x00,0x00,0x00,0x00,0x00,0x00,0x00,0x00,0x00,0x00,0x00,0x00,0x00,0x00,0x00,0x00,0x00,0x00,0x00,0x00,0x00,0x00,0x00,0x00,
    0x00,0x00,0x00,0x00,0x00,0x00,0x00,0x00,0x00,0x00,0x00,0x00,0x00,0x00,0x00,0x00,0x00,0x00,0x00,0x00,0x00,0x00,0x00,0x00,
    0x00,0x00,0x00,0x00,0x00,0x00,0x00,0x00,0x00,0x00,0x00,0x00,0x00,0x00,0x00,0x00,0x00,0x00,0x00,0x00,0x00,0x00,0x00,0x00,
    0x00,0x00,0x00,0x00,0x00,0x00,0x00,0x00,0x00,0x01,0x01,0x05,0x00,0x0F,0x00,0x52,0x85,0x10,0x00,0x01,0x00,0x00,0x00,0x09,
    0x00,0x00,0x00,0x01,0x00,0x34,0x00,0x3C,0x00,0x00,0x00,0xAA,0x00,0x00,0x00,0x23,0x72,0x61,0x6E,0x64,0x6F,0x6D,0x70,0x72,
    0x69,0x6D,0x65,0x20,0x53,0x70,0x61,0x77,0x6E,0x50,0x6F,0x69,0x6E,0x74,0x00,0x44,0x43,0x63,0x4A,0xC3,0x35,0x23,0x49,0x42,
    0x43,0x7D,0x4F,0x00,0x00,0x00,0x00,0x00,0x00,0x00,0x00,0x00,0x00,0x00,0x00,0x00,0x00,0x00,0x00,0x00,0x00,0x00,0x00,0x00,
    0x00,0x00,0x00,0x00,0x00,0x00,0x00,0x00,0x00,0x00,0x00,0x00,0x00,0x00,0x00,0x00,0x00,0x00,0x00,0x00,0x00,0x00,0x00,0x00,
    0x00,0x00,0x00,0x00,0x00,0x00,0x00,0x00,0x00,0x00,0x00,0x00,0x00,0x00,0x00,0x00,0x00,0x00,0x00,0x00,0x00,0x00,0x00,0x00,
    0x00,0x00,0x00,0x00,0x00,0x00,0x00,0x00,0x00,0x00,0x00,0x00,0x00,0x00,0x00,0x00,0x00,0x00,0x00,0x00,0x00,0x00,0x00,0x00,
    0x00,0x00,0x00,0x00,0x00,0x00,0x00,0x00,0x00,0x00,0x00,0x00,0x00,0x00,0x00,0x00,0x00,0x00,0x00,0x00,0x00,0x00,0x00,0x00,
    0x00,0x00,0x00,0x00,0x00,0x00,0x00,0x00,0x00,0x00,0x00,0x00,0x01,0x01,0x05,0x00,0x0F,0x00,0x52,0x85,0x11,0x00,0x00,0x00,
    0x00,0x00,0x9A,0x00,0x00,0x00,0x23,0x42,0x6F,0x74,0x74,0x6F,0x6D,0x00,0x44,0x40,0x6C,0x14,0xC3,0x1E,0x1A,0x87,0x41,0xF6,
    0x2A,0x63,0x00,0x00,0x00,0x00,0x00,0x00,0x00,0x00,0xC2,0xB4,0x00,0x00,0x00,0x00,0x00,0x00,0x00,0x00,0x00,0x00,0x00,0x00,
    0x00,0x00,0x00,0x00,0x00,0x00,0x00,0x00,0x00,0x00,0x00,0x00,0x00,0x00,0x00,0x00,0x00,0x00,0x00,0x00,0x00,0x00,0x00,0x00,
    0x00,0x00,0x00,0x00,0x00,0x00,0x00,0x00,0x00,0x00,0x00,0x00,0x00,0x00,0x00,0x00,0x00,0x00,0x00,0x00,0x00,0x00,0x00,0x00,
    0x00,0x00,0x00,0x00,0x00,0x00,0x00,0x00,0x00,0x00,0x00,0x00,0x00,0x00,0x00,0x00,0x00,0x00,0x00,0x00,0x00,0x00,0x00,0x00,
    0x00,0x00,0x00,0x00,0x00,0x00,0x00,0x00,0x00,0x00,0x00,0x00,0x00,0x00,0x00,0x00,0x00,0x00,0x00,0x00,0x00,0x00,0x00,0x00,
    0x00,0x00,0x00,0x00,0x00,0x00,0x00,0x00,0x00,0x00,0x00,0x01,0x01,0x05,0x00,0x04,0x00,0x52,0x85,0x1D,0x00,0x00,0x00,0x00,
    0x00,0x4D,0x00,0x00,0x00,0x09,0x59,0x65,0x65,0x74,0x20,0x57,0x61,0x76,0x65,0x00,0x44,0x43,0x63,0x4A,0xC3,0x32,0x1D,0x79,
    0x42,0x45,0x8B,0xA7,0x40,0x00,0x00,0x00,0x41,0x20,0x00,0x00,0x40,0x00,0x00,0x00,0x00,0x00,0x00,0x04,0x00,0x00,0x00,0x00,
    0x00,0x00,0x00,0x00,0x00,0x00,0x00,0x00,0x00,0x00,0x00,0x00,0x00,0x00,0x00,0x00,0x43,0x96,0x00,0x00,0x00,0x00,0x00,0x00,
    0x00,0x00,0x30,0x00,0x00,0x00,0x01,0x05,0x00,0x04,0x00,0x52,0x85,0x0F,0x00,0x01,0x00,0x00,0x00,0x04,0x00,0x00,0x00,0x04,
    0x00,0x52,0x85,0x10,0x00,0x00,0x00,0x50,0x00,0x00,0x00,0x09,0x59,0x65,0x65,0x74,0x20,0x4E,0x65,0x75,0x74,0x72,0x61,0x6C,
    0x00,0x44,0x43,0x63,0x4A,0xC3,0x32,0x16,0xE6,0x42,0x45,0x8B,0xA7,0x40,0x00,0x00,0x00,0x41,0x20,0x00,0x00,0x40,0x00,0x00,
    0x00,0x00,0x00,0x00,0x04,0x00,0x00,0x00,0x00,0x00,0x00,0x00,0x00,0x00,0x00,0x00,0x00,0x00,0x00,0x00,0x00,0x00,0x00,0x00,
    0x00,0x43,0x48,0x00,0x00,0x00,0x00,0x00,0x00,0x00,0x00,0x30,0x00,0x00,0x00,0x01,0x05,0x00,0x04,0x00,0x52,0x85,0x19,0x00,
    0x00,0x00,0x00,0x00,0x50,0x00,0x00,0x00,0x09,0x49,0x6E,0x69,0x74,0x69,0x61,0x6C,0x20,0x59,0x65,0x65,0x74,0x00,0x44,0x43,
    0x63,0x4A,0xC3,0x36,0x64,0x30,0x42,0x45,0x8B,0xA7,0x40,0x00,0x00,0x00,0x40,0x00,0x00,0x00,0x40,0x00,0x00,0x00,0x00,0x00,
    0x00,0x04,0x00,0x00,0x00,0x00,0x00,0x00,0x00,0x00,0x00,0x00,0x00,0x00,0x00,0x00,0x00,0x00,0x00,0x00,0x00,0x00,0x44,0x7A,
    0x00,0x00,0x00,0x00,0x00,0x00,0x00,0x00,0x30,0x00,0x00,0x00,0x01,0x05,0x00,0x04,0x00,0x52,0x85,0x12,0x00,0x03,0x00,0x00,
    0x00,0x03,0x00,0x00,0x00,0x04,0x00,0x34,0x00,0x1D,0x00,0x00,0x00,0x03,0x00,0x00,0x00,0x07,0x00,0x34,0x01,0x9B,0x00,0x00,
    0x00,0x03,0x00,0x00,0x00,0x05,0x00,0x34,0x00,0x35,0x00,0x00,0x00,0x4A,0x00,0x00,0x00,0x09,0x59,0x65,0x65,0x74,0x20,0x32,
    0x00,0x44,0x3F,0xEA,0x75,0xC3,0x1E,0x1A,0x87,0x41,0xFD,0x3C,0x38,0x40,0xA0,0x00,0x00,0x40,0x00,0x00,0x00,0x40,0x00,0x00,
    0x00,0x00,0x00,0x00,0x04,0x00,0x00,0x00,0x00,0x00,0x00,0x00,0x00,0x00,0x00,0x00,0x00,0x00,0x00,0x00,0x00,0xC3,0x96,0x00,
    0x00,0x00,0x00,0x00,0x00,0x00,0x00,0x00,0x00,0x00,0x00,0x30,0x00,0x00,0x00,0x01,0x05,0x00,0x3A,0x00,0x34,0x00,0x06,0x00,
    0x07,0x00,0x00,0x00,0x09,0x00,0x00,0x00,0x0D,0x00,0x34,0x00,0x1B,0x00,0x00,0x00,0x09,0x00,0x00,0x00,0x04,0x00,0x34,0x01,
    0x42,0x00,0x00,0x00,0x09,0x00,0x00,0x00,0x13,0x00,0x34,0x01,0xEA,0x00,0x00,0x00,0x09,0x00,0x00,0x00,0x0D,0x00,0x34,0x00,
    0x5D,0x00,0x00,0x00,0x09,0x00,0x00,0x00,0x0D,0x00,0x34,0x00,0x7D,0x00,0x00,0x00,0x09,0x00,0x00,0x00,0x0D,0x00,0x34,0x00,
    0x53,0x00,0x00,0x00,0x09,0x00,0x00,0x00,0x0D,0x00,0x34,0x00,0x56,0x00,0x00,0x00,0x77,0x00,0x00,0x00,0x0F,0x53,0x70,0x65,
    0x63,0x69,0x61,0x6C,0x46,0x75,0x6E,0x63,0x74,0x69,0x6F,0x6E,0x20,0x43,0x69,0x6E,0x65,0x6D,0x61,0x74,0x69,0x63,0x20,0x53,
    0x6B,0x69,0x70,0x20,0x28,0x47,0x68,0x6F,0x73,0x74,0x20,0x44,0x65,0x61,0x74,0x68,0x29,0x00,0x00,0x00,0x00,0x00,0x00,0x00,
    0x00,0x00,0x00,0x00,0x00,0x00,0x00,0x00,0x00,0x00,0x00,0x00,0x00,0x00,0x00,0x00,0x00,0x00,0x00,0x00,0x00,0x0F,0x00,0x00,
    0x00,0x00,0x00,0x00,0x00,0x00,0x00,0x00,0x00,0x00,0x00,0xFF,0xFF,0xFF,0xFF,0xFF,0xFF,0xFF,0xFF,0x00,0x00,0x00,0x00,0x01,
    0x00,0x00,0x00,0x00,0xFF,0xFF,0xFF,0xFF,0xFF,0xFF,0xFF,0xFF,0xFF,0xFF,0xFF,0xFF,0x05,0x00,0x3A,0x00,0x34,0x00,0x2A,0x00,
    0x0D,0x00,0x00,0x00,0x09,0x00,0x00,0x00,0x08,0x00,0x34,0x00,0x01,0x00,0x00,0x00,0x09,0x00,0x00,0x00,0x10,0x00,0x34,0x00,
    0x72,0x00,0x00,0x00,0x09,0x00,0x00,0x00,0x10,0x00,0x34,0x00,0xF9,0x00,0x00,0x00,0x09,0x00,0x00,0x00,0x04,0x00,0x34,0x00,
    0xDB,0x00,0x00,0x00,0x09,0x00,0x00,0x00,0x04,0x00,0x34,0x00,0xF2,0x00,0x00,0x00,0x09,0x00,0x00,0x00,0x04,0x00,0x34,0x00,
    0xF3,0x00,0x00,0x00,0x09,0x00,0x00,0x00,0x0F,0x00,0x34,0x02,0xF1,0x00,0x00,0x00,0x09,0x00,0x00,0x00,0x04,0x00,0x34,0x01,
    0x3F,0x00,0x00,0x00,0x09,0x00,0x00,0x00,0x0F,0x00,0x34,0x00,0xBE,0x00,0x00,0x00,0x09,0x00,0x00,0x00,0x0F,0x00,0x34,0x00,
    0xBB,0x00,0x00,0x00,0x09,0x00,0x00,0x00,0x0D,0x00,0x34,0x00,0x1E,0x00,0x00,0x00,0x09,0x00,0x00,0x00,0x0F,0x00,0x34,0x00,
    0xBC,0x00,0x00,0x00,0x09,0x00,0x00,0x00,0x14,0x00,0x34,0x00,0xBD,0x00,0x00,0x00,0x77,0x00,0x00,0x00,0x0F,0x53,0x70,0x65,
    0x63,0x69,0x61,0x6C,0x46,0x75,0x6E,0x63,0x74,0x69,0x6F,0x6E,0x20,0x43,0x69,0x6E,0x65,0x6D,0x61,0x74,0x69,0x63,0x20,0x53,
    0x6B,0x69,0x70,0x20,0x28,0x50,0x6C,0x61,0x73,0x6D,0x61,0x20,0x53,0x6C,0x6F,0x74,0x29,0x00,0x00,0x00,0x00,0x00,0x00,0x00,
    0x00,0x00,0x00,0x00,0x00,0x00,0x00,0x00,0x00,0x00,0x00,0x00,0x00,0x00,0x00,0x00,0x00,0x00,0x00,0x00,0x00,0x0F,0x00,0x00,
    0x00,0x00,0x00,0x00,0x00,0x00,0x00,0x00,0x00,0x00,0x00,0xFF,0xFF,0xFF,0xFF,0xFF,0xFF,0xFF,0xFF,0x00,0x00,0x00,0x00,0x01,
    0x00,0x00,0x00,0x00,0xFF,0xFF,0xFF,0xFF,0xFF,0xFF,0xFF,0xFF,0xFF,0xFF,0xFF,0xFF,0x05,0x00,0x3A,0x00,0x43,0x42,0x6E,0x00,
    0x18,0x00,0x00,0x00,0x09,0x00,0x00,0x00,0x0D,0x00,0x34,0x00,0x2C,0x00,0x00,0x00,0x09,0x00,0x00,0x00,0x0D,0x00,0x34,0x01,
    0x85,0x00,0x00,0x00,0x09,0x00,0x00,0x00,0x05,0x00,0x34,0x00,0x35,0x00,0x00,0x00,0x09,0x00,0x00,0x00,0x04,0x00,0x34,0x01,
    0x7C,0x00,0x00,0x00,0x09,0x00,0x00,0x00,0x10,0x00,0x34,0x01,0x75,0x00,0x00,0x00,0x09,0x00,0x00,0x00,0x14,0x00,0x34,0x01,
    0xC4,0x00,0x00,0x00,0x09,0x00,0x00,0x00,0x01,0x00,0x34,0x01,0x6A,0x00,0x00,0x00,0x09,0x00,0x00,0x00,0x04,0x00,0x34,0x01,
    0x6B,0x00,0x00,0x00,0x09,0x00,0x00,0x00,0x10,0x00,0x34,0x01,0x7A,0x00,0x00,0x00,0x09,0x00,0x00,0x00,0x07,0x00,0x34,0x01,
    0x50,0x00,0x00,0x00,0x09,0x00,0x00,0x00,0x10,0x00,0x34,0x01,0x76,0x00,0x00,0x00,0x09,0x00,0x00,0x00,0x14,0x00,0x34,0x00,
    0x04,0x00,0x00,0x00,0x09,0x00,0x00,0x00,0x01,0x00,0x34,0x00,0xF0,0x00,0x00,0x00,0x09,0x00,0x00,0x00,0x04,0x00,0x34,0x00,
    0xB5,0x00,0x00,0x00,0x09,0x00,0x00,0x00,0x10,0x00,0x34,0x01,0x79,0x00,0x00,0x00,0x09,0x00,0x00,0x00,0x07,0x00,0x34,0x01,
    0x4F,0x00,0x00,0x00,0x09,0x00,0x00,0x00,0x14,0x00,0x34,0x01,0xC6,0x00,0x00,0x00,0x09,0x00,0x00,0x00,0x10,0x00,0x34,0x01,
    0x77,0x00,0x00,0x00,0x09,0x00,0x00,0x00,0x14,0x00,0x34,0x00,0x03,0x00,0x00,0x00,0x09,0x00,0x00,0x00,0x01,0x00,0x34,0x00,
    0xF1,0x00,0x00,0x00,0x09,0x00,0x00,0x00,0x04,0x00,0x34,0x00,0xB9,0x00,0x00,0x00,0x09,0x00,0x00,0x00,0x10,0x00,0x34,0x01,
    0x78,0x00,0x00,0x00,0x09,0x00,0x00,0x00,0x07,0x00,0x34,0x01,0x4E,0x00,0x00,0x00,0x09,0x00,0x00,0x00,0x07,0x00,0x34,0x01,
    0xBA,0x00,0x00,0x00,0x77,0x00,0x00,0x00,0x0F,0x53,0x70,0x65,0x63,0x69,0x61,0x6C,0x46,0x75,0x6E,0x63,0x74,0x69,0x6F,0x6E,
    0x20,0x43,0x69,0x6E,0x65,0x6D,0x61,0x74,0x69,0x63,0x20,0x53,0x6B,0x69,0x70,0x20,0x28,0x4D,0x61,0x73,0x74,0x65,0x72,0x20,
    0x53,0x6C,0x6F,0x74,0x29,0x00,0x00,0x00,0x00,0x00,0x00,0x00,0x00,0x00,0x00,0x00,0x00,0x00,0x00,0x00,0x00,0x00,0x00,0x00,
    0x00,0x00,0x00,0x00,0x00,0x00,0x00,0x00,0x00,0x0F,0x00,0x00,0x00,0x00,0x00,0x00,0x00,0x00,0x00,0x00,0x00,0x00,0x00,0xFF,
    0xFF,0xFF,0xFF,0xFF,0xFF,0xFF,0xFF,0x00,0x00,0x00,0x00,0x01,0x00,0x00,0x00,0x00,0xFF,0xFF,0xFF,0xFF,0xFF,0xFF,0xFF,0xFF,
    0xFF,0xFF,0xFF,0xFF,0x05,0x00,0x3A,0x00,0x34,0x00,0x32,0x00,0x0C,0x00,0x00,0x00,0x09,0x00,0x00,0x00,0x0D,0x00,0x34,0x00,
    0x31,0x00,0x00,0x00,0x09,0x00,0x00,0x00,0x04,0x00,0x34,0x00,0x3A,0x00,0x00,0x00,0x09,0x00,0x00,0x00,0x05,0x00,0x34,0x00,
    0x35,0x00,0x00,0x00,0x09,0x00,0x00,0x00,0x10,0x00,0x34,0x00,0x7A,0x00,0x00,0x00,0x09,0x00,0x00,0x00,0x0B,0x00,0x34,0x00,
    0x33,0x00,0x00,0x00,0x09,0x00,0x00,0x00,0x10,0x00,0x34,0x00,0xF4,0x00,0x00,0x00,0x09,0x00,0x00,0x00,0x04,0x00,0x34,0x00,
    0xDB,0x00,0x00,0x00,0x09,0x00,0x00,0x00,0x04,0x00,0x34,0x00,0xF2,0x00,0x00,0x00,0x09,0x00,0x00,0x00,0x04,0x00,0x34,0x00,
    0xF3,0x00,0x00,0x00,0x09,0x00,0x00,0x00,0x0B,0x00,0x34,0x00,0x3E,0x00,0x00,0x00,0x09,0x00,0x00,0x00,0x0B,0x00,0x34,0x00,
    0x63,0x00,0x00,0x00,0x09,0x00,0x00,0x00,0x0B,0x00,0x43,0x42,0xF3,0x00,0x00,0x00,0x75,0x00,0x00,0x00,0x0F,0x53,0x70,0x65,
    0x63,0x69,0x61,0x6C,0x46,0x75,0x6E,0x63,0x74,0x69,0x6F,0x6E,0x20,0x43,0x69,0x6E,0x65,0x6D,0x61,0x74,0x69,0x63,0x20,0x53,
    0x6B,0x69,0x70,0x20,0x28,0x57,0x61,0x76,0x65,0x20,0x53,0x6C,0x6F,0x74,0x29,0x00,0x00,0x00,0x00,0x00,0x00,0x00,0x00,0x00,
    0x00,0x00,0x00,0x00,0x00,0x00,0x00,0x00,0x00,0x00,0x00,0x00,0x00,0x00,0x00,0x00,0x00,0x00,0x00,0x0F,0x00,0x00,0x00,0x00,
    0x00,0x00,0x00,0x00,0x00,0x00,0x00,0x00,0x00,0xFF,0xFF,0xFF,0xFF,0xFF,0xFF,0xFF,0xFF,0x00,0x00,0x00,0x00,0x01,0x00,0x00,
    0x00,0x00,0xFF,0xFF,0xFF,0xFF,0xFF,0xFF,0xFF,0xFF,0xFF,0xFF,0xFF,0xFF,0x05,0x00,0x3A,0x00,0x34,0x00,0x36,0x00,0x0C,0x00,
    0x00,0x00,0x09,0x00,0x00,0x00,0x0D,0x00,0x34,0x00,0x7C,0x00,0x00,0x00,0x09,0x00,0x00,0x00,0x04,0x00,0x34,0x00,0x34,0x00,
    0x00,0x00,0x09,0x00,0x00,0x00,0x05,0x00,0x34,0x00,0x35,0x00,0x00,0x00,0x09,0x00,0x00,0x00,0x10,0x00,0x34,0x00,0x7F,0x00,
    0x00,0x00,0x09,0x00,0x00,0x00,0x0B,0x00,0x34,0x00,0x33,0x00,0x00,0x00,0x09,0x00,0x00,0x00,0x10,0x00,0x34,0x00,0x36,0x00,
    0x00,0x00,0x09,0x00,0x00,0x00,0x04,0x00,0x34,0x00,0xDB,0x00,0x00,0x00,0x09,0x00,0x00,0x00,0x04,0x00,0x34,0x00,0xF2,0x00,
    0x00,0x00,0x09,0x00,0x00,0x00,0x04,0x00,0x34,0x00,0xF3,0x00,0x00,0x00,0x09,0x00,0x00,0x00,0x0B,0x00,0x34,0x00,0x7E,0x00,
    0x00,0x00,0x09,0x00,0x00,0x00,0x0B,0x00,0x34,0x00,0x63,0x00,0x00,0x00,0x09,0x00,0x00,0x00,0x0B,0x00,0x43,0x42,0xF3,0x00,
    0x00,0x00,0x74,0x00,0x00,0x00,0x0F,0x53,0x70,0x65,0x63,0x69,0x61,0x6C,0x46,0x75,0x6E,0x63,0x74,0x69,0x6F,0x6E,0x20,0x43,
    0x69,0x6E,0x65,0x6D,0x61,0x74,0x69,0x63,0x20,0x53,0x6B,0x69,0x70,0x20,0x28,0x49,0x63,0x65,0x20,0x53,0x6C,0x6F,0x74,0x29,
    0x00,0x00,0x00,0x00,0x00,0x00,0x00,0x00,0x00,0x00,0x00,0x00,0x00,0x00,0x00,0x00,0x00,0x00,0x00,0x00,0x00,0x00,0x00,0x00,
    0x00,0x00,0x00,0x00,0x0F,0x00,0x00,0x00,0x00,0x00,0x00,0x00,0x00,0x00,0x00,0x00,0x00,0x00,0xFF,0xFF,0xFF,0xFF,0xFF,0xFF,
    0xFF,0xFF,0x00,0x00,0x00,0x00,0x01,0x00,0x00,0x00,0x00,0xFF,0xFF,0xFF,0xFF,0xFF,0xFF,0xFF,0xFF,0xFF,0xFF,0xFF,0xFF,0x05,
    0x00,0x3A,0x00,0x34,0x00,0x6D,0x00,0x12,0x00,0x00,0x00,0x09,0x00,0x00,0x00,0x0D,0x00,0x34,0x00,0x6C,0x00,0x00,0x00,0x09,
    0x00,0x00,0x00,0x04,0x00,0x34,0x01,0x91,0x00,0x00,0x00,0x09,0x00,0x00,0x00,0x0D,0x00,0x34,0x01,0x9E,0x00,0x00,0x00,0x09,
    0x00,0x00,0x00,0x04,0x00,0x34,0x01,0x98,0x00,0x00,0x00,0x09,0x00,0x00,0x00,0x10,0x00,0x34,0x01,0x99,0x00,0x00,0x00,0x09,
    0x00,0x00,0x00,0x0D,0x00,0x34,0x01,0x71,0x00,0x00,0x00,0x09,0x00,0x00,0x00,0x05,0x00,0x34,0x00,0x35,0x00,0x00,0x00,0x09,
    0x00,0x00,0x00,0x10,0x00,0x34,0x01,0x94,0x00,0x00,0x00,0x09,0x00,0x00,0x00,0x0D,0x00,0x34,0x00,0x75,0x00,0x00,0x00,0x09,
    0x00,0x00,0x00,0x13,0x00,0x34,0x01,0xEA,0x00,0x00,0x00,0x09,0x00,0x00,0x00,0x10,0x00,0x34,0x00,0x7A,0x00,0x00,0x00,0x09,
    0x00,0x00,0x00,0x0B,0x00,0x34,0x00,0x63,0x00,0x00,0x00,0x09,0x00,0x00,0x00,0x0D,0x00,0x34,0x00,0x85,0x00,0x00,0x00,0x09,
    0x00,0x00,0x00,0x0D,0x00,0x34,0x00,0x83,0x00,0x00,0x00,0x09,0x00,0x00,0x00,0x0D,0x00,0x34,0x00,0x88,0x00,0x00,0x00,0x09,
    0x00,0x00,0x00,0x10,0x00,0x34,0x01,0x95,0x00,0x00,0x00,0x09,0x00,0x00,0x00,0x0D,0x00,0x43,0x42,0xC6,0x00,0x00,0x00,0x09,
    0x00,0x00,0x00,0x01,0x00,0x34,0x00,0x8B,0x00,0x00,0x00,0x79,0x00,0x00,0x00,0x0F,0x53,0x70,0x65,0x63,0x69,0x61,0x6C,0x46,
    0x75,0x6E,0x63,0x74,0x69,0x6F,0x6E,0x20,0x43,0x69,0x6E,0x65,0x6D,0x61,0x74,0x69,0x63,0x20,0x53,0x6B,0x69,0x70,0x20,0x28,
    0x42,0x72,0x69,0x64,0x67,0x65,0x20,0x43,0x69,0x6E,0x65,0x6D,0x61,0x29,0x00,0x00,0x00,0x00,0x00,0x00,0x00,0x00,0x00,0x00,
    0x00,0x00,0x00,0x00,0x00,0x00,0x00,0x00,0x00,0x00,0x00,0x00,0x00,0x00,0x00,0x00,0x00,0x00,0x0F,0x00,0x00,0x00,0x00,0x00,
    0x00,0x00,0x00,0x00,0x00,0x00,0x00,0x00,0xFF,0xFF,0xFF,0xFF,0xFF,0xFF,0xFF,0xFF,0x00,0x00,0x00,0x00,0x01,0x00,0x00,0x00,
    0x00,0xFF,0xFF,0xFF,0xFF,0xFF,0xFF,0xFF,0xFF,0xFF,0xFF,0xFF,0xFF,0x05,0x00,0x3A,0x00,0x34,0x00,0x87,0x00,0x0D,0x00,0x00,
    0x00,0x09,0x00,0x00,0x00,0x0D,0x00,0x34,0x00,0x88,0x00,0x00,0x00,0x09,0x00,0x00,0x00,0x04,0x00,0x34,0x00,0xEA,0x00,0x00,
    0x00,0x09,0x00,0x00,0x00,0x0B,0x00,0x34,0x00,0x89,0x00,0x00,0x00,0x09,0x00,0x00,0x00,0x05,0x00,0x34,0x00,0x35,0x00,0x00,
    0x00,0x09,0x00,0x00,0x00,0x0D,0x00,0x34,0x00,0x75,0x00,0x00,0x00,0x09,0x00,0x00,0x00,0x10,0x00,0x34,0x01,0x94,0x00,0x00,
    0x00,0x09,0x00,0x00,0x00,0x0D,0x00,0x34,0x01,0x9E,0x00,0x00,0x00,0x09,0x00,0x00,0x00,0x0D,0x00,0x34,0x01,0x8F,0x00,0x00,
    0x00,0x09,0x00,0x00,0x00,0x0D,0x00,0x34,0x01,0x71,0x00,0x00,0x00,0x09,0x00,0x00,0x00,0x0D,0x00,0x34,0x00,0x83,0x00,0x00,
    0x00,0x09,0x00,0x00,0x00,0x04,0x00,0x34,0x00,0xE8,0x00,0x00,0x00,0x09,0x00,0x00,0x00,0x04,0x00,0x34,0x00,0xE9,0x00,0x00,
    0x00,0x09,0x00,0x00,0x00,0x04,0x00,0x34,0x01,0x9A,0x00,0x00,0x00,0x7B,0x00,0x00,0x00,0x0F,0x53,0x70,0x65,0x63,0x69,0x61,
    0x6C,0x46,0x75,0x6E,0x63,0x74,0x69,0x6F,0x6E,0x20,0x43,0x69,0x6E,0x65,0x6D,0x61,0x74,0x69,0x63,0x20,0x53,0x6B,0x69,0x70,
    0x20,0x28,0x45,0x6E,0x65,0x72,0x67,0x79,0x20,0x54,0x61,0x6E,0x6B,0x20,0x4F,0x75,0x74,0x29,0x00,0x00,0x00,0x00,0x00,0x00,
    0x00,0x00,0x00,0x00,0x00,0x00,0x00,0x00,0x00,0x00,0x00,0x00,0x00,0x00,0x00,0x00,0x00,0x00,0x00,0x00,0x00,0x00,0x0F,0x00,
    0x00,0x00,0x00,0x00,0x00,0x00,0x00,0x00,0x00,0x00,0x00,0x00,0xFF,0xFF,0xFF,0xFF,0xFF,0xFF,0xFF,0xFF,0x00,0x00,0x00,0x00,
    0x01,0x00,0x00,0x00,0x00,0xFF,0xFF,0xFF,0xFF,0xFF,0xFF,0xFF,0xFF,0xFF,0xFF,0xFF,0xFF,0x05,0x00,0x3A,0x00,0x43,0x42,0xF2,
    0x00,0x08,0x00,0x00,0x00,0x09,0x00,0x00,0x00,0x04,0x00,0x34,0x00,0xF5,0x00,0x00,0x00,0x09,0x00,0x00,0x00,0x0D,0x00,0x43,
    0x42,0xCD,0x00,0x00,0x00,0x09,0x00,0x00,0x00,0x0D,0x00,0x43,0x42,0xCE,0x00,0x00,0x00,0x09,0x00,0x00,0x00,0x0D,0x00,0x43,
    0x42,0xB1,0x00,0x00,0x00,0x09,0x00,0x00,0x00,0x04,0x00,0x34,0x00,0x48,0x00,0x00,0x00,0x09,0x00,0x00,0x00,0x10,0x00,0x34,
    0x00,0x49,0x00,0x00,0x00,0x09,0x00,0x00,0x00,0x13,0x00,0x34,0x00,0x9C,0x00,0x00,0x00,0x09,0x00,0x00,0x00,0x0D,0x00,0x34,
    0x00,0x3D,0x00,0x00,0x00,0x72,0x00,0x00,0x00,0x0F,0x53,0x70,0x65,0x63,0x69,0x61,0x6C,0x46,0x75,0x6E,0x63,0x74,0x69,0x6F,
    0x6E,0x20,0x43,0x69,0x6E,0x65,0x6D,0x61,0x74,0x69,0x63,0x20,0x53,0x6B,0x69,0x70,0x20,0x28,0x42,0x6F,0x77,0x6C,0x65,0x72,
    0x29,0x00,0x00,0x00,0x00,0x00,0x00,0x00,0x00,0x00,0x00,0x00,0x00,0x00,0x00,0x00,0x00,0x00,0x00,0x00,0x00,0x00,0x00,0x00,
    0x00,0x00,0x00,0x00,0x00,0x0F,0x00,0x00,0x00,0x00,0x00,0x00,0x00,0x00,0x00,0x00,0x00,0x00,0x00,0xFF,0xFF,0xFF,0xFF,0xFF,
    0xFF,0xFF,0xFF,0x00,0x00,0x00,0x00,0x01,0x00,0x00,0x00,0x00,0xFF,0xFF,0xFF,0xFF,0xFF,0xFF,0xFF,0xFF,0xFF,0xFF,0xFF,0xFF,
    0x05,0x00,0x1D,0x00,0x34,0x00,0x9C,0x00,0x01,0x00,0x00,0x00,0x12,0x00,0x00,0x00,0x14,0x00,0x34,0x00,0x3B,0x00,0x00,0x00,
    0x29,0x00,0x00,0x00,0x07,0x52,0x65,0x73,0x65,0x74,0x20,0x43,0x68,0x6F,0x7A,0x6F,0x20,0x53,0x74,0x61,0x74,0x75,0x65,0x00,
    0x00,0x00,0x00,0x00,0x00,0x00,0x00,0x00,0x00,0x01,0x00,0x00,0x00,0x00,0x3F,0x80,0x00,0x00,0x05,0x00,0x05,0x00,0x34,0x00,
    0x67,0x00,0x02,0x00,0x00,0x00,0x09,0x00,0x00,0x00,0x0B,0x00,0x34,0x00,0x2F,0x00,0x00,0x00,0x09,0x00,0x00,0x00,0x13,0x00,
    0x34,0x00,0x24,0x00,0x00,0x00,0x24,0x00,0x00,0x00,0x06,0x4E,0x65,0x77,0x20,0x47,0x72,0x61,0x74,0x65,0x20,0x4F,0x70,0x65,
    0x6E,0x20,0x54,0x69,0x6D,0x65,0x72,0x00,0x3D,0xCC,0xCC,0xCD,0x00,0x00,0x00,0x00,0x00,0x00,0x01,0x05,0x00,0x05,0x00,0x34,
    0x00,0x33,0x00,0x06,0x00,0x00,0x00,0x09,0x00,0x00,0x00,0x0F,0x00,0x34,0x00,0x94,0x00,0x00,0x00,0x09,0x00,0x00,0x00,0x0F,
    0x00,0x34,0x00,0x95,0x00,0x00,0x00,0x09,0x00,0x00,0x00,0x0F,0x00,0x34,0x00,0x96,0x00,0x00,0x00,0x09,0x00,0x00,0x00,0x14,
    0x00,0x34,0x00,0x97,0x00,0x00,0x00,0x09,0x00,0x00,0x00,0x10,0x00,0x34,0x00,0xAE,0x00,0x00,0x00,0x09,0x00,0x00,0x00,0x10,
    0x00,0x34,0x00,0x67,0x00,0x00,0x00,0x24,0x00,0x00,0x00,0x06,0x53,0x74,0x6F,0x70,0x20,0x50,0x6C,0x61,0x74,0x66,0x6F,0x72,
    0x6D,0x20,0x53,0x6F,0x75,0x6E,0x64,0x73,0x00,0x3D,0xCC,0xCC,0xCD,0x00,0x00,0x00,0x00,0x00,0x00,0x01,0x05,0x00,0x05,0x00,
    0x34,0x00,0x63,0x00,0x01,0x00,0x00,0x00,0x09,0x00,0x00,0x00,0x10,0x00,0x34,0x00,0x67,0x00,0x00,0x00,0x25,0x00,0x00,0x00,
    0x06,0x53,0x74,0x6F,0x70,0x20,0x47,0x72,0x61,0x74,0x65,0x20,0x4F,0x70,0x65,0x6E,0x20,0x54,0x69,0x6D,0x65,0x72,0x00,0x3A,
    0x83,0x12,0x6F,0x00,0x00,0x00,0x00,0x00,0x00,0x01,0x05,0x00,0x05,0x00,0x34,0x00,0x82,0x00,0x02,0x00,0x00,0x00,0x09,0x00,
    0x00,0x00,0x04,0x00,0x34,0x00,0x77,0x00,0x00,0x00,0x09,0x00,0x00,0x00,0x04,0x00,0x43,0x42,0x9A,0x00,0x00,0x00,0x2F,0x00,
    0x00,0x00,0x06,0x44,0x65,0x66,0x61,0x75,0x6C,0x74,0x20,0x52,0x6F,0x74,0x61,0x74,0x69,0x6F,0x6E,0x20,0x43,0x75,0x74,0x73,
    0x63,0x65,0x6E,0x65,0x20,0x54,0x69,0x6D,0x65,0x72,0x00,0x3F,0x80,0x00,0x00,0x00,0x00,0x00,0x00,0x00,0x00,0x01,0x05,0x00,
    0x05,0x00,0x43,0x43,0x07,0x00,0x02,0x00,0x00,0x00,0x09,0x00,0x00,0x00,0x04,0x00,0x34,0x01,0x93,0x00,0x00,0x00,0x09,0x00,
    0x00,0x00,0x04,0x00,0x34,0x01,0x92,0x00,0x00,0x00,0x23,0x00,0x00,0x00,0x06,0x44,0x65,0x61,0x63,0x74,0x69,0x76,0x61,0x74,
    0x65,0x20,0x52,0x6F,0x74,0x61,0x74,0x6F,0x72,0x73,0x00,0x40,0xC3,0x33,0x33,0x00,0x00,0x00,0x00,0x00,0x00,0x01,0x05,0x00,
    0x05,0x00,0x34,0x00,0x89,0x00,0x03,0x00,0x00,0x00,0x09,0x00,0x00,0x00,0x0D,0x00,0x34,0x03,0x78,0x00,0x00,0x00,0x09,0x00,
    0x00,0x00,0x04,0x00,0x34,0x00,0x83,0x00,0x00,0x00,0x09,0x00,0x00,0x00,0x04,0x00,0x34,0x01,0x92,0x00,0x00,0x00,0x23,0x00,
    0x00,0x00,0x06,0x44,0x6F,0x77,0x6E,0x42,0x6F,0x77,0x6C,0x20,0x52,0x65,0x70,0x6F,0x73,0x69,0x74,0x69,0x6F,0x6E,0x00,0x3C,
    0x23,0xD7,0x0A,0x00,0x00,0x00,0x00,0x00,0x00,0x01,0x05,0x00,0x05,0x00,0x34,0x00,0x7E,0x00,0x01,0x00,0x00,0x00,0x09,0x00,
    0x00,0x00,0x08,0x00,0x34,0x00,0x26,0x00,0x00,0x00,0x27,0x00,0x00,0x00,0x06,0x41,0x64,0x76,0x61,0x6E,0x63,0x65,0x20,0x44,
    0x65,0x66,0x61,0x75,0x6C,0x74,0x20,0x74,0x6F,0x20,0x44,0x6F,0x77,0x6E,0x00,0x3C,0x23,0xD7,0x0A,0x00,0x00,0x00,0x00,0x00,
    0x00,0x01,0x05,0x00,0x05,0x00,0x34,0x00,0x3E,0x00,0x01,0x00,0x00,0x00,0x09,0x00,0x00,0x00,0x08,0x00,0x34,0x00,0x1F,0x00,
    0x00,0x00,0x28,0x00,0x00,0x00,0x06,0x41,0x64,0x76,0x61,0x6E,0x63,0x65,0x20,0x44,0x65,0x66,0x61,0x75,0x6C,0x74,0x20,0x74,
    0x6F,0x20,0x52,0x69,0x67,0x68,0x74,0x00,0x3C,0x23,0xD7,0x0A,0x00,0x00,0x00,0x00,0x00,0x00,0x01,0x05,0x00,0x05,0x00,0x34,
    0x00,0x6F,0x00,0x01,0x00,0x00,0x00,0x09,0x00,0x00,0x00,0x08,0x00,0x34,0x01,0x92,0x00,0x00,0x00,0x28,0x00,0x00,0x00,0x06,
    0x41,0x64,0x76,0x61,0x6E,0x63,0x65,0x20,0x52,0x69,0x67,0x68,0x74,0x20,0x74,0x6F,0x20,0x44,0x65,0x66,0x61,0x75,0x6C,0x74,
    0x00,0x3C,0x23,0xD7,0x0A,0x00,0x00,0x00,0x00,0x00,0x00,0x01,0x05,0x00,0x05,0x00,0x34,0x00,0x81,0x00,0x01,0x00,0x00,0x00,
    0x09,0x00,0x00,0x00,0x08,0x00,0x34,0x01,0x93,0x00,0x00,0x00,0x27,0x00,0x00,0x00,0x06,0x41,0x64,0x76,0x61,0x6E,0x63,0x65,
    0x20,0x44,0x6F,0x77,0x6E,0x20,0x74,0x6F,0x20,0x44,0x65,0x66,0x61,0x75,0x6C,0x74,0x00,0x3C,0x23,0xD7,0x0A,0x00,0x00,0x00,
    0x00,0x00,0x00,0x01,0x05,0x00,0x05,0x00,0x34,0x00,0x8A,0x00,0x01,0x00,0x00,0x00,0x09,0x00,0x00,0x00,0x10,0x00,0x34,0x01,
    0x95,0x00,0x00,0x00,0x26,0x00,0x00,0x00,0x06,0x50,0x72,0x65,0x76,0x65,0x6E,0x74,0x20,0x43,0x75,0x74,0x73,0x63,0x65,0x6E,
    0x65,0x20,0x54,0x69,0x6D,0x65,0x72,0x00,0x3D,0xCC,0xCC,0xCD,0x00,0x00,0x00,0x00,0x00,0x00,0x01,0x05,0x00,0x05,0x00,0x34,
    0x00,0x8C,0x00,0x02,0x00,0x00,0x00,0x09,0x00,0x00,0x00,0x04,0x00,0x34,0x01,0x3F,0x00,0x00,0x00,0x09,0x00,0x00,0x00,0x04,
    0x00,0x34,0x01,0x3F,0x00,0x00,0x00,0x1F,0x00,0x00,0x00,0x06,0x53,0x74,0x6F,0x70,0x20,0x43,0x68,0x6F,0x7A,0x6F,0x20,0x47,
    0x6C,0x6F,0x77,0x00,0x40,0x40,0x00,0x00,0x00,0x00,0x00,0x00,0x00,0x00,0x01,0x05,0x00,0x05,0x00,0x43,0x42,0xF3,0x00,0x02,
    0x00,0x00,0x00,0x09,0x00,0x00,0x00,0x01,0x00,0x34,0x00,0x7E,0x00,0x00,0x00,0x09,0x00,0x00,0x00,0x01,0x00,0x34,0x00,0x3E,
    0x00,0x00,0x00,0x2B,0x00,0x00,0x00,0x06,0x52,0x65,0x61,0x63,0x74,0x69,0x76,0x61,0x74,0x65,0x20,0x49,0x6E,0x73,0x74,0x61,
    0x6E,0x74,0x20,0x52,0x6F,0x74,0x61,0x74,0x6F,0x72,0x73,0x00,0x3D,0xCC,0xCC,0xCD,0x00,0x00,0x00,0x00,0x00,0x00,0x01,0x03,
    0x00,0x34,0x00,0x34,0x00,0x00,0x00,0x00,0x00,0x00,0x00,0x07,0x00,0x34,0x00,0x35,0x03,0x00,0x34,0x00,0x34,0x00,0x00,0x00,
    0x05,0x00,0x00,0x00,0x05,0x00,0x34,0x00,0x35,0x03,0x00,0x34,0x00,0x3A,0x00,0x00,0x00,0x00,0x00,0x00,0x00,0x07,0x00,0x34,
    0x00,0x35,0x03,0x00,0x34,0x00,0x3A,0x00,0x00,0x00,0x05,0x00,0x00,0x00,0x05,0x00,0x34,0x00,0x35,0x03,0x00,0x34,0x00,0x3C,
    0x00,0x00,0x00,0x03,0x00,0x00,0x00,0x01,0x00,0x34,0x00,0xF5,0x03,0x00,0x34,0x00,0x46,0x00,0x00,0x00,0x05,0x00,0x00,0x00,
    0x05,0x00,0x34,0x00,0x35,0x03,0x00,0x34,0x00,0x47,0x00,0x00,0x00,0x03,0x00,0x00,0x00,0x01,0x00,0x34,0x00,0x4A,0x03,0x00,
    0x34,0x00,0x4A,0x00,0x00,0x00,0x05,0x00,0x00,0x00,0x05,0x00,0x34,0x00,0x35,0x03,0x00,0x34,0x00,0x68,0x00,0x00,0x00,0x0E,
    0x00,0x00,0x00,0x01,0x00,0x34,0x01,0x85,0x03,0x00,0x34,0x00,0xE8,0x00,0x00,0x00,0x03,0x00,0x00,0x00,0x01,0x00,0x34,0x00,
    0xEA,0x03,0x00,0x34,0x00,0xF5,0x00,0x00,0x00,0x00,0x00,0x00,0x00,0x07,0x00,0x34,0x00,0x35,0x03,0x00,0x34,0x01,0x42,0x00,
    0x00,0x00,0x05,0x00,0x00,0x00,0x0D,0x08,0x34,0x01,0x46,0x03,0x00,0x34,0x01,0x42,0x00,0x00,0x00,0x00,0x00,0x00,0x00,0x07,
    0x00,0x34,0x00,0x35,0x03,0x00,0x34,0x01,0x42,0x00,0x00,0x00,0x05,0x00,0x00,0x00,0x05,0x00,0x34,0x00,0x35,0x03,0x00,0x34,
    0x01,0x42,0x00,0x00,0x00,0x00,0x00,0x00,0x00,0x0D,0x00,0x34,0x03,0x78,0x03,0x00,0x34,0x01,0x91,0x00,0x00,0x00,0x00,0x00,
    0x00,0x00,0x07,0x00,0x34,0x00,0x35,0x03,0x00,0x34,0x01,0x9A,0x00,0x00,0x00,0x03,0x00,0x00,0x00,0x01,0x00,0x34,0x01,0x93,
    0x03,0x08,0x34,0x01,0x43,0x00,0x00,0x00,0x09,0x00,0x00,0x00,0x01,0x00,0x34,0x01,0x42,0x04,0x00,0x34,0x00,0x1F,0x00,0x00,
    0x00,0x12,0x00,0x00,0x00,0x0B,0x00,0x34,0x00,0x67,0x04,0x00,0x34,0x00,0x27,0x00,0x00,0x00,0x0E,0x00,0x00,0x00,0x01,0x00,
    0x43,0x42,0xCD,0x04,0x00,0x34,0x00,0x27,0x00,0x00,0x00,0x0E,0x00,0x00,0x00,0x04,0x00,0x43,0x42,0xB1,0x04,0x00,0x34,0x00,
    0x28,0x00,0x00,0x00,0x0E,0x00,0x00,0x00,0x04,0x00,0x43,0x42,0xB1,0x04,0x00,0x34,0x00,0x28,0x00,0x00,0x00,0x0E,0x00,0x00,
    0x00,0x01,0x00,0x43,0x42,0xCE,0x04,0x00,0x34,0x00,0x34,0x00,0x00,0x00,0x05,0x00,0x00,0x00,0x0D,0x00,0x34,0x00,0x7C,0x04,
    0x00,0x34,0x00,0x34,0x00,0x00,0x00,0x05,0x00,0x00,0x00,0x0B,0x00,0x43,0x42,0xF3,0x04,0x00,0x34,0x00,0x3A,0x00,0x00,0x00,
    0x05,0x00,0x00,0x00,0x0D,0x00,0x34,0x00,0x31,0x04,0x00,0x34,0x00,0x3A,0x00,0x00,0x00,0x05,0x00,0x00,0x00,0x0B,0x00,0x43,
    0x42,0xF3,0x04,0x00,0x34,0x00,0x3C,0x00,0x00,0x00,0x03,0x00,0x00,0x00,0x0D,0x00,0x43,0x42,0xAE,0x04,0x00,0x34,0x00,0x46,
    0x00,0x00,0x00,0x00,0x00,0x00,0x00,0x05,0x00,0x43,0x42,0xF2,0x04,0x00,0x34,0x00,0x46,0x00,0x00,0x00,0x05,0x00,0x00,0x00,
    0x0D,0x00,0x43,0x42,0xAF,0x04,0x00,0x34,0x00,0x42,0x00,0x00,0x00,0x04,0x00,0x00,0x00,0x13,0x00,0x34,0x01,0xEA,0x04,0x00,
    0x34,0x00,0x47,0x00,0x00,0x00,0x03,0x00,0x00,0x00,0x0D,0x00,0x34,0x00,0x86,0x04,0x00,0x34,0x00,0x47,0x00,0x00,0x00,0x03,
    0x00,0x00,0x00,0x01,0x00,0x34,0x00,0x75,0x04,0x00,0x34,0x00,0x47,0x00,0x00,0x00,0x03,0x00,0x00,0x00,0x01,0x00,0x34,0x01,
    0x92,0x04,0x00,0x34,0x00,0x47,0x00,0x00,0x00,0x03,0x00,0x00,0x00,0x01,0x00,0x43,0x42,0xC6,0x04,0x00,0x34,0x00,0x47,0x00,
    0x00,0x00,0x03,0x00,0x00,0x00,0x01,0x00,0x34,0x00,0x85,0x04,0x00,0x34,0x00,0x47,0x00,0x00,0x00,0x03,0x00,0x00,0x00,0x07,
    0x00,0x34,0x02,0xE6,0x04,0x00,0x34,0x00,0x4D,0x00,0x00,0x00,0x03,0x00,0x00,0x00,0x0D,0x00,0x34,0x00,0x8B,0x04,0x00,0x34,
    0x00,0x52,0x00,0x00,0x00,0x03,0x00,0x00,0x00,0x01,0x00,0x43,0x42,0xB1,0x04,0x00,0x34,0x00,0x52,0x00,0x00,0x00,0x03,0x00,
    0x00,0x00,0x04,0x00,0x52,0x85,0x12,0x04,0x00,0x34,0x00,0x52,0x00,0x00,0x00,0x03,0x00,0x00,0x00,0x13,0x00,0x34,0x01,0xEA,
    0x04,0x00,0x34,0x00,0x52,0x00,0x00,0x00,0x03,0x00,0x00,0x00,0x05,0x00,0x34,0x00,0x35,0x04,0x00,0x34,0x00,0x68,0x00,0x00,
    0x00,0x0E,0x00,0x00,0x00,0x0D,0x00,0x34,0x00,0x2B,0x04,0x00,0x34,0x00,0x7B,0x00,0x00,0x00,0x09,0x00,0x00,0x00,0x07,0x00,
    0x34,0x00,0x32,0x04,0x00,0x34,0x00,0x7B,0x00,0x00,0x00,0x09,0x00,0x00,0x00,0x07,0x00,0x34,0x00,0x35,0x04,0x00,0x34,0x00,
    0x7B,0x00,0x00,0x00,0x09,0x00,0x00,0x00,0x01,0x00,0x34,0x00,0x7D,0x04,0x00,0x34,0x00,0x80,0x00,0x00,0x00,0x09,0x00,0x00,
    0x00,0x07,0x00,0x34,0x00,0x36,0x04,0x00,0x34,0x00,0x80,0x00,0x00,0x00,0x09,0x00,0x00,0x00,0x07,0x00,0x34,0x00,0x35,0x04,
    0x00,0x34,0x00,0x80,0x00,0x00,0x00,0x09,0x00,0x00,0x00,0x01,0x00,0x34,0x00,0x53,0x04,0x00,0x34,0x00,0x9B,0x00,0x00,0x00,
    0x04,0x00,0x00,0x00,0x04,0x00,0x43,0x42,0xCD,0x04,0x00,0x34,0x00,0x9B,0x00,0x00,0x00,0x04,0x00,0x00,0x00,0x01,0x00,0x43,
    0x42,0xB1,0x04,0x00,0x34,0x00,0x9B,0x00,0x00,0x00,0x04,0x00,0x00,0x00,0x01,0x00,0x34,0x00,0x77,0x04,0x00,0x34,0x00,0x9B,
    0x00,0x00,0x00,0x04,0x00,0x00,0x00,0x04,0x00,0x34,0x00,0x85,0x04,0x00,0x34,0x00,0x9B,0x00,0x00,0x00,0x04,0x00,0x00,0x00,
    0x04,0x00,0x43,0x42,0xC6,0x04,0x00,0x34,0x00,0x9B,0x00,0x00,0x00,0x04,0x00,0x00,0x00,0x04,0x00,0x34,0x00,0x8B,0x04,0x00,
    0x34,0x00,0x9B,0x00,0x00,0x00,0x03,0x00,0x00,0x00,0x04,0x00,0x34,0x03,0x78,0x04,0x00,0x34,0x00,0x9B,0x00,0x00,0x00,0x04,
    0x00,0x00,0x00,0x01,0x00,0x34,0x03,0x78,0x04,0x00,0x34,0x00,0xE5,0x00,0x00,0x00,0x09,0x00,0x00,0x00,0x04,0x00,0x34,0x00,
    0x3E,0x04,0x00,0x34,0x00,0xE6,0x00,0x00,0x00,0x09,0x00,0x00,0x00,0x04,0x00,0x34,0x00,0x7E,0x04,0x00,0x34,0x00,0xE8,0x00,
    0x00,0x00,0x03,0x00,0x00,0x00,0x0D,0x00,0x34,0x00,0x70,0x04,0x00,0x34,0x00,0xE8,0x00,0x00,0x00,0x03,0x00,0x00,0x00,0x01,
    0x00,0x34,0x00,0x83,0x04,0x00,0x34,0x00,0xE8,0x00,0x00,0x00,0x03,0x00,0x00,0x00,0x01,0x00,0x34,0x01,0x93,0x04,0x00,0x34,
    0x01,0x42,0x00,0x00,0x00,0x05,0x00,0x00,0x00,0x0D,0x00,0x34,0x00,0x1B,0x04,0x00,0x34,0x01,0x42,0x00,0x00,0x00,0x05,0x00,
    0x00,0x00,0x05,0x00,0x34,0x00,0x06,0x04,0x00,0x34,0x01,0x85,0x00,0x00,0x00,0x05,0x00,0x00,0x00,0x05,0x00,0x43,0x42,0x6E,
    0x04,0x00,0x34,0x01,0x91,0x00,0x00,0x00,0x00,0x00,0x00,0x00,0x0B,0x00,0x34,0x00,0x82,0x04,0x00,0x34,0x01,0x91,0x00,0x00,
    0x00,0x00,0x00,0x00,0x00,0x0B,0x00,0x43,0x43,0x07,0x04,0x00,0x34,0x01,0x92,0x00,0x00,0x00,0x12,0x00,0x00,0x00,0x0B,0x00,
    0x34,0x00,0x67,0x04,0x00,0x34,0x01,0x98,0x00,0x00,0x00,0x05,0x00,0x00,0x00,0x05,0x00,0x34,0x00,0x6D,0x04,0x00,0x34,0x01,
    0x98,0x00,0x00,0x00,0x05,0x00,0x00,0x00,0x0D,0x00,0x34,0x00,0x6C,0x04,0x00,0x34,0x01,0x98,0x00,0x00,0x00,0x00,0x00,0x00,
    0x00,0x0D,0x00,0x34,0x00,0x75,0x04,0x00,0x34,0x01,0x98,0x00,0x00,0x00,0x05,0x00,0x00,0x00,0x04,0x00,0x34,0x00,0x83,0x04,
    0x00,0x34,0x01,0x98,0x00,0x00,0x00,0x05,0x00,0x00,0x00,0x0D,0x00,0x34,0x03,0x78,0x04,0x00,0x34,0x01,0x9F,0x00,0x00,0x00,
    0x09,0x00,0x00,0x00,0x07,0x00,0x34,0x00,0x2A,0x04,0x00,0x34,0x01,0x9F,0x00,0x00,0x00,0x09,0x00,0x00,0x00,0x07,0x00,0x34,
    0x00,0x35,0x04,0x00,0x34,0x01,0x9F,0x00,0x00,0x00,0x09,0x00,0x00,0x00,0x01,0x00,0x34,0x00,0x56,0x04,0x00,0x34,0x01,0xA2,
    0x00,0x00,0x00,0x05,0x00,0x00,0x00,0x0D,0x00,0x34,0x00,0x1E,0x04,0x00,0x34,0x01,0xA2,0x00,0x00,0x00,0x00,0x00,0x00,0x00,
    0x07,0x00,0x34,0x00,0x35,0x04,0x00,0x34,0x01,0xA2,0x00,0x00,0x00,0x05,0x00,0x00,0x00,0x05,0x00,0x34,0x00,0x35,0x04,0x00,
    0x34,0x03,0x78,0x00,0x00,0x00,0x09,0x00,0x00,0x00,0x01,0x00,0x34,0x00,0x3C,0x04,0x00,0x34,0x03,0x78,0x00,0x00,0x00,0x09,
    0x00,0x00,0x00,0x01,0x00,0x43,0x42,0x9A,0x04,0x08,0x34,0x01,0x43,0x00,0x00,0x00,0x09,0x00,0x00,0x00,0x0D,0x00,0x34,0x00,
    0x12,0x06,0x00,0x34,0x00,0x2D,0x05,0x00,0x15,0x00,0x1B,0x00,0x08,0x00,0x07,0x00,0x00,0x00,0x09,0x00,0x00,0x00,0x04,0x00,
    0x1B,0x05,0x42,0x00,0x00,0x00,0x09,0x00,0x00,0x00,0x01,0x00,0x1B,0x05,0x90,0x00,0x00,0x00,0x09,0x00,0x00,0x00,0x01,0x00,
    0x1B,0x05,0x8F,0x00,0x00,0x00,0x09,0x00,0x00,0x00,0x07,0x00,0x1B,0x03,0x3E,0x00,0x00,0x00,0x09,0x00,0x00,0x00,0x07,0x00,
    0x1B,0x05,0xA1,0x00,0x00,0x00,0x09,0x00,0x00,0x00,0x01,0x00,0x1B,0x05,0x9B,0x00,0x00,0x00,0x09,0x00,0x00,0x00,0x07,0x00,
    0x1B,0x00,0x0B,0x00,0x00,0x00,0x1B,0x00,0x00,0x00,0x02,0x52,0x65,0x6C,0x61,0x79,0x2D,0x73,0x74,0x61,0x72,0x74,0x20,0x6F,
    0x66,0x20,0x63,0x69,0x6E,0x65,0x6D,0x61,0x00,0x01,0x05,0x00,0x15,0x00,0x1B,0x00,0x09,0x00,0x04,0x00,0x00,0x00,0x09,0x00,
    0x00,0x00,0x05,0x00,0x1B,0x03,0x3E,0x00,0x00,0x00,0x09,0x00,0x00,0x00,0x05,0x00,0x1B,0x03,0x48,0x00,0x00,0x00,0x09,0x00,
    0x00,0x00,0x0D,0x00,0x1B,0x06,0x88,0x00,0x00,0x00,0x09,0x00,0x00,0x00,0x05,0x00,0x1B,0x00,0x0B,0x00,0x00,0x00,0x19,0x00,
    0x00,0x00,0x02,0x52,0x65,0x6C,0x61,0x79,0x2D,0x65,0x6E,0x64,0x20,0x6F,0x66,0x20,0x63,0x69,0x6E,0x65,0x6D,0x61,0x00,0x01,
    0x05,0x00,0x15,0x00,0x1B,0x00,0x10,0x00,0x90,0x00,0x00,0x00,0x09,0x00,0x00,0x00,0x13,0x00,0x1B,0x01,0x1C,0x00,0x00,0x00,
    0x09,0x00,0x00,0x00,0x13,0x00,0x1B,0x01,0x1D,0x00,0x00,0x00,0x09,0x00,0x00,0x00,0x13,0x00,0x1B,0x01,0x21,0x00,0x00,0x00,
    0x09,0x00,0x00,0x00,0x13,0x00,0x1B,0x01,0x25,0x00,0x00,0x00,0x09,0x00,0x00,0x00,0x13,0x00,0x1B,0x01,0x29,0x00,0x00,0x00,
    0x09,0x00,0x00,0x00,0x13,0x00,0x1B,0x01,0x2D,0x00,0x00,0x00,0x09,0x00,0x00,0x00,0x13,0x00,0x1B,0x01,0x31,0x00,0x00,0x00,
    0x09,0x00,0x00,0x00,0x13,0x00,0x1B,0x01,0x35,0x00,0x00,0x00,0x09,0x00,0x00,0x00,0x13,0x00,0x1B,0x01,0x39,0x00,0x00,0x00,
    0x09,0x00,0x00,0x00,0x13,0x00,0x1B,0x01,0x3D,0x00,0x00,0x00,0x09,0x00,0x00,0x00,0x13,0x00,0x1B,0x01,0x41,0x00,0x00,0x00,
    0x09,0x00,0x00,0x00,0x13,0x00,0x1B,0x01,0x45,0x00,0x00,0x00,0x09,0x00,0x00,0x00,0x13,0x00,0x1B,0x01,0x49,0x00,0x00,0x00,
    0x09,0x00,0x00,0x00,0x13,0x00,0x1B,0x01,0x4D,0x00,0x00,0x00,0x09,0x00,0x00,0x00,0x13,0x00,0x1B,0x01,0x51,0x00,0x00,0x00,
    0x09,0x00,0x00,0x00,0x13,0x00,0x1B,0x01,0x55,0x00,0x00,0x00,0x09,0x00,0x00,0x00,0x13,0x00,0x1B,0x01,0x59,0x00,0x00,0x00,
    0x09,0x00,0x00,0x00,0x13,0x00,0x1B,0x01,0x5D,0x00,0x00,0x00,0x09,0x00,0x00,0x00,0x13,0x00,0x1B,0x01,0x61,0x00,0x00,0x00,
    0x09,0x00,0x00,0x00,0x13,0x00,0x1B,0x01,0x65,0x00,0x00,0x00,0x09,0x00,0x00,0x00,0x13,0x00,0x1B,0x01,0x69,0x00,0x00,0x00,
    0x09,0x00,0x00,0x00,0x13,0x00,0x1B,0x01,0x6D,0x00,0x00,0x00,0x09,0x00,0x00,0x00,0x13,0x00,0x1B,0x01,0x71,0x00,0x00,0x00,
    0x09,0x00,0x00,0x00,0x13,0x00,0x1B,0x01,0x75,0x00,0x00,0x00,0x09,0x00,0x00,0x00,0x13,0x00,0x1B,0x01,0x79,0x00,0x00,0x00,
    0x09,0x00,0x00,0x00,0x13,0x00,0x1B,0x01,0x7D,0x00,0x00,0x00,0x09,0x00,0x00,0x00,0x13,0x00,0x1B,0x01,0x81,0x00,0x00,0x00,
    0x09,0x00,0x00,0x00,0x13,0x00,0x1B,0x01,0x85,0x00,0x00,0x00,0x09,0x00,0x00,0x00,0x13,0x00,0x1B,0x01,0x89,0x00,0x00,0x00,
    0x09,0x00,0x00,0x00,0x13,0x00,0x1B,0x01,0x8D,0x00,0x00,0x00,0x09,0x00,0x00,0x00,0x13,0x00,0x1B,0x01,0x91,0x00,0x00,0x00,
    0x09,0x00,0x00,0x00,0x13,0x00,0x1B,0x01,0x95,0x00,0x00,0x00,0x09,0x00,0x00,0x00,0x13,0x00,0x1B,0x01,0x99,0x00,0x00,0x00,
    0x09,0x00,0x00,0x00,0x13,0x00,0x1B,0x01,0x9D,0x00,0x00,0x00,0x09,0x00,0x00,0x00,0x13,0x00,0x1B,0x01,0xA1,0x00,0x00,0x00,
    0x09,0x00,0x00,0x00,0x13,0x00,0x1B,0x01,0xA5,0x00,0x00,0x00,0x09,0x00,0x00,0x00,0x13,0x00,0x1B,0x01,0xA9,0x00,0x00,0x00,
    0x09,0x00,0x00,0x00,0x13,0x00,0x1B,0x01,0xAD,0x00,0x00,0x00,0x09,0x00,0x00,0x00,0x13,0x00,0x1B,0x01,0xB1,0x00,0x00,0x00,
    0x09,0x00,0x00,0x00,0x13,0x00,0x1B,0x01,0xB5,0x00,0x00,0x00,0x09,0x00,0x00,0x00,0x13,0x00,0x1B,0x01,0xB9,0x00,0x00,0x00,
    0x09,0x00,0x00,0x00,0x13,0x00,0x1B,0x01,0xBD,0x00,0x00,0x00,0x09,0x00,0x00,0x00,0x13,0x00,0x1B,0x01,0xC1,0x00,0x00,0x00,
    0x09,0x00,0x00,0x00,0x13,0x00,0x1B,0x01,0xC5,0x00,0x00,0x00,0x09,0x00,0x00,0x00,0x13,0x00,0x1B,0x01,0xC9,0x00,0x00,0x00,
    0x09,0x00,0x00,0x00,0x13,0x00,0x1B,0x01,0xCD,0x00,0x00,0x00,0x09,0x00,0x00,0x00,0x13,0x00,0x1B,0x01,0xD1,0x00,0x00,0x00,
    0x09,0x00,0x00,0x00,0x13,0x00,0x1B,0x01,0xD5,0x00,0x00,0x00,0x09,0x00,0x00,0x00,0x13,0x00,0x1B,0x01,0xD9,0x00,0x00,0x00,
    0x09,0x00,0x00,0x00,0x13,0x00,0x1B,0x01,0xDD,0x00,0x00,0x00,0x09,0x00,0x00,0x00,0x13,0x00,0x1B,0x01,0xE1,0x00,0x00,0x00,
    0x09,0x00,0x00,0x00,0x13,0x00,0x1B,0x01,0xE5,0x00,0x00,0x00,0x09,0x00,0x00,0x00,0x13,0x00,0x1B,0x01,0xE9,0x00,0x00,0x00,
    0x09,0x00,0x00,0x00,0x13,0x00,0x1B,0x01,0xED,0x00,0x00,0x00,0x09,0x00,0x00,0x00,0x13,0x00,0x1B,0x01,0xF1,0x00,0x00,0x00,
    0x09,0x00,0x00,0x00,0x13,0x00,0x1B,0x01,0xF5,0x00,0x00,0x00,0x09,0x00,0x00,0x00,0x13,0x00,0x1B,0x01,0xFC,0x00,0x00,0x00,
    0x09,0x00,0x00,0x00,0x13,0x00,0x1B,0x01,0xFD,0x00,0x00,0x00,0x09,0x00,0x00,0x00,0x13,0x00,0x1B,0x02,0x01,0x00,0x00,0x00,
    0x09,0x00,0x00,0x00,0x13,0x00,0x1B,0x02,0x05,0x00,0x00,0x00,0x09,0x00,0x00,0x00,0x13,0x00,0x1B,0x02,0x09,0x00,0x00,0x00,
    0x09,0x00,0x00,0x00,0x13,0x00,0x1B,0x02,0x0D,0x00,0x00,0x00,0x09,0x00,0x00,0x00,0x13,0x00,0x1B,0x02,0x11,0x00,0x00,0x00,
    0x09,0x00,0x00,0x00,0x13,0x00,0x1B,0x02,0x15,0x00,0x00,0x00,0x09,0x00,0x00,0x00,0x13,0x00,0x1B,0x02,0x19,0x00,0x00,0x00,
    0x09,0x00,0x00,0x00,0x13,0x00,0x1B,0x02,0x1D,0x00,0x00,0x00,0x09,0x00,0x00,0x00,0x13,0x00,0x1B,0x02,0x21,0x00,0x00,0x00,
    0x09,0x00,0x00,0x00,0x13,0x00,0x1B,0x02,0x25,0x00,0x00,0x00,0x09,0x00,0x00,0x00,0x13,0x00,0x1B,0x02,0x29,0x00,0x00,0x00,
    0x09,0x00,0x00,0x00,0x13,0x00,0x1B,0x02,0x2D,0x00,0x00,0x00,0x09,0x00,0x00,0x00,0x13,0x00,0x1B,0x02,0x31,0x00,0x00,0x00,
    0x09,0x00,0x00,0x00,0x13,0x00,0x1B,0x02,0x35,0x00,0x00,0x00,0x09,0x00,0x00,0x00,0x13,0x00,0x1B,0x02,0x39,0x00,0x00,0x00,
    0x09,0x00,0x00,0x00,0x13,0x00,0x1B,0x02,0x3D,0x00,0x00,0x00,0x09,0x00,0x00,0x00,0x13,0x00,0x1B,0x02,0x41,0x00,0x00,0x00,
    0x09,0x00,0x00,0x00,0x13,0x00,0x1B,0x02,0x45,0x00,0x00,0x00,0x09,0x00,0x00,0x00,0x13,0x00,0x1B,0x02,0x49,0x00,0x00,0x00,
    0x09,0x00,0x00,0x00,0x13,0x00,0x1B,0x02,0x4D,0x00,0x00,0x00,0x09,0x00,0x00,0x00,0x13,0x00,0x1B,0x02,0x51,0x00,0x00,0x00,
    0x09,0x00,0x00,0x00,0x13,0x00,0x1B,0x02,0x55,0x00,0x00,0x00,0x09,0x00,0x00,0x00,0x13,0x00,0x1B,0x02,0x59,0x00,0x00,0x00,
    0x09,0x00,0x00,0x00,0x13,0x00,0x1B,0x02,0x5D,0x00,0x00,0x00,0x09,0x00,0x00,0x00,0x13,0x00,0x1B,0x02,0x61,0x00,0x00,0x00,
    0x09,0x00,0x00,0x00,0x13,0x00,0x1B,0x02,0x65,0x00,0x00,0x00,0x09,0x00,0x00,0x00,0x13,0x00,0x1B,0x02,0x69,0x00,0x00,0x00,
    0x09,0x00,0x00,0x00,0x13,0x00,0x1B,0x02,0x6D,0x00,0x00,0x00,0x09,0x00,0x00,0x00,0x13,0x00,0x1B,0x02,0x71,0x00,0x00,0x00,
    0x09,0x00,0x00,0x00,0x13,0x00,0x1B,0x02,0x75,0x00,0x00,0x00,0x09,0x00,0x00,0x00,0x13,0x00,0x1B,0x02,0x79,0x00,0x00,0x00,
    0x09,0x00,0x00,0x00,0x13,0x00,0x1B,0x02,0x7D,0x00,0x00,0x00,0x09,0x00,0x00,0x00,0x13,0x00,0x1B,0x02,0x81,0x00,0x00,0x00,
    0x09,0x00,0x00,0x00,0x13,0x00,0x1B,0x02,0x85,0x00,0x00,0x00,0x09,0x00,0x00,0x00,0x13,0x00,0x1B,0x02,0x89,0x00,0x00,0x00,
    0x09,0x00,0x00,0x00,0x13,0x00,0x1B,0x02,0x8D,0x00,0x00,0x00,0x09,0x00,0x00,0x00,0x13,0x00,0x1B,0x02,0x91,0x00,0x00,0x00,
    0x09,0x00,0x00,0x00,0x13,0x00,0x1B,0x02,0x95,0x00,0x00,0x00,0x09,0x00,0x00,0x00,0x13,0x00,0x1B,0x02,0x99,0x00,0x00,0x00,
    0x09,0x00,0x00,0x00,0x13,0x00,0x1B,0x02,0x9D,0x00,0x00,0x00,0x09,0x00,0x00,0x00,0x13,0x00,0x1B,0x02,0xA1,0x00,0x00,0x00,
    0x09,0x00,0x00,0x00,0x13,0x00,0x1B,0x02,0xA5,0x00,0x00,0x00,0x09,0x00,0x00,0x00,0x13,0x00,0x1B,0x02,0xA9,0x00,0x00,0x00,
    0x09,0x00,0x00,0x00,0x13,0x00,0x1B,0x02,0xAD,0x00,0x00,0x00,0x09,0x00,0x00,0x00,0x13,0x00,0x1B,0x02,0xB1,0x00,0x00,0x00,
    0x09,0x00,0x00,0x00,0x13,0x00,0x1B,0x02,0xB5,0x00,0x00,0x00,0x09,0x00,0x00,0x00,0x13,0x00,0x1B,0x02,0xB9,0x00,0x00,0x00,
    0x09,0x00,0x00,0x00,0x13,0x00,0x1B,0x02,0xBD,0x00,0x00,0x00,0x09,0x00,0x00,0x00,0x13,0x00,0x1B,0x02,0xC1,0x00,0x00,0x00,
    0x09,0x00,0x00,0x00,0x13,0x00,0x1B,0x02,0xC5,0x00,0x00,0x00,0x09,0x00,0x00,0x00,0x13,0x00,0x1B,0x02,0xC9,0x00,0x00,0x00,
    0x09,0x00,0x00,0x00,0x13,0x00,0x1B,0x02,0xCD,0x00,0x00,0x00,0x09,0x00,0x00,0x00,0x01,0x00,0x1B,0x00,0xFB,0x00,0x00,0x00,
    0x09,0x00,0x00,0x00,0x01,0x00,0x1B,0x00,0x4E,0x00,0x00,0x00,0x09,0x00,0x00,0x00,0x01,0x00,0x1B,0x00,0xBA,0x00,0x00,0x00,
    0x09,0x00,0x00,0x00,0x01,0x00,0x1B,0x00,0xBC,0x00,0x00,0x00,0x09,0x00,0x00,0x00,0x01,0x00,0x1B,0x00,0xBE,0x00,0x00,0x00,
    0x09,0x00,0x00,0x00,0x01,0x00,0x1B,0x00,0xC0,0x00,0x00,0x00,0x09,0x00,0x00,0x00,0x01,0x00,0x1B,0x00,0xC2,0x00,0x00,0x00,
    0x09,0x00,0x00,0x00,0x01,0x00,0x1B,0x00,0xC4,0x00,0x00,0x00,0x09,0x00,0x00,0x00,0x01,0x00,0x1B,0x00,0xC6,0x00,0x00,0x00,
    0x09,0x00,0x00,0x00,0x01,0x00,0x1B,0x00,0xC8,0x00,0x00,0x00,0x09,0x00,0x00,0x00,0x01,0x00,0x1B,0x00,0xCA,0x00,0x00,0x00,
    0x09,0x00,0x00,0x00,0x01,0x00,0x1B,0x00,0xCC,0x00,0x00,0x00,0x09,0x00,0x00,0x00,0x01,0x00,0x1B,0x00,0xCE,0x00,0x00,0x00,
    0x09,0x00,0x00,0x00,0x01,0x00,0x1B,0x00,0xD0,0x00,0x00,0x00,0x09,0x00,0x00,0x00,0x01,0x00,0x1B,0x00,0xD2,0x00,0x00,0x00,
    0x09,0x00,0x00,0x00,0x01,0x00,0x1B,0x00,0xE3,0x00,0x00,0x00,0x09,0x00,0x00,0x00,0x01,0x00,0x1B,0x00,0xE6,0x00,0x00,0x00,
    0x09,0x00,0x00,0x00,0x01,0x00,0x1B,0x00,0xE9,0x00,0x00,0x00,0x09,0x00,0x00,0x00,0x01,0x00,0x1B,0x00,0xEC,0x00,0x00,0x00,
    0x09,0x00,0x00,0x00,0x01,0x00,0x1B,0x00,0xEF,0x00,0x00,0x00,0x09,0x00,0x00,0x00,0x01,0x00,0x1B,0x00,0xF2,0x00,0x00,0x00,
    0x09,0x00,0x00,0x00,0x01,0x00,0x1B,0x00,0xF5,0x00,0x00,0x00,0x09,0x00,0x00,0x00,0x01,0x00,0x1B,0x00,0xF8,0x00,0x00,0x00,
    0x09,0x00,0x00,0x00,0x01,0x00,0x1B,0x00,0xFE,0x00,0x00,0x00,0x09,0x00,0x00,0x00,0x01,0x00,0x1B,0x01,0x01,0x00,0x00,0x00,
    0x09,0x00,0x00,0x00,0x01,0x00,0x1B,0x01,0x04,0x00,0x00,0x00,0x09,0x00,0x00,0x00,0x01,0x00,0x1B,0x01,0x07,0x00,0x00,0x00,
    0x09,0x00,0x00,0x00,0x01,0x00,0x1B,0x01,0x0A,0x00,0x00,0x00,0x09,0x00,0x00,0x00,0x01,0x00,0x1B,0x01,0x0D,0x00,0x00,0x00,
    0x09,0x00,0x00,0x00,0x01,0x00,0x1B,0x01,0x10,0x00,0x00,0x00,0x09,0x00,0x00,0x00,0x01,0x00,0x1B,0x01,0x13,0x00,0x00,0x00,
    0x09,0x00,0x00,0x00,0x01,0x00,0x1B,0x01,0x16,0x00,0x00,0x00,0x09,0x00,0x00,0x00,0x01,0x00,0x1B,0x04,0x3E,0x00,0x00,0x00,
    0x09,0x00,0x00,0x00,0x01,0x00,0x1B,0x04,0x3F,0x00,0x00,0x00,0x21,0x00,0x00,0x00,0x02,0x41,0x63,0x74,0x69,0x76,0x61,0x74,
    0x65,0x20,0x4D,0x61,0x7A,0x65,0x20,0x43,0x75,0x74,0x73,0x63,0x65,0x6E,0x65,0x20,0x53,0x6B,0x69,0x70,0x00,0x01,0x05,0x00,
    0x15,0x00,0x1B,0x00,0x17,0x00,0x01,0x00,0x00,0x00,0x09,0x00,0x00,0x00,0x04,0x00,0x1B,0x03,0x49,0x00,0x00,0x00,0x11,0x00,
    0x00,0x00,0x02,0x52,0x65,0x2D,0x43,0x75,0x74,0x73,0x63,0x65,0x6E,0x65,0x00,0x01,0x05,0x00,0x0F,0x00,0x1B,0x00,0x0F,0x00,
    0x00,0x00,0x00,0x00,0x9E,0x00,0x00,0x00,0x23,0x53,0x70,0x61,0x77,0x6E,0x50,0x6F,0x69,0x6E,0x74,0x00,0x43,0x24,0xBE,0x8C,
    0x41,0xAA,0xAD,0x77,0xC2,0xC6,0x5F,0xB1,0x00,0x00,0x00,0x00,0x00,0x00,0x00,0x00,0x00,0x00,0x00,0x00,0x00,0x00,0x00,0x00,
    0x00,0x00,0x00,0x00,0x00,0x00,0x00,0x00,0x00,0x00,0x00,0x00,0x00,0x00,0x00,0x00,0x00,0x00,0x00,0x00,0x00,0x00,0x00,0x00,
    0x00,0x00,0x00,0x00,0x00,0x00,0x00,0x00,0x00,0x00,0x00,0x00,0x00,0x00,0x00,0x00,0x00,0x00,0x00,0x00,0x00,0x00,0x00,0x00,
    0x00,0x00,0x00,0x00,0x00,0x00,0x00,0x00,0x00,0x00,0x00,0x00,0x00,0x00,0x00,0x00,0x00,0x00,0x00,0x00,0x00,0x00,0x00,0x00,
    0x00,0x00,0x00,0x00,0x00,0x00,0x00,0x00,0x00,0x00,0x00,0x00,0x00,0x00,0x00,0x00,0x00,0x00,0x00,0x00,0x00,0x00,0x00,0x00,
    0x00,0x00,0x00,0x00,0x00,0x00,0x00,0x00,0x00,0x00,0x00,0x00,0x00,0x00,0x00,0x00,0x00,0x01,0x01,0x05,0x00,0x3A,0x00,0x1B,
    0x00,0x0B,0x00,0x0E,0x00,0x00,0x00,0x09,0x00,0x00,0x00,0x0D,0x00,0x1B,0x00,0x09,0x00,0x00,0x00,0x09,0x00,0x00,0x00,0x04,
    0x00,0x1B,0x05,0x90,0x00,0x00,0x00,0x09,0x00,0x00,0x00,0x04,0x00,0x1B,0x05,0x9B,0x00,0x00,0x00,0x09,0x00,0x00,0x00,0x04,
    0x00,0x1B,0x03,0x32,0x00,0x00,0x00,0x09,0x00,0x00,0x00,0x0F,0x00,0x1B,0x03,0x3C,0x00,0x00,0x00,0x09,0x00,0x00,0x00,0x0D,
    0x00,0x1B,0x03,0x05,0x00,0x00,0x00,0x09,0x00,0x00,0x00,0x01,0x00,0x1B,0x06,0x86,0x00,0x00,0x00,0x09,0x00,0x00,0x00,0x14,
    0x00,0x1B,0x05,0xCB,0x00,0x00,0x00,0x09,0x00,0x00,0x00,0x04,0x00,0x1B,0x03,0x32,0x00,0x00,0x00,0x09,0x00,0x00,0x00,0x05,
    0x00,0x1B,0x03,0x48,0x00,0x00,0x00,0x09,0x00,0x00,0x00,0x0F,0x00,0x1B,0x03,0xF8,0x00,0x00,0x00,0x09,0x00,0x00,0x00,0x0D,
    0x00,0x1B,0x06,0x88,0x00,0x00,0x00,0x09,0x00,0x00,0x00,0x04,0x00,0x1B,0x05,0x79,0x00,0x00,0x00,0x09,0x00,0x00,0x00,0x0D,
    0x00,0x1B,0x00,0x10,0x00,0x00,0x00,0x69,0x00,0x00,0x00,0x0F,0x53,0x70,0x65,0x63,0x69,0x61,0x6C,0x46,0x75,0x6E,0x63,0x74,
    0x69,0x6F,0x6E,0x20,0x43,0x69,0x6E,0x65,0x6D,0x61,0x74,0x69,0x63,0x20,0x53,0x6B,0x69,0x70,0x00,0x00,0x00,0x00,0x00,0x00,
    0x00,0x00,0x00,0x00,0x00,0x00,0x00,0x00,0x00,0x00,0x00,0x00,0x00,0x00,0x00,0x00,0x00,0x00,0x00,0x00,0x00,0x00,0x0F,0x00,
    0x00,0x00,0x00,0x00,0x00,0x00,0x00,0x00,0x00,0x00,0x00,0x00,0xFF,0xFF,0xFF,0xFF,0xFF,0xFF,0xFF,0xFF,0x00,0x00,0x00,0x00,
    0x01,0x00,0x00,0x00,0x00,0xFF,0xFF,0xFF,0xFF,0xFF,0xFF,0xFF,0xFF,0xFF,0xFF,0xFF,0xFF,0x05,0x00,0x3A,0x00,0x1B,0x00,0x0D,
    0x00,0x12,0x00,0x00,0x00,0x09,0x00,0x00,0x00,0x0D,0x00,0x1B,0x05,0x68,0x00,0x00,0x00,0x09,0x00,0x00,0x00,0x01,0x00,0x1B,
    0x03,0x49,0x00,0x00,0x00,0x09,0x00,0x00,0x00,0x0D,0x00,0x1B,0x00,0x17,0x00,0x00,0x00,0x09,0x00,0x00,0x00,0x0F,0x00,0x1B,
    0x03,0x51,0x00,0x00,0x00,0x09,0x00,0x00,0x00,0x0F,0x00,0x1B,0x03,0x53,0x00,0x00,0x00,0x09,0x00,0x00,0x00,0x0D,0x00,0x1B,
    0x03,0xFA,0x00,0x00,0x00,0x09,0x00,0x00,0x00,0x0F,0x00,0x1B,0x03,0x58,0x00,0x00,0x00,0x09,0x00,0x00,0x00,0x0F,0x00,0x1B,
    0x03,0x59,0x00,0x00,0x00,0x09,0x00,0x00,0x00,0x0F,0x00,0x1B,0x06,0x94,0x00,0x00,0x00,0x09,0x00,0x00,0x00,0x0D,0x00,0x1B,
    0x03,0x2C,0x00,0x00,0x00,0x09,0x00,0x00,0x00,0x07,0x00,0x1B,0x02,0xF3,0x00,0x00,0x00,0x09,0x00,0x00,0x00,0x0D,0x00,0x1B,
    0x00,0x0F,0x00,0x00,0x00,0x09,0x00,0x00,0x00,0x0F,0x00,0x1B,0x03,0x4D,0x00,0x00,0x00,0x09,0x00,0x00,0x00,0x0F,0x00,0x1B,
    0x03,0x4E,0x00,0x00,0x00,0x09,0x00,0x00,0x00,0x0F,0x00,0x1B,0x03,0x4F,0x00,0x00,0x00,0x09,0x00,0x00,0x00,0x0F,0x00,0x1B,
    0x00,0xAE,0x00,0x00,0x00,0x09,0x00,0x00,0x00,0x0F,0x00,0x1B,0x04,0x48,0x00,0x00,0x00,0x09,0x00,0x00,0x00,0x07,0x00,0x1B,
    0x03,0x5B,0x00,0x00,0x00,0x69,0x00,0x00,0x00,0x0F,0x53,0x70,0x65,0x63,0x69,0x61,0x6C,0x46,0x75,0x6E,0x63,0x74,0x69,0x6F,
    0x6E,0x20,0x43,0x69,0x6E,0x65,0x6D,0x61,0x74,0x69,0x63,0x20,0x53,0x6B,0x69,0x70,0x00,0x00,0x00,0x00,0x00,0x00,0x00,0x00,
    0x00,0x00,0x00,0x00,0x00,0x00,0x00,0x00,0x00,0x00,0x00,0x00,0x00,0x00,0x00,0x00,0x00,0x00,0x00,0x00,0x0F,0x00,0x00,0x00,
    0x00,0x00,0x00,0x00,0x00,0x00,0x00,0x00,0x00,0x00,0xFF,0xFF,0xFF,0xFF,0xFF,0xFF,0xFF,0xFF,0x00,0x00,0x00,0x00,0x01,0x00,
    0x00,0x00,0x00,0xFF,0xFF,0xFF,0xFF,0xFF,0xFF,0xFF,0xFF,0xFF,0xFF,0xFF,0xFF,0x03,0x00,0x1B,0x03,0x32,0x00,0x00,0x00,0x05,
    0x00,0x00,0x00,0x05,0x00,0x1B,0x03,0x3E,0x03,0x00,0x1B,0x03,0x32,0x00,0x00,0x00,0x05,0x00,0x00,0x00,0x05,0x00,0x1B,0x03,
    0x48,0x03,0x00,0x1B,0x03,0x32,0x00,0x00,0x00,0x05,0x00,0x00,0x00,0x0D,0x00,0x1B,0x06,0x88,0x03,0x00,0x1B,0x03,0x49,0x00,
    0x00,0x00,0x00,0x00,0x00,0x00,0x07,0x00,0x1B,0x03,0x3E,0x03,0x00,0x1B,0x03,0x49,0x00,0x00,0x00,0x05,0x00,0x00,0x00,0x05,
    0x00,0x1B,0x03,0x3E,0x03,0x00,0x1B,0x05,0x9B,0x00,0x00,0x00,0x00,0x00,0x00,0x00,0x04,0x04,0x1B,0x05,0x42,0x03,0x00,0x1B,
    0x05,0x9B,0x00,0x00,0x00,0x00,0x00,0x00,0x00,0x01,0x04,0x1B,0x05,0x90,0x03,0x00,0x1B,0x05,0x9B,0x00,0x00,0x00,0x00,0x00,
    0x00,0x00,0x01,0x04,0x1B,0x05,0x8F,0x03,0x00,0x1B,0x05,0x9B,0x00,0x00,0x00,0x00,0x00,0x00,0x00,0x07,0x00,0x1B,0x03,0x3E,
    0x03,0x00,0x1B,0x05,0x9B,0x00,0x00,0x00,0x00,0x00,0x00,0x00,0x07,0x00,0x1B,0x05,0xA1,0x03,0x04,0x1B,0x05,0x42,0x00,0x00,
    0x00,0x14,0x00,0x00,0x00,0x01,0x00,0x1B,0x05,0x9B,0x04,0x00,0x1B,0x03,0x2C,0x00,0x00,0x00,0x09,0x00,0x00,0x00,0x04,0x00,
    0x1B,0x03,0x2C,0x04,0x00,0x1B,0x03,0x32,0x00,0x00,0x00,0x05,0x00,0x00,0x00,0x0D,0x00,0x1B,0x00,0x09,0x04,0x00,0x1B,0x03,
    0x50,0x00,0x00,0x00,0x09,0x00,0x00,0x00,0x07,0x00,0x1B,0x00,0x0D,0x04,0x00,0x1B,0x03,0x50,0x00,0x00,0x00,0x09,0x00,0x00,
    0x00,0x07,0x00,0x1B,0x03,0x3E,0x04,0x00,0x1B,0x03,0xF8,0x00,0x00,0x00,0x09,0x00,0x00,0x00,0x04,0x00,0x1B,0x00,0x10,0x04,
    0x00,0x1B,0x05,0x68,0x00,0x00,0x00,0x09,0x00,0x00,0x00,0x05,0x00,0x1B,0x00,0x0D,0x04,0x00,0x1B,0x05,0x68,0x00,0x00,0x00,
    0x09,0x00,0x00,0x00,0x05,0x00,0x1B,0x03,0x3E,0x04,0x00,0x1B,0x05,0x68,0x00,0x00,0x00,0x09,0x00,0x00,0x00,0x05,0x00,0x1B,
    0x06,0x89,0x04,0x04,0x1B,0x05,0x42,0x00,0x00,0x00,0x14,0x00,0x00,0x00,0x0D,0x00,0x1B,0x00,0x08,0x04,0x04,0x1B,0x05,0x42,
    0x00,0x00,0x00,0x14,0x00,0x00,0x00,0x0D,0x00,0x1B,0x06,0x5D,
};

// Landing Site intro skip, applied after kSkipRooms' entry.
static const unsigned char kLandingOps[] = {
    0x05,0x00,0x05,0x00,0x00,0x02,0xCC,0x00,0x01,0x00,0x00,0x00,0x09,0x00,0x00,0x00,0x0D,0x00,0x00,0x01,0xF4,0x00,0x00,0x00,
    0x18,0x00,0x00,0x00,0x06,0x6D,0x79,0x5F,0x74,0x69,0x6D,0x65,0x72,0x00,0x3F,0x19,0x99,0x9A,0x00,0x00,0x00,0x00,0x00,0x00,
    0x01,0x05,0x00,0x05,0x00,0x00,0x02,0xCD,0x00,0x01,0x00,0x00,0x00,0x09,0x00,0x00,0x00,0x04,0x00,0x00,0x01,0xF2,0x00,0x00,
    0x00,0x18,0x00,0x00,0x00,0x06,0x6D,0x79,0x5F,0x74,0x69,0x6D,0x65,0x72,0x00,0x3C,0xA3,0xD7,0x0A,0x00,0x00,0x00,0x00,0x00,
    0x01,0x01,0x02,0x00,0x00,0x00,0xDD,0x00,0x00,0x00,0x01,0x00,0x3C,0x00,0x01,0x00,0x02,0x00,0x00,0x01,0x41,0x00,0x00,0x00,
    0x01,0x00,0xCD,0x00,0x01,0x01,0x02,0x00,0x00,0x01,0xCF,0x00,0x00,0x00,0x01,0x01,0x55,0x00,0x01,0x01,0x02,0x00,0x00,0x01,
    0xE4,0x00,0x00,0x00,0x01,0x00,0x2F,0x00,0x01,0x01,0x02,0x00,0x00,0x01,0xF2,0x00,0x00,0x00,0x01,0x00,0x3C,0x00,0x01,0x01,
    0x02,0x00,0x00,0x01,0xF4,0x00,0x00,0x00,0x01,0x00,0x00,0x00,0x01,0x01,0x03,0x00,0x00,0x01,0xCE,0x00,0x00,0x00,0x01,0x00,
    0x00,0x00,0x0D,0x00,0x00,0x01,0xF4,0x03,0x00,0x00,0x01,0xCE,0x00,0x00,0x00,0x01,0x00,0x00,0x00,0x04,0x00,0x00,0x01,0xF2,
    0x03,0x00,0x00,0x01,0xF2,0x00,0x00,0x00,0x03,0x00,0x00,0x00,0x01,0x00,0x00,0x01,0xF4,0x04,0x00,0x00,0x01,0xF2,0x00,0x00,
    0x00,0x03,0x00,0x00,0x00,0x0B,0x00,0x00,0x02,0xCC,0x04,0x00,0x00,0x01,0xF2,0x00,0x00,0x00,0x03,0x00,0x00,0x00,0x01,0x00,
    0x00,0x01,0xCE,
};

// GM8P01: the rooms whose USA stream above misses or differs there.
static const SkipRoom kSkipRoomsPal[] = {
    {0x21B4BFF6, 0, 51},
    {0x2398E906, 51, 3405},
    {0x3C785450, 3456, 1675},
    {0x40C548E9, 5131, 982},
    {0x4148F7B0, 6113, 867},
    {0x70181194, 6980, 1766},
    {0x8A97BB54, 8746, 2347},
    {0x956F1552, 11093, 402},
    {0xB51FCE29, 11495, 638},
    {0xBDB1FCAC, 12133, 119},
    {0xC50AF17A, 12252, 1446},
    {0xC5DE3C06, 13698, 119},
    {0xCDE604F0, 13817, 34},
    {0xD1241219, 13851, 977},
    {0xFB54A0CB, 14828, 8262},
};

static const unsigned char kSkipOpsPal[] = {
    0x04,0x00,0x33,0x02,0xCD,0x00,0x00,0x00,0x03,0x00,0x00,0x00,0x0D,0x00,0x33,0x03,0x53,0x04,0x10,0x33,0x03,0x17,0x00,0x00,
    0x00,0x03,0x00,0x00,0x00,0x0D,0x00,0x33,0x00,0x01,0x04,0x10,0x33,0x03,0x37,0x00,0x00,0x00,0x05,0x00,0x00,0x00,0x0D,0x00,
    0x33,0x00,0x02,0x05,0x00,0x15,0x00,0x10,0x00,0x14,0x00,0x03,0x00,0x00,0x00,0x09,0x00,0x00,0x00,0x05,0x00,0x10,0x00,0x15,
    0x00,0x00,0x00,0x09,0x00,0x00,0x00,0x04,0x00,0x10,0x02,0xB8,0x00,0x00,0x00,0x09,0x00,0x00,0x00,0x05,0x00,0x10,0x02,0xB9,
    0x00,0x00,0x00,0x1B,0x00,0x00,0x00,0x02,0x45,0x6E,0x64,0x20,0x41,0x72,0x72,0x69,0x76,0x69,0x6E,0x67,0x20,0x43,0x75,0x74,
    0x73,0x63,0x65,0x6E,0x65,0x00,0x01,0x05,0x00,0x3A,0x00,0x10,0x00,0x13,0x00,0x05,0x00,0x00,0x00,0x09,0x00,0x00,0x00,0x10,
    0x00,0x10,0x02,0xD9,0x00,0x00,0x00,0x09,0x00,0x00,0x00,0x0E,0x00,0x18,0x00,0x55,0x00,0x00,0x00,0x09,0x00,0x00,0x00,0x01,
    0x00,0x10,0x05,0x8A,0x00,0x00,0x00,0x09,0x00,0x00,0x00,0x07,0x00,0x00,0xA4,0x55,0x00,0x00,0x00,0x09,0x00,0x00,0x00,0x04,
    0x00,0x10,0x02,0xCF,0x00,0x00,0x00,0x60,0x00,0x00,0x00,0x0F,0x4C,0x65,0x61,0x76,0x69,0x6E,0x67,0x20,0x43,0x75,0x74,0x73,
    0x63,0x65,0x6E,0x65,0x20,0x53,0x6B,0x69,0x70,0x00,0x00,0x00,0x00,0x00,0x00,0x00,0x00,0x00,0x00,0x00,0x00,0x00,0x00,0x00,
    0x00,0x00,0x00,0x00,0x00,0x00,0x00,0x00,0x00,0x00,0x00,0x00,0x00,0x0F,0x00,0x00,0x00,0x00,0x00,0x00,0x00,0x00,0x00,0x00,
    0x00,0x00,0x00,0xFF,0xFF,0xFF,0xFF,0xFF,0xFF,0xFF,0xFF,0x00,0x00,0x00,0x00,0x01,0x00,0x00,0x00,0x00,0xFF,0xFF,0xFF,0xFF,
    0xFF,0xFF,0xFF,0xFF,0xFF,0xFF,0xFF,0xFF,0x05,0x00,0x3A,0x00,0x10,0x00,0x15,0x00,0x05,0x00,0x00,0x00,0x09,0x00,0x00,0x00,
    0x04,0x00,0x10,0x02,0xC0,0x00,0x00,0x00,0x09,0x00,0x00,0x00,0x0D,0x00,0x10,0x02,0xC4,0x00,0x00,0x00,0x09,0x00,0x00,0x00,
    0x04,0x00,0x10,0x02,0xC1,0x00,0x00,0x00,0x09,0x00,0x00,0x00,0x0D,0x00,0x10,0x02,0xC2,0x00,0x00,0x00,0x09,0x00,0x00,0x00,
    0x0D,0x00,0x10,0x00,0x14,0x00,0x00,0x00,0x61,0x00,0x00,0x00,0x0F,0x41,0x72,0x72,0x69,0x76,0x69,0x6E,0x67,0x20,0x43,0x75,
    0x74,0x73,0x63,0x65,0x6E,0x65,0x20,0x53,0x6B,0x69,0x70,0x00,0x00,0x00,0x00,0x00,0x00,0x00,0x00,0x00,0x00,0x00,0x00,0x00,
    0x00,0x00,0x00,0x00,0x00,0x00,0x00,0x00,0x00,0x00,0x00,0x00,0x00,0x00,0x00,0x0F,0x00,0x00,0x00,0x00,0x00,0x00,0x00,0x00,
    0x00,0x00,0x00,0x00,0x00,0xFF,0xFF,0xFF,0xFF,0xFF,0xFF,0xFF,0xFF,0x00,0x00,0x00,0x00,0x01,0x00,0x00,0x00,0x00,0xFF,0xFF,
    0xFF,0xFF,0xFF,0xFF,0xFF,0xFF,0xFF,0xFF,0xFF,0xFF,0x05,0x00,0x18,0x00,0x00,0xA4,0x55,0x00,0x00,0x00,0x00,0x00,0x3C,0x00,
    0x00,0x00,0x0A,0x48,0x6F,0x6C,0x64,0x20,0x42,0x6C,0x61,0x63,0x6B,0x00,0x01,0x00,0x00,0x00,0x01,0x00,0x00,0x00,0x00,0x00,
    0x00,0x00,0x02,0x00,0x00,0x00,0x00,0x00,0x00,0x00,0x00,0x00,0x00,0x00,0x00,0x00,0x00,0x00,0x00,0x3F,0x80,0x00,0x00,0x00,
    0x00,0x00,0x00,0x3F,0x00,0x00,0x00,0xFF,0xFF,0xFF,0xFF,0x05,0x00,0x05,0x00,0x18,0x00,0x55,0x00,0x01,0x00,0x00,0x00,0x09,
    0x00,0x00,0x00,0x0D,0x00,0x10,0x02,0xDA,0x00,0x00,0x00,0x2B,0x00,0x00,0x00,0x06,0x43,0x75,0x74,0x73,0x63,0x65,0x6E,0x65,
    0x20,0x53,0x6B,0x69,0x70,0x20,0x32,0x20,0x46,0x72,0x61,0x6D,0x65,0x20,0x44,0x65,0x6C,0x61,0x79,0x00,0x3C,0xA3,0xD7,0x0A,
    0x00,0x00,0x00,0x00,0x00,0x00,0x01,0x05,0x01,0x15,0x00,0x10,0x00,0x0D,0x00,0x03,0x00,0x00,0x00,0x09,0x00,0x00,0x00,0x05,
    0x00,0x10,0x00,0x12,0x00,0x00,0x00,0x09,0x00,0x00,0x00,0x05,0x00,0x10,0x04,0xD0,0x00,0x00,0x00,0x09,0x00,0x00,0x00,0x0D,
    0x00,0x10,0x04,0xC0,0x00,0x00,0x00,0x1E,0x00,0x00,0x00,0x02,0x42,0x75,0x72,0x6E,0x20,0x57,0x69,0x6E,0x67,0x73,0x20,0x43,
    0x69,0x6E,0x65,0x6D,0x61,0x74,0x69,0x63,0x20,0x45,0x6E,0x64,0x00,0x01,0x05,0x01,0x15,0x00,0x10,0x00,0x27,0x00,0x0C,0x00,
    0x00,0x00,0x09,0x00,0x00,0x00,0x04,0x00,0x10,0x00,0x11,0x00,0x00,0x00,0x09,0x00,0x00,0x00,0x04,0x00,0x10,0x00,0x24,0x00,
    0x00,0x00,0x09,0x00,0x00,0x00,0x04,0x00,0x10,0x00,0x37,0x00,0x00,0x00,0x09,0x00,0x00,0x00,0x04,0x00,0x10,0x00,0x4A,0x00,
    0x00,0x00,0x09,0x00,0x00,0x00,0x04,0x00,0x10,0x00,0x5D,0x00,0x00,0x00,0x09,0x00,0x00,0x00,0x04,0x00,0x10,0x00,0x70,0x00,
    0x00,0x00,0x09,0x00,0x00,0x00,0x04,0x00,0x10,0x00,0x83,0x00,0x00,0x00,0x09,0x00,0x00,0x00,0x04,0x00,0x10,0x00,0x96,0x00,
    0x00,0x00,0x09,0x00,0x00,0x00,0x04,0x00,0x10,0x00,0xA9,0x00,0x00,0x00,0x09,0x00,0x00,0x00,0x04,0x00,0x10,0x00,0xBC,0x00,
    0x00,0x00,0x09,0x00,0x00,0x00,0x04,0x00,0x10,0x00,0xCF,0x00,0x00,0x00,0x09,0x00,0x00,0x00,0x04,0x00,0x10,0x00,0xE2,0x00,
    0x00,0x00,0x14,0x00,0x00,0x00,0x02,0x4E,0x75,0x6B,0x65,0x20,0x4D,0x6F,0x6E,0x6F,0x6C,0x69,0x74,0x68,0x73,0x00,0x00,0x05,
    0x01,0x3A,0x00,0x10,0x00,0x0C,0x00,0x5F,0x00,0x00,0x00,0x09,0x00,0x00,0x00,0x0D,0x00,0x10,0x02,0x8F,0x00,0x00,0x00,0x09,
    0x00,0x00,0x00,0x0D,0x00,0x10,0x05,0x41,0x00,0x00,0x00,0x09,0x00,0x00,0x00,0x04,0x00,0x10,0x02,0x8D,0x00,0x00,0x00,0x09,
    0x00,0x00,0x00,0x04,0x00,0x10,0x02,0x8C,0x00,0x00,0x00,0x09,0x00,0x00,0x00,0x04,0x00,0x10,0x04,0x43,0x00,0x00,0x00,0x09,
    0x00,0x00,0x00,0x04,0x00,0x10,0x04,0x3F,0x00,0x00,0x00,0x09,0x00,0x00,0x00,0x05,0x00,0x10,0x04,0x86,0x00,0x00,0x00,0x09,
    0x00,0x00,0x00,0x04,0x00,0x10,0x02,0x90,0x00,0x00,0x00,0x09,0x00,0x00,0x00,0x04,0x00,0x10,0x02,0xE5,0x00,0x00,0x00,0x09,
    0x00,0x00,0x00,0x0F,0x00,0x10,0x05,0x56,0x00,0x00,0x00,0x09,0x00,0x00,0x00,0x04,0x00,0x10,0x02,0x91,0x00,0x00,0x00,0x09,
    0x00,0x00,0x00,0x04,0x00,0x10,0x02,0xE8,0x00,0x00,0x00,0x09,0x00,0x00,0x00,0x0F,0x00,0x10,0x05,0x54,0x00,0x00,0x00,0x09,
    0x00,0x00,0x00,0x04,0x00,0x10,0x02,0x92,0x00,0x00,0x00,0x09,0x00,0x00,0x00,0x04,0x00,0x10,0x02,0xE9,0x00,0x00,0x00,0x09,
    0x00,0x00,0x00,0x0F,0x00,0x10,0x05,0x55,0x00,0x00,0x00,0x09,0x00,0x00,0x00,0x0F,0x00,0x10,0x05,0x6E,0x00,0x00,0x00,0x09,
    0x00,0x00,0x00,0x04,0x00,0x10,0x02,0x93,0x00,0x00,0x00,0x09,0x00,0x00,0x00,0x04,0x00,0x10,0x02,0xEA,0x00,0x00,0x00,0x09,
    0x00,0x00,0x00,0x04,0x00,0x10,0x02,0xEB,0x00,0x00,0x00,0x09,0x00,0x00,0x00,0x04,0x00,0x10,0x02,0x94,0x00,0x00,0x00,0x09,
    0x00,0x00,0x00,0x04,0x00,0x10,0x02,0xE1,0x00,0x00,0x00,0x09,0x00,0x00,0x00,0x04,0x00,0x10,0x05,0x3F,0x00,0x00,0x00,0x09,
    0x00,0x00,0x00,0x04,0x00,0x10,0x05,0x06,0x00,0x00,0x00,0x09,0x00,0x00,0x00,0x0F,0x00,0x10,0x03,0x06,0x00,0x00,0x00,0x09,
    0x00,0x00,0x00,0x0F,0x00,0x10,0x02,0xF6,0x00,0x00,0x00,0x09,0x00,0x00,0x00,0x0F,0x00,0x10,0x05,0x59,0x00,0x00,0x00,0x09,
    0x00,0x00,0x00,0x0F,0x00,0x10,0x05,0x58,0x00,0x00,0x00,0x09,0x00,0x00,0x00,0x0F,0x00,0x10,0x05,0x57,0x00,0x00,0x00,0x09,
    0x00,0x00,0x00,0x0F,0x00,0x10,0x03,0x07,0x00,0x00,0x00,0x09,0x00,0x00,0x00,0x04,0x00,0x10,0x03,0x08,0x00,0x00,0x00,0x09,
    0x00,0x00,0x00,0x0F,0x00,0x10,0x05,0x69,0x00,0x00,0x00,0x09,0x00,0x00,0x00,0x0F,0x00,0x10,0x05,0x68,0x00,0x00,0x00,0x09,
    0x00,0x00,0x00,0x0F,0x00,0x10,0x05,0x67,0x00,0x00,0x00,0x09,0x00,0x00,0x00,0x04,0x00,0x10,0x03,0x03,0x00,0x00,0x00,0x09,
    0x00,0x00,0x00,0x04,0x00,0x10,0x03,0x04,0x00,0x00,0x00,0x09,0x00,0x00,0x00,0x04,0x00,0x10,0x03,0x02,0x00,0x00,0x00,0x09,
    0x00,0x00,0x00,0x04,0x00,0x10,0x03,0x05,0x00,0x00,0x00,0x09,0x00,0x00,0x00,0x04,0x00,0x10,0x02,0xFE,0x00,0x00,0x00,0x09,
    0x00,0x00,0x00,0x04,0x00,0x10,0x04,0x45,0x00,0x00,0x00,0x09,0x00,0x00,0x00,0x04,0x00,0x10,0x03,0x0E,0x00,0x00,0x00,0x09,
    0x00,0x00,0x00,0x0F,0x00,0x10,0x05,0x6C,0x00,0x00,0x00,0x09,0x00,0x00,0x00,0x0F,0x00,0x10,0x05,0x6B,0x00,0x00,0x00,0x09,
    0x00,0x00,0x00,0x04,0x00,0x10,0x04,0x46,0x00,0x00,0x00,0x09,0x00,0x00,0x00,0x04,0x00,0x10,0x04,0x72,0x00,0x00,0x00,0x09,
    0x00,0x00,0x00,0x04,0x00,0x10,0x04,0x88,0x00,0x00,0x00,0x09,0x00,0x00,0x00,0x0F,0x00,0x10,0x04,0xB4,0x00,0x00,0x00,0x09,
    0x00,0x00,0x00,0x0F,0x00,0x10,0x05,0x3E,0x00,0x00,0x00,0x09,0x00,0x00,0x00,0x04,0x00,0x10,0x05,0x3D,0x00,0x00,0x00,0x09,
    0x00,0x00,0x00,0x04,0x00,0x10,0x04,0xB5,0x00,0x00,0x00,0x09,0x00,0x00,0x00,0x04,0x00,0x10,0x05,0x2B,0x00,0x00,0x00,0x09,
    0x00,0x00,0x00,0x0F,0x00,0x10,0x05,0x70,0x00,0x00,0x00,0x09,0x00,0x00,0x00,0x04,0x00,0x10,0x04,0x47,0x00,0x00,0x00,0x09,
    0x00,0x00,0x00,0x04,0x00,0x10,0x05,0x2C,0x00,0x00,0x00,0x09,0x00,0x00,0x00,0x04,0x00,0x10,0x05,0x2D,0x00,0x00,0x00,0x09,
    0x00,0x00,0x00,0x04,0x00,0x10,0x05,0x42,0x00,0x00,0x00,0x09,0x00,0x00,0x00,0x04,0x00,0x10,0x04,0xA5,0x00,0x00,0x00,0x09,
    0x00,0x00,0x00,0x04,0x00,0x10,0x05,0x2E,0x00,0x00,0x00,0x09,0x00,0x00,0x00,0x0F,0x00,0x10,0x05,0x05,0x00,0x00,0x00,0x09,
    0x00,0x00,0x00,0x0F,0x00,0x10,0x05,0x04,0x00,0x00,0x00,0x09,0x00,0x00,0x00,0x0F,0x00,0x10,0x04,0xB3,0x00,0x00,0x00,0x09,
    0x00,0x00,0x00,0x04,0x00,0x10,0x05,0x08,0x00,0x00,0x00,0x09,0x00,0x00,0x00,0x04,0x00,0x10,0x05,0x0F,0x00,0x00,0x00,0x09,
    0x00,0x00,0x00,0x04,0x00,0x10,0x05,0x10,0x00,0x00,0x00,0x09,0x00,0x00,0x00,0x0F,0x00,0x10,0x05,0x31,0x00,0x00,0x00,0x09,
    0x00,0x00,0x00,0x0B,0x00,0x10,0x03,0x9A,0x00,0x00,0x00,0x09,0x00,0x00,0x00,0x0B,0x00,0x10,0x05,0x12,0x00,0x00,0x00,0x09,
    0x00,0x00,0x00,0x0F,0x00,0x10,0x05,0x3C,0x00,0x00,0x00,0x09,0x00,0x00,0x00,0x04,0x00,0x10,0x05,0x3B,0x00,0x00,0x00,0x09,
    0x00,0x00,0x00,0x04,0x00,0x10,0x05,0x2F,0x00,0x00,0x00,0x09,0x00,0x00,0x00,0x0F,0x00,0x10,0x05,0x4A,0x00,0x00,0x00,0x09,
    0x00,0x00,0x00,0x14,0x00,0x10,0x03,0x44,0x00,0x00,0x00,0x09,0x00,0x00,0x00,0x14,0x00,0x10,0x05,0x66,0x00,0x00,0x00,0x09,
    0x00,0x00,0x00,0x04,0x00,0x10,0x05,0x6D,0x00,0x00,0x00,0x09,0x00,0x00,0x00,0x0D,0x00,0x10,0x04,0xF5,0x00,0x00,0x00,0x09,
    0x00,0x00,0x00,0x0B,0x00,0x10,0x00,0x19,0x00,0x00,0x00,0x09,0x00,0x00,0x00,0x0D,0x00,0x10,0x05,0x0E,0x00,0x00,0x00,0x09,
    0x00,0x00,0x00,0x0B,0x00,0x10,0x00,0x1A,0x00,0x00,0x00,0x09,0x00,0x00,0x00,0x0D,0x00,0x10,0x00,0x27,0x00,0x00,0x00,0x09,
    0x00,0x00,0x00,0x05,0x00,0x10,0x04,0xA8,0x00,0x00,0x00,0x09,0x00,0x00,0x00,0x05,0x00,0x10,0x04,0xA9,0x00,0x00,0x00,0x09,
    0x00,0x00,0x00,0x05,0x00,0x10,0x04,0xAA,0x00,0x00,0x00,0x09,0x00,0x00,0x00,0x05,0x00,0x10,0x04,0xAB,0x00,0x00,0x00,0x09,
    0x00,0x00,0x00,0x05,0x00,0x10,0x04,0xA6,0x00,0x00,0x00,0x09,0x00,0x00,0x00,0x05,0x00,0x10,0x04,0xA7,0x00,0x00,0x00,0x09,
    0x00,0x00,0x00,0x05,0x00,0x10,0x04,0xB1,0x00,0x00,0x00,0x09,0x00,0x00,0x00,0x05,0x00,0x10,0x04,0xAC,0x00,0x00,0x00,0x09,
    0x00,0x00,0x00,0x05,0x00,0x10,0x04,0xAD,0x00,0x00,0x00,0x09,0x00,0x00,0x00,0x05,0x00,0x10,0x04,0xAE,0x00,0x00,0x00,0x09,
    0x00,0x00,0x00,0x05,0x00,0x10,0x04,0xAF,0x00,0x00,0x00,0x09,0x00,0x00,0x00,0x05,0x00,0x10,0x04,0xB0,0x00,0x00,0x00,0x09,
    0x00,0x00,0x00,0x0F,0x00,0x10,0x04,0xB6,0x00,0x00,0x00,0x09,0x00,0x00,0x00,0x0F,0x00,0x10,0x05,0x47,0x00,0x00,0x00,0x09,
    0x00,0x00,0x00,0x0F,0x00,0x10,0x05,0x48,0x00,0x00,0x00,0x09,0x00,0x00,0x00,0x0F,0x00,0x10,0x05,0x49,0x00,0x00,0x00,0x65,
    0x00,0x00,0x00,0x0F,0x52,0x69,0x64,0x6C,0x65,0x79,0x20,0x44,0x65,0x61,0x74,0x68,0x20,0x43,0x75,0x74,0x73,0x63,0x65,0x6E,
    0x65,0x20,0x53,0x6B,0x69,0x70,0x00,0x00,0x00,0x00,0x00,0x00,0x00,0x00,0x00,0x00,0x00,0x00,0x00,0x00,0x00,0x00,0x00,0x00,
    0x00,0x00,0x00,0x00,0x00,0x00,0x00,0x00,0x00,0x00,0x0F,0x00,0x00,0x00,0x00,0x00,0x00,0x00,0x00,0x00,0x00,0x00,0x00,0x00,
    0xFF,0xFF,0xFF,0xFF,0xFF,0xFF,0xFF,0xFF,0x00,0x00,0x00,0x00,0x01,0x00,0x00,0x00,0x00,0xFF,0xFF,0xFF,0xFF,0xFF,0xFF,0xFF,
    0xFF,0xFF,0xFF,0xFF,0xFF,0x05,0x01,0x3A,0x00,0x10,0x00,0x12,0x00,0x02,0x00,0x00,0x00,0x09,0x00,0x00,0x00,0x0D,0x00,0x10,
    0x00,0x0D,0x00,0x00,0x00,0x09,0x00,0x00,0x00,0x04,0x00,0x10,0x04,0xC1,0x00,0x00,0x00,0x64,0x00,0x00,0x00,0x0F,0x42,0x75,
    0x72,0x6E,0x20,0x57,0x69,0x6E,0x67,0x73,0x20,0x43,0x69,0x6E,0x65,0x6D,0x61,0x74,0x69,0x63,0x20,0x53,0x6B,0x69,0x70,0x00,
    0x00,0x00,0x00,0x00,0x00,0x00,0x00,0x00,0x00,0x00,0x00,0x00,0x00,0x00,0x00,0x00,0x00,0x00,0x00,0x00,0x00,0x00,0x00,0x00,
    0x00,0x00,0x00,0x0F,0x00,0x00,0x00,0x00,0x00,0x00,0x00,0x00,0x00,0x00,0x00,0x00,0x00,0xFF,0xFF,0xFF,0xFF,0xFF,0xFF,0xFF,
    0xFF,0x00,0x00,0x00,0x00,0x01,0x00,0x00,0x00,0x00,0xFF,0xFF,0xFF,0xFF,0xFF,0xFF,0xFF,0xFF,0xFF,0xFF,0xFF,0xFF,0x05,0x01,
    0x08,0x00,0x10,0x01,0x4F,0x00,0x00,0x00,0x00,0x01,0x82,0x00,0x00,0x00,0x13,0x50,0x6C,0x61,0x74,0x66,0x6F,0x72,0x6D,0x20,
    0x53,0x74,0x61,0x67,0x65,0x20,0x31,0x20,0x28,0x49,0x6E,0x74,0x61,0x6E,0x67,0x69,0x62,0x6C,0x65,0x29,0x00,0xC3,0xBA,0xA3,
    0x59,0x42,0x03,0x48,0xA6,0xC2,0x09,0x1D,0x35,0x00,0x00,0x00,0x00,0x00,0x00,0x00,0x00,0xC3,0x33,0xBB,0x93,0x3F,0x80,0x00,
    0x00,0x3F,0x80,0x00,0x00,0x3F,0x80,0x00,0x00,0x3F,0x80,0x00,0x00,0x3F,0x80,0x00,0x00,0x3F,0x80,0x00,0x00,0x00,0x00,0x00,
    0x00,0x00,0x00,0x00,0x00,0xC5,0x9C,0x40,0x00,0xFB,0x87,0x26,0x2C,0xFF,0xFF,0xFF,0xFF,0x00,0x00,0x00,0x00,0xFF,0xFF,0xFF,
    0xFF,0x00,0x00,0x00,0x0E,0x00,0x00,0x00,0x0E,0x01,0x3F,0x80,0x00,0x00,0x00,0x00,0x00,0x00,0x3F,0x80,0x00,0x00,0x41,0xA0,
    0x00,0x00,0x3F,0x80,0x00,0x00,0x3F,0x80,0x00,0x00,0x3F,0x80,0x00,0x00,0x3F,0x80,0x00,0x00,0x01,0x00,0x00,0x00,0x02,0x00,
    0x00,0x00,0x01,0x00,0x00,0x00,0x00,0x00,0x00,0x00,0x00,0x00,0x00,0x00,0x00,0x00,0x00,0x00,0x04,0x00,0x00,0x00,0x04,0x01,
    0x00,0x00,0x00,0x00,0x00,0x00,0x00,0x01,0xFF,0xFF,0xFF,0xFF,0xFF,0xFF,0xFF,0xFF,0xFF,0xFF,0xFF,0xFF,0xFF,0xFF,0xFF,0xFF,
    0xFF,0xFF,0xFF,0xFF,0x01,0x40,0x00,0x00,0x00,0x40,0x00,0x00,0x00,0x00,0x00,0x00,0x03,0x00,0x00,0x00,0x00,0x00,0x0F,0x00,
    0x00,0x00,0x3F,0x80,0x00,0x00,0x3F,0x80,0x00,0x00,0x00,0xFF,0xFF,0xFF,0xFF,0x00,0x00,0x00,0x02,0x42,0x48,0x00,0x00,0x3F,
    0x80,0x00,0x00,0x00,0x00,0x00,0x12,0x00,0x00,0x00,0x03,0x00,0x00,0x00,0x03,0x00,0x00,0x00,0x03,0x00,0x00,0x00,0x03,0x00,
    0x00,0x00,0x03,0x00,0x00,0x00,0x03,0x00,0x00,0x00,0x01,0x00,0x00,0x00,0x03,0x00,0x00,0x00,0x03,0x00,0x00,0x00,0x01,0x00,
    0x00,0x00,0x02,0x00,0x00,0x00,0x02,0x00,0x00,0x00,0x02,0x00,0x00,0x00,0x02,0x00,0x00,0x00,0x02,0x00,0x00,0x00,0x00,0x00,
    0x00,0x00,0x05,0x00,0x00,0x00,0x03,0x00,0x00,0x00,0x03,0x00,0x00,0x00,0x03,0x00,0x00,0x00,0x03,0x00,0x00,0x00,0x00,0x00,
    0x00,0x00,0x05,0x00,0x00,0x00,0x03,0x00,0x00,0x00,0x03,0x00,0x00,0x00,0x03,0x00,0x00,0x00,0x03,0x00,0x00,0x00,0x00,0x00,
    0x3F,0x80,0x00,0x00,0x00,0x00,0x00,0x00,0xC8,0x00,0x00,0x00,0x14,0x05,0x01,0x05,0x00,0x10,0x00,0x19,0x00,0x01,0x00,0x00,
    0x00,0x09,0x00,0x00,0x00,0x04,0x00,0x10,0x04,0xF6,0x00,0x00,0x00,0x23,0x00,0x00,0x00,0x06,0x44,0x65,0x63,0x72,0x65,0x6D,
    0x65,0x6E,0x74,0x20,0x4D,0x6F,0x6E,0x6F,0x6C,0x69,0x74,0x68,0x73,0x00,0x3F,0x00,0x00,0x00,0x00,0x00,0x00,0x00,0x00,0x00,
    0x01,0x05,0x01,0x05,0x00,0x10,0x00,0x1A,0x00,0x0D,0x00,0x00,0x00,0x09,0x00,0x00,0x00,0x04,0x00,0x10,0x00,0x11,0x00,0x00,
    0x00,0x09,0x00,0x00,0x00,0x04,0x00,0x10,0x00,0x24,0x00,0x00,0x00,0x09,0x00,0x00,0x00,0x04,0x00,0x10,0x00,0x37,0x00,0x00,
    0x00,0x09,0x00,0x00,0x00,0x04,0x00,0x10,0x00,0x4A,0x00,0x00,0x00,0x09,0x00,0x00,0x00,0x04,0x00,0x10,0x00,0x5D,0x00,0x00,
    0x00,0x09,0x00,0x00,0x00,0x04,0x00,0x10,0x00,0x70,0x00,0x00,0x00,0x09,0x00,0x00,0x00,0x04,0x00,0x10,0x01,0x4F,0x00,0x00,
    0x00,0x09,0x00,0x00,0x00,0x04,0x00,0x10,0x00,0x83,0x00,0x00,0x00,0x09,0x00,0x00,0x00,0x04,0x00,0x10,0x00,0x96,0x00,0x00,
    0x00,0x09,0x00,0x00,0x00,0x04,0x00,0x10,0x00,0xA9,0x00,0x00,0x00,0x09,0x00,0x00,0x00,0x04,0x00,0x10,0x00,0xBC,0x00,0x00,
    0x00,0x09,0x00,0x00,0x00,0x04,0x00,0x10,0x00,0xCF,0x00,0x00,0x00,0x09,0x00,0x00,0x00,0x04,0x00,0x10,0x00,0xE2,0x00,0x00,
    0x00,0x24,0x00,0x00,0x00,0x06,0x44,0x65,0x61,0x63,0x74,0x69,0x76,0x61,0x74,0x65,0x20,0x4D,0x6F,0x6E,0x6F,0x6C,0x69,0x74,
    0x68,0x73,0x00,0x40,0x00,0x00,0x00,0x00,0x00,0x00,0x00,0x00,0x00,0x01,0x02,0x00,0x10,0x05,0x8A,0x00,0x05,0x48,0x6F,0x6C,
    0x64,0x00,0x00,0x00,0x02,0x38,0x10,0x05,0x0E,0x00,0x00,0x00,0x01,0x00,0x00,0x00,0x01,0x00,0x03,0x38,0x10,0x02,0x8D,0x00,
    0x00,0x00,0x00,0x00,0x00,0x00,0x01,0x38,0x10,0x02,0x8C,0x03,0x38,0x10,0x02,0x8D,0x00,0x00,0x00,0x00,0x00,0x00,0x00,0x07,
    0x38,0x10,0x02,0x96,0x03,0x38,0x10,0x02,0x8D,0x00,0x00,0x00,0x00,0x00,0x00,0x00,0x13,0x38,0x10,0x02,0x9A,0x03,0x38,0x10,
    0x02,0x8D,0x00,0x00,0x00,0x00,0x00,0x00,0x00,0x01,0x38,0x10,0x04,0x43,0x03,0x38,0x10,0x04,0xF5,0x00,0x00,0x00,0x09,0x00,
    0x00,0x00,0x07,0x04,0x10,0x00,0x70,0x03,0x38,0x10,0x04,0xF7,0x00,0x00,0x00,0x12,0x00,0x00,0x00,0x01,0x04,0x10,0x00,0x70,
    0x03,0x38,0x10,0x05,0x0E,0x00,0x00,0x00,0x09,0x00,0x00,0x00,0x05,0x04,0x10,0x00,0x70,0x03,0x38,0x10,0x05,0x2F,0x00,0x00,
    0x00,0x05,0x00,0x00,0x00,0x04,0x38,0x10,0x05,0x11,0x03,0x38,0x10,0x05,0x2F,0x00,0x00,0x00,0x05,0x00,0x00,0x00,0x0D,0x38,
    0x10,0x05,0x2A,0x03,0x38,0x10,0x05,0x2F,0x00,0x00,0x00,0x05,0x00,0x00,0x00,0x05,0x38,0x10,0x02,0x96,0x04,0x00,0x10,0x02,
    0xC7,0x00,0x00,0x00,0x09,0x00,0x00,0x00,0x07,0x00,0x10,0x00,0x13,0x04,0x00,0x10,0x04,0xC1,0x00,0x00,0x00,0x05,0x00,0x00,
    0x00,0x0D,0x00,0x10,0x00,0x0D,0x04,0x00,0x10,0x05,0x9B,0x00,0x00,0x00,0x08,0x00,0x00,0x00,0x07,0x00,0x10,0x00,0x15,0x04,
    0x04,0x10,0x01,0x01,0x00,0x00,0x00,0x14,0x00,0x00,0x00,0x05,0x00,0x10,0x00,0x5F,0x04,0x04,0x10,0x04,0x8F,0x00,0x00,0x00,
    0x09,0x00,0x00,0x00,0x07,0x00,0x10,0x00,0x12,0x04,0x38,0x10,0x02,0x8E,0x00,0x00,0x00,0x09,0x00,0x00,0x00,0x07,0x00,0x10,
    0x00,0x0C,0x04,0x38,0x10,0x02,0x8E,0x00,0x00,0x00,0x09,0x00,0x00,0x00,0x01,0x00,0x10,0x02,0x8C,0x04,0x38,0x10,0x02,0x8E,
    0x00,0x00,0x00,0x09,0x00,0x00,0x00,0x07,0x00,0x10,0x02,0x96,0x04,0x38,0x10,0x02,0x8E,0x00,0x00,0x00,0x09,0x00,0x00,0x00,
    0x13,0x00,0x10,0x02,0x9A,0x04,0x38,0x10,0x02,0x8E,0x00,0x00,0x00,0x09,0x00,0x00,0x00,0x01,0x00,0x10,0x04,0x43,0x04,0x38,
    0x10,0x04,0xF5,0x00,0x00,0x00,0x09,0x00,0x00,0x00,0x04,0x00,0x10,0x00,0x70,0x04,0x38,0x10,0x04,0xF5,0x00,0x00,0x00,0x09,
    0x00,0x00,0x00,0x07,0x00,0x10,0x01,0x4F,0x04,0x38,0x10,0x04,0xF7,0x00,0x00,0x00,0x12,0x00,0x00,0x00,0x01,0x00,0x10,0x01,
    0x4F,0x04,0x38,0x10,0x05,0x04,0x00,0x00,0x00,0x09,0x00,0x00,0x00,0x01,0x00,0x10,0x05,0x0E,0x04,0x38,0x10,0x05,0x05,0x00,
    0x00,0x00,0x09,0x00,0x00,0x00,0x01,0x00,0x10,0x00,0x27,0x04,0x38,0x10,0x05,0x0E,0x00,0x00,0x00,0x09,0x00,0x00,0x00,0x05,
    0x00,0x10,0x01,0x4F,0x04,0x38,0x10,0x05,0x41,0x00,0x00,0x00,0x09,0x00,0x00,0x00,0x05,0x00,0x10,0x00,0x0C,0x04,0x38,0x10,
    0x05,0x41,0x00,0x00,0x00,0x09,0x00,0x00,0x00,0x04,0x00,0x10,0x05,0x11,0x04,0x38,0x10,0x05,0x41,0x00,0x00,0x00,0x09,0x00,
    0x00,0x00,0x0D,0x00,0x10,0x05,0x2A,0x04,0x38,0x10,0x05,0x41,0x00,0x00,0x00,0x09,0x00,0x00,0x00,0x05,0x00,0x10,0x02,0x96,
    0x05,0x00,0x15,0x00,0x09,0x00,0x05,0x00,0x04,0x00,0x00,0x00,0x09,0x00,0x00,0x00,0x07,0x00,0x09,0x00,0x07,0x00,0x00,0x00,
    0x09,0x00,0x00,0x00,0x01,0x00,0x09,0x28,0xC6,0x00,0x00,0x00,0x09,0x00,0x00,0x00,0x07,0x00,0x09,0x01,0x25,0x00,0x00,0x00,
    0x09,0x00,0x00,0x00,0x0D,0x00,0x09,0x28,0xCD,0x00,0x00,0x00,0x1B,0x00,0x00,0x00,0x02,0x42,0x65,0x65,0x74,0x6C,0x65,0x20,
    0x43,0x75,0x74,0x73,0x63,0x65,0x6E,0x65,0x20,0x53,0x74,0x61,0x72,0x74,0x00,0x01,0x05,0x00,0x15,0x00,0x09,0x00,0x06,0x00,
    0x03,0x00,0x00,0x00,0x09,0x00,0x00,0x00,0x05,0x00,0x09,0x00,0x07,0x00,0x00,0x00,0x09,0x00,0x00,0x00,0x04,0x00,0x09,0x01,
    0x25,0x00,0x00,0x00,0x09,0x00,0x00,0x00,0x0B,0x00,0x0C,0x0D,0x45,0x00,0x00,0x00,0x19,0x00,0x00,0x00,0x02,0x42,0x65,0x65,
    0x74,0x6C,0x65,0x20,0x43,0x75,0x74,0x73,0x63,0x65,0x6E,0x65,0x20,0x45,0x6E,0x64,0x00,0x01,0x05,0x00,0x15,0x00,0x09,0x00,
    0x71,0x00,0x03,0x00,0x00,0x00,0x09,0x00,0x00,0x00,0x07,0x00,0x09,0x00,0xA2,0x00,0x00,0x00,0x09,0x00,0x00,0x00,0x07,0x00,
    0x09,0x01,0x25,0x00,0x00,0x00,0x09,0x00,0x00,0x00,0x01,0x00,0x09,0x28,0xBD,0x00,0x00,0x00,0x1D,0x00,0x00,0x00,0x02,0x57,
    0x61,0x6C,0x6C,0x20,0x4C,0x6F,0x77,0x65,0x72,0x20,0x43,0x69,0x6E,0x65,0x6D,0x61,0x20,0x53,0x74,0x61,0x72,0x74,0x00,0x01,
    0x05,0x00,0x15,0x00,0x09,0x00,0x9F,0x00,0x03,0x00,0x00,0x00,0x09,0x00,0x00,0x00,0x05,0x00,0x09,0x00,0xA2,0x00,0x00,0x00,
    0x09,0x00,0x00,0x00,0x04,0x00,0x09,0x01,0x25,0x00,0x00,0x00,0x09,0x00,0x00,0x00,0x0B,0x00,0x0C,0x0D,0x45,0x00,0x00,0x00,
    0x1B,0x00,0x00,0x00,0x02,0x57,0x61,0x6C,0x6C,0x20,0x4C,0x6F,0x77,0x65,0x72,0x20,0x43,0x69,0x6E,0x65,0x6D,0x61,0x20,0x45,
    0x6E,0x64,0x00,0x01,0x05,0x00,0x3A,0x00,0x09,0x00,0x07,0x00,0x0D,0x00,0x00,0x00,0x09,0x00,0x00,0x00,0x0D,0x00,0x09,0x00,
    0x06,0x00,0x00,0x00,0x09,0x00,0x00,0x00,0x01,0x3B,0x9A,0xCA,0x01,0x00,0x00,0x00,0x09,0x00,0x00,0x00,0x0B,0x00,0x0A,0x87,
    0x0A,0x00,0x00,0x00,0x09,0x00,0x00,0x00,0x10,0x00,0x09,0x00,0x83,0x00,0x00,0x00,0x09,0x00,0x00,0x00,0x0D,0x00,0x09,0x00,
    0x44,0x00,0x00,0x00,0x09,0x00,0x00,0x00,0x0B,0x00,0x09,0x00,0x2D,0x00,0x00,0x00,0x09,0x00,0x00,0x00,0x0B,0x00,0x09,0x00,
    0x2F,0x00,0x00,0x00,0x09,0x00,0x00,0x00,0x0B,0x00,0x09,0x00,0x39,0x00,0x00,0x00,0x09,0x00,0x00,0x00,0x0B,0x00,0x09,0x00,
    0x3B,0x00,0x00,0x00,0x09,0x00,0x00,0x00,0x0B,0x00,0x09,0x01,0x1E,0x00,0x00,0x00,0x09,0x00,0x00,0x00,0x0B,0x00,0x09,0x01,
    0x2E,0x00,0x00,0x00,0x09,0x00,0x00,0x00,0x04,0x00,0x09,0x28,0xC6,0x00,0x00,0x00,0x09,0x00,0x00,0x00,0x14,0x00,0x09,0x28,
    0xA2,0x00,0x00,0x00,0x69,0x00,0x00,0x00,0x0F,0x53,0x70,0x65,0x63,0x69,0x61,0x6C,0x46,0x75,0x6E,0x63,0x74,0x69,0x6F,0x6E,
    0x20,0x43,0x69,0x6E,0x65,0x6D,0x61,0x74,0x69,0x63,0x20,0x53,0x6B,0x69,0x70,0x00,0x00,0x00,0x00,0x00,0x00,0x00,0x00,0x00,
    0x00,0x00,0x00,0x00,0x00,0x00,0x00,0x00,0x00,0x00,0x00,0x00,0x00,0x00,0x00,0x00,0x00,0x00,0x00,0x0F,0x00,0x00,0x00,0x00,
    0x00,0x00,0x00,0x00,0x00,0x00,0x00,0x00,0x00,0xFF,0xFF,0xFF,0xFF,0xFF,0xFF,0xFF,0xFF,0x00,0x00,0x00,0x00,0x01,0x00,0x00,
    0x00,0x00,0xFF,0xFF,0xFF,0xFF,0xFF,0xFF,0xFF,0xFF,0xFF,0xFF,0xFF,0xFF,0x05,0x00,0x3A,0x00,0x09,0x00,0xA2,0x00,0x01,0x00,
    0x00,0x00,0x09,0x00,0x00,0x00,0x0D,0x00,0x09,0x00,0x9F,0x00,0x00,0x00,0x69,0x00,0x00,0x00,0x0F,0x53,0x70,0x65,0x63,0x69,
    0x61,0x6C,0x46,0x75,0x6E,0x63,0x74,0x69,0x6F,0x6E,0x20,0x43,0x69,0x6E,0x65,0x6D,0x61,0x74,0x69,0x63,0x20,0x53,0x6B,0x69,
    0x70,0x00,0x00,0x00,0x00,0x00,0x00,0x00,0x00,0x00,0x00,0x00,0x00,0x00,0x00,0x00,0x00,0x00,0x00,0x00,0x00,0x00,0x00,0x00,
    0x00,0x00,0x00,0x00,0x00,0x0F,0x00,0x00,0x00,0x00,0x00,0x00,0x00,0x00,0x00,0x00,0x00,0x00,0x00,0xFF,0xFF,0xFF,0xFF,0xFF,
    0xFF,0xFF,0xFF,0x00,0x00,0x00,0x00,0x01,0x00,0x00,0x00,0x00,0xFF,0xFF,0xFF,0xFF,0xFF,0xFF,0xFF,0xFF,0xFF,0xFF,0xFF,0xFF,
    0x05,0x00,0x05,0x00,0x0A,0x87,0x0A,0x00,0x01,0x00,0x00,0x00,0x09,0x00,0x00,0x00,0x04,0x3B,0x9A,0xCA,0x01,0x00,0x00,0x00,
    0x2B,0x00,0x00,0x00,0x06,0x44,0x69,0x73,0x61,0x62,0x6C,0x65,0x20,0x43,0x53,0x20,0x53,0x6B,0x69,0x70,0x20,0x4C,0x6F,0x63,
    0x6B,0x4F,0x6E,0x50,0x6F,0x69,0x6E,0x74,0x00,0x3F,0x00,0x00,0x00,0x00,0x00,0x00,0x00,0x00,0x01,0x01,0x05,0x00,0x05,0x00,
    0x0C,0x0D,0x45,0x00,0x01,0x00,0x00,0x00,0x09,0x00,0x00,0x00,0x01,0x00,0x09,0x01,0x25,0x00,0x00,0x00,0x24,0x00,0x00,0x00,
    0x06,0x52,0x65,0x2D,0x45,0x6E,0x61,0x62,0x6C,0x65,0x20,0x42,0x6C,0x61,0x63,0x6B,0x20,0x42,0x61,0x72,0x73,0x00,0x3C,0xF5,
    0xC2,0x8F,0x00,0x00,0x00,0x00,0x00,0x00,0x01,0x05,0x00,0x00,0x3B,0x9A,0xCA,0x00,0x00,0x00,0x00,0x00,0x01,0x6E,0x00,0x00,
    0x00,0x18,0x6D,0x79,0x61,0x63,0x74,0x6F,0x72,0x00,0xC2,0x81,0x3A,0x71,0xC0,0xF7,0x0C,0x87,0x00,0x00,0x00,0x00,0x00,0x00,
    0x00,0x00,0x00,0x00,0x00,0x00,0x00,0x00,0x00,0x00,0x41,0x00,0x00,0x00,0x41,0x00,0x00,0x00,0x41,0x00,0x00,0x00,0x00,0x00,
    0x00,0x00,0x00,0x00,0x00,0x00,0x00,0x00,0x00,0x00,0x00,0x00,0x00,0x00,0x00,0x00,0x00,0x00,0x00,0x00,0x00,0x00,0x3F,0x80,
    0x00,0x00,0x00,0x00,0x00,0x00,0x00,0x00,0x00,0x02,0x40,0xA0,0x00,0x00,0x3F,0x80,0x00,0x00,0x00,0x00,0x00,0x12,0x00,0x00,
    0x00,0x03,0x00,0x00,0x00,0x03,0x00,0x00,0x00,0x03,0x00,0x00,0x00,0x03,0x00,0x00,0x00,0x03,0x00,0x00,0x00,0x03,0x00,0x00,
    0x00,0x03,0x00,0x00,0x00,0x03,0x00,0x00,0x00,0x03,0x00,0x00,0x00,0x03,0x00,0x00,0x00,0x03,0x00,0x00,0x00,0x03,0x00,0x00,
    0x00,0x03,0x00,0x00,0x00,0x02,0x00,0x00,0x00,0x02,0x00,0x00,0x00,0x01,0x00,0x00,0x00,0x05,0x00,0x00,0x00,0x03,0x00,0x00,
    0x00,0x03,0x00,0x00,0x00,0x03,0x00,0x00,0x00,0x03,0x00,0x00,0x00,0x03,0x00,0x00,0x00,0x05,0x00,0x00,0x00,0x03,0x00,0x00,
    0x00,0x03,0x00,0x00,0x00,0x03,0x00,0x00,0x00,0x03,0x00,0x00,0x00,0x03,0xBF,0xE4,0xDA,0xA0,0xFF,0xFF,0xFF,0xFF,0x00,0x00,
    0x00,0x00,0xFF,0xFF,0xFF,0xFF,0x00,0x00,0x00,0x0E,0x00,0x00,0x00,0x0E,0x01,0x3F,0x80,0x00,0x00,0x00,0x00,0x00,0x00,0x3F,
    0x80,0x00,0x00,0x41,0xA0,0x00,0x00,0x3F,0x80,0x00,0x00,0x3F,0x80,0x00,0x00,0x3F,0x80,0x00,0x00,0x3F,0x80,0x00,0x00,0x01,
    0x00,0x00,0x00,0x01,0x00,0x00,0x00,0x01,0x00,0x00,0x00,0x00,0x00,0x00,0x00,0x00,0x00,0x00,0x00,0x00,0x00,0x00,0x00,0x04,
    0x00,0x00,0x00,0x04,0x00,0x00,0x00,0x00,0x00,0x00,0x00,0x00,0x01,0xFF,0xFF,0xFF,0xFF,0xFF,0xFF,0xFF,0xFF,0xFF,0xFF,0xFF,
    0xFF,0xFF,0xFF,0xFF,0xFF,0xFF,0xFF,0xFF,0xFF,0x01,0x3F,0x80,0x00,0x00,0x3F,0x80,0x00,0x00,0x00,0x00,0x00,0x03,0x00,0x01,
    0x00,0x00,0x00,0x0F,0x01,0x00,0x00,0x3F,0x80,0x00,0x00,0x01,0x01,0x00,0x01,0x00,0x00,0x00,0x00,0x00,0x3F,0x80,0x00,0x00,
    0x01,0x00,0x00,0x00,0x05,0x00,0x1A,0x3B,0x9A,0xCA,0x01,0x00,0x00,0x00,0x00,0x00,0xC4,0x00,0x00,0x00,0x0C,0x6D,0x79,0x20,
    0x64,0x74,0x72,0x69,0x67,0x67,0x65,0x72,0x00,0xC2,0x81,0x3A,0x71,0xC0,0xF7,0x0C,0x87,0x00,0x00,0x00,0x00,0x3A,0x83,0x12,
    0x6F,0x3A,0x83,0x12,0x6F,0x3A,0x83,0x12,0x6F,0x00,0x00,0x00,0x02,0x50,0x15,0x02,0xF9,0x3F,0x80,0x00,0x00,0x00,0x00,0x00,
    0x12,0x00,0x00,0x00,0x01,0x00,0x00,0x00,0x01,0x00,0x00,0x00,0x01,0x00,0x00,0x00,0x01,0x00,0x00,0x00,0x01,0x00,0x00,0x00,
    0x01,0x00,0x00,0x00,0x01,0x00,0x00,0x00,0x02,0x00,0x00,0x00,0x01,0x00,0x00,0x00,0x03,0x00,0x00,0x00,0x03,0x00,0x00,0x00,
    0x03,0x00,0x00,0x00,0x03,0x00,0x00,0x00,0x02,0x00,0x00,0x00,0x02,0x00,0x00,0x00,0x01,0x00,0x00,0x00,0x05,0x00,0x00,0x00,
    0x01,0x00,0x00,0x00,0x01,0x00,0x00,0x00,0x01,0x00,0x00,0x00,0x01,0x00,0x00,0x00,0x01,0x00,0x00,0x00,0x05,0x00,0x00,0x00,
    0x01,0x00,0x00,0x00,0x01,0x00,0x00,0x00,0x01,0x00,0x00,0x00,0x01,0x00,0x00,0x00,0x01,0x00,0x00,0x00,0x00,0xFF,0xFF,0xFF,
    0xFF,0xFF,0xFF,0xFF,0xFF,0xFF,0xFF,0xFF,0xFF,0x01,0x00,0x00,0x00,0x00,0x03,0x00,0x00,0x00,0x00,0x00,0x0F,0x03,0x04,0x09,
    0x01,0x15,0x00,0x00,0x00,0x03,0x00,0x00,0x00,0x01,0x04,0x09,0x28,0xC6,0x03,0x04,0x09,0x28,0xBD,0x00,0x00,0x00,0x00,0x00,
    0x00,0x00,0x07,0x04,0x09,0x01,0x25,0x03,0x04,0x09,0x28,0xBD,0x00,0x00,0x00,0x05,0x00,0x00,0x00,0x05,0x04,0x09,0x01,0x25,
    0x03,0x04,0x09,0x28,0xC6,0x00,0x00,0x00,0x00,0x00,0x00,0x00,0x07,0x04,0x09,0x01,0x25,0x03,0x04,0x09,0x28,0xC6,0x00,0x00,
    0x00,0x05,0x00,0x00,0x00,0x05,0x04,0x09,0x01,0x25,0x03,0x04,0x09,0x28,0xC6,0x00,0x00,0x00,0x00,0x00,0x00,0x00,0x0D,0x04,
    0x09,0x28,0xCD,0x03,0x04,0x09,0x28,0xCE,0x00,0x00,0x00,0x09,0x00,0x00,0x00,0x01,0x04,0x09,0x28,0xBD,0x04,0x04,0x09,0x01,
    0x15,0x00,0x00,0x00,0x03,0x00,0x00,0x00,0x0D,0x00,0x09,0x00,0x05,0x04,0x04,0x09,0x00,0x0C,0x00,0x00,0x00,0x09,0x00,0x00,
    0x00,0x04,0x00,0x09,0x00,0x6F,0x04,0x04,0x09,0x01,0x04,0x00,0x00,0x00,0x05,0x00,0x00,0x00,0x0D,0x00,0x09,0x00,0x6A,0x04,
    0x04,0x09,0x28,0x7B,0x00,0x00,0x00,0x09,0x00,0x00,0x00,0x0D,0x00,0x09,0x00,0x45,0x04,0x04,0x09,0x28,0xBD,0x00,0x00,0x00,
    0x05,0x00,0x00,0x00,0x0D,0x00,0x09,0x00,0x9F,0x04,0x04,0x09,0x28,0xC6,0x00,0x00,0x00,0x05,0x00,0x00,0x00,0x0D,0x00,0x09,
    0x00,0x06,0x04,0x04,0x09,0x28,0xCE,0x00,0x00,0x00,0x09,0x00,0x00,0x00,0x0D,0x00,0x09,0x00,0x71,0x05,0x00,0x15,0x00,0x0E,
    0x00,0x05,0x00,0x04,0x00,0x00,0x00,0x09,0x00,0x00,0x00,0x07,0x00,0x0E,0x01,0xA0,0x00,0x00,0x00,0x09,0x00,0x00,0x00,0x13,
    0x00,0x0E,0x01,0xB6,0x00,0x00,0x00,0x09,0x00,0x00,0x00,0x07,0x00,0x0E,0x00,0x07,0x00,0x00,0x00,0x09,0x00,0x00,0x00,0x01,
    0x00,0x0E,0x01,0x9D,0x00,0x00,0x00,0x17,0x00,0x00,0x00,0x02,0x49,0x6E,0x74,0x72,0x6F,0x20,0x46,0x69,0x67,0x68,0x74,0x20,
    0x53,0x74,0x61,0x72,0x74,0x00,0x01,0x05,0x00,0x15,0x00,0x0E,0x00,0x06,0x00,0x04,0x00,0x00,0x00,0x09,0x00,0x00,0x00,0x05,
    0x00,0x0E,0x00,0x07,0x00,0x00,0x00,0x09,0x00,0x00,0x00,0x05,0x00,0x0E,0x01,0xA0,0x00,0x00,0x00,0x09,0x00,0x00,0x00,0x04,
    0x00,0x0E,0x01,0x9C,0x00,0x00,0x00,0x09,0x00,0x00,0x00,0x0D,0x00,0x0E,0x01,0x9B,0x00,0x00,0x00,0x15,0x00,0x00,0x00,0x02,
    0x49,0x6E,0x74,0x72,0x6F,0x20,0x46,0x69,0x67,0x68,0x74,0x20,0x45,0x6E,0x64,0x00,0x01,0x05,0x00,0x15,0x00,0x0E,0x00,0x08,
    0x00,0x04,0x00,0x00,0x00,0x09,0x00,0x00,0x00,0x01,0x00,0x0E,0x01,0x04,0x00,0x00,0x00,0x09,0x00,0x00,0x00,0x07,0x00,0x0E,
    0x01,0x07,0x00,0x00,0x00,0x09,0x00,0x00,0x00,0x0D,0x00,0x0E,0x01,0x49,0x00,0x00,0x00,0x09,0x00,0x00,0x00,0x07,0x00,0x0E,
    0x00,0x0A,0x00,0x00,0x00,0x1E,0x00,0x00,0x00,0x02,0x41,0x66,0x74,0x65,0x72,0x20,0x44,0x65,0x61,0x74,0x68,0x20,0x43,0x69,
    0x6E,0x65,0x6D,0x61,0x20,0x53,0x74,0x61,0x72,0x74,0x00,0x01,0x05,0x00,0x15,0x00,0x0E,0x00,0x09,0x00,0x02,0x00,0x00,0x00,
    0x09,0x00,0x00,0x00,0x05,0x00,0x0E,0x01,0x07,0x00,0x00,0x00,0x09,0x00,0x00,0x00,0x05,0x00,0x0E,0x00,0x0A,0x00,0x00,0x00,
    0x1C,0x00,0x00,0x00,0x02,0x41,0x66,0x74,0x65,0x72,0x20,0x44,0x65,0x61,0x74,0x68,0x20,0x43,0x69,0x6E,0x65,0x6D,0x61,0x20,
    0x45,0x6E,0x64,0x00,0x01,0x05,0x00,0x3A,0x00,0x0E,0x00,0x07,0x00,0x05,0x00,0x00,0x00,0x09,0x00,0x00,0x00,0x0D,0x00,0x0E,
    0x00,0x06,0x00,0x00,0x00,0x09,0x00,0x00,0x00,0x04,0x00,0x0E,0x01,0x9D,0x00,0x00,0x00,0x09,0x00,0x00,0x00,0x04,0x00,0x0E,
    0x01,0x9C,0x00,0x00,0x00,0x09,0x00,0x00,0x00,0x08,0x00,0x0E,0x00,0x8F,0x00,0x00,0x00,0x09,0x00,0x00,0x00,0x08,0x00,0x0E,
    0x00,0x61,0x00,0x00,0x00,0x69,0x00,0x00,0x00,0x0F,0x53,0x70,0x65,0x63,0x69,0x61,0x6C,0x46,0x75,0x6E,0x63,0x74,0x69,0x6F,
    0x6E,0x20,0x43,0x69,0x6E,0x65,0x6D,0x61,0x74,0x69,0x63,0x20,0x53,0x6B,0x69,0x70,0x00,0x00,0x00,0x00,0x00,0x00,0x00,0x00,
    0x00,0x00,0x00,0x00,0x00,0x00,0x00,0x00,0x00,0x00,0x00,0x00,0x00,0x00,0x00,0x00,0x00,0x00,0x00,0x00,0x0F,0x00,0x00,0x00,
    0x00,0x00,0x00,0x00,0x00,0x00,0x00,0x00,0x00,0x00,0xFF,0xFF,0xFF,0xFF,0xFF,0xFF,0xFF,0xFF,0x00,0x00,0x00,0x00,0x01,0x00,
    0x00,0x00,0x00,0xFF,0xFF,0xFF,0xFF,0xFF,0xFF,0xFF,0xFF,0xFF,0xFF,0xFF,0xFF,0x05,0x00,0x3A,0x00,0x0E,0x00,0x0A,0x00,0x02,
    0x00,0x00,0x00,0x09,0x00,0x00,0x00,0x0D,0x00,0x0E,0x00,0x09,0x00,0x00,0x00,0x09,0x00,0x00,0x00,0x04,0x00,0x0E,0x01,0x04,
    0x00,0x00,0x00,0x69,0x00,0x00,0x00,0x0F,0x53,0x70,0x65,0x63,0x69,0x61,0x6C,0x46,0x75,0x6E,0x63,0x74,0x69,0x6F,0x6E,0x20,
    0x43,0x69,0x6E,0x65,0x6D,0x61,0x74,0x69,0x63,0x20,0x53,0x6B,0x69,0x70,0x00,0x00,0x00,0x00,0x00,0x00,0x00,0x00,0x00,0x00,
    0x00,0x00,0x00,0x00,0x00,0x00,0x00,0x00,0x00,0x00,0x00,0x00,0x00,0x00,0x00,0x00,0x00,0x00,0x0F,0x00,0x00,0x00,0x00,0x00,
    0x00,0x00,0x00,0x00,0x00,0x00,0x00,0x00,0xFF,0xFF,0xFF,0xFF,0xFF,0xFF,0xFF,0xFF,0x00,0x00,0x00,0x00,0x01,0x00,0x00,0x00,
    0x00,0xFF,0xFF,0xFF,0xFF,0xFF,0xFF,0xFF,0xFF,0xFF,0xFF,0xFF,0xFF,0x03,0x00,0x0E,0x01,0x04,0x00,0x00,0x00,0x00,0x00,0x00,
    0x00,0x07,0x00,0x0E,0x01,0x07,0x03,0x00,0x0E,0x01,0x04,0x00,0x00,0x00,0x05,0x00,0x00,0x00,0x05,0x00,0x0E,0x01,0x07,0x03,
    0x00,0x0E,0x01,0x04,0x00,0x00,0x00,0x00,0x00,0x00,0x00,0x0D,0x00,0x0E,0x01,0x49,0x03,0x00,0x0E,0x01,0x6F,0x00,0x00,0x00,
    0x09,0x00,0x00,0x00,0x01,0x00,0x0E,0x01,0x04,0x03,0x00,0x0E,0x01,0x73,0x00,0x00,0x00,0x05,0x00,0x00,0x00,0x05,0x00,0x0E,
    0x01,0x75,0x03,0x00,0x0E,0x01,0x9D,0x00,0x00,0x00,0x00,0x00,0x00,0x00,0x07,0x00,0x0E,0x01,0xA0,0x03,0x00,0x0E,0x01,0x9D,
    0x00,0x00,0x00,0x05,0x00,0x00,0x00,0x05,0x00,0x0E,0x01,0xA0,0x03,0x00,0x0E,0x01,0x9D,0x00,0x00,0x00,0x05,0x00,0x00,0x00,
    0x04,0x00,0x0E,0x01,0x9C,0x03,0x00,0x0E,0x01,0x9D,0x00,0x00,0x00,0x05,0x00,0x00,0x00,0x0D,0x00,0x0E,0x01,0x9B,0x03,0x00,
    0x0E,0x01,0x9D,0x00,0x00,0x00,0x00,0x00,0x00,0x00,0x13,0x00,0x0E,0x01,0xB6,0x03,0x00,0x0E,0x01,0xAD,0x00,0x00,0x00,0x09,
    0x00,0x00,0x00,0x01,0x00,0x0E,0x01,0x9D,0x04,0x00,0x0E,0x00,0xB3,0x00,0x00,0x00,0x09,0x00,0x00,0x00,0x0D,0x00,0x0E,0x00,
    0x03,0x04,0x00,0x0E,0x01,0x04,0x00,0x00,0x00,0x05,0x00,0x00,0x00,0x0D,0x00,0x0E,0x00,0x09,0x04,0x00,0x0E,0x01,0x6F,0x00,
    0x00,0x00,0x09,0x00,0x00,0x00,0x0D,0x00,0x0E,0x00,0x08,0x04,0x00,0x0E,0x01,0x80,0x00,0x00,0x00,0x09,0x00,0x00,0x00,0x05,
    0x00,0x0E,0x29,0x82,0x04,0x00,0x0E,0x01,0x80,0x00,0x00,0x00,0x09,0x00,0x00,0x00,0x05,0x00,0x0E,0x01,0x75,0x04,0x00,0x0E,
    0x01,0x80,0x00,0x00,0x00,0x09,0x00,0x00,0x00,0x0D,0x00,0x0E,0x00,0xB2,0x04,0x00,0x0E,0x01,0x9D,0x00,0x00,0x00,0x05,0x00,
    0x00,0x00,0x0D,0x00,0x0E,0x00,0x06,0x04,0x00,0x0E,0x01,0xAD,0x00,0x00,0x00,0x09,0x00,0x00,0x00,0x0D,0x00,0x0E,0x00,0x05,
    0x04,0x00,0x0E,0x02,0x72,0x00,0x00,0x00,0x09,0x00,0x00,0x00,0x05,0x00,0x0E,0x01,0x75,0x05,0x00,0x15,0x00,0x36,0x70,0x9F,
    0x00,0x03,0x00,0x00,0x00,0x09,0x00,0x00,0x00,0x01,0x00,0x30,0x27,0xD7,0x00,0x00,0x00,0x09,0x00,0x00,0x00,0x07,0x00,0x3D,
    0x08,0xE6,0x00,0x00,0x00,0x09,0x00,0x00,0x00,0x07,0x00,0x30,0x27,0xBB,0x00,0x00,0x00,0x26,0x00,0x00,0x00,0x02,0x52,0x65,
    0x6C,0x61,0x79,0x2D,0x73,0x74,0x61,0x72,0x74,0x20,0x6F,0x66,0x20,0x66,0x69,0x67,0x68,0x74,0x20,0x64,0x6F,0x6E,0x65,0x20,
    0x63,0x69,0x6E,0x65,0x6D,0x61,0x00,0x01,0x05,0x00,0x15,0x00,0x37,0xD6,0x78,0x00,0x02,0x00,0x00,0x00,0x09,0x00,0x00,0x00,
    0x05,0x00,0x3D,0x08,0xE6,0x00,0x00,0x00,0x09,0x00,0x00,0x00,0x05,0x00,0x30,0x27,0xBB,0x00,0x00,0x00,0x24,0x00,0x00,0x00,
    0x02,0x52,0x65,0x6C,0x61,0x79,0x2D,0x65,0x6E,0x64,0x20,0x6F,0x66,0x20,0x66,0x69,0x67,0x68,0x74,0x20,0x64,0x6F,0x6E,0x65,
    0x20,0x63,0x69,0x6E,0x65,0x6D,0x61,0x00,0x01,0x05,0x00,0x3A,0x00,0x3D,0x08,0xE6,0x00,0x1F,0x00,0x00,0x00,0x09,0x00,0x00,
    0x00,0x0D,0x00,0x37,0xD6,0x78,0x00,0x00,0x00,0x09,0x00,0x00,0x00,0x04,0x00,0x30,0x27,0xD7,0x00,0x00,0x00,0x09,0x00,0x00,
    0x00,0x04,0x00,0x30,0x00,0x04,0x00,0x00,0x00,0x09,0x00,0x00,0x00,0x22,0x00,0x30,0x00,0x04,0x00,0x00,0x00,0x09,0x00,0x00,
    0x00,0x04,0x00,0x30,0x00,0x0E,0x00,0x00,0x00,0x09,0x00,0x00,0x00,0x22,0x00,0x30,0x00,0x0E,0x00,0x00,0x00,0x09,0x00,0x00,
    0x00,0x0F,0x00,0x30,0x00,0x57,0x00,0x00,0x00,0x09,0x00,0x00,0x00,0x0D,0x00,0x30,0x00,0x63,0x00,0x00,0x00,0x09,0x00,0x00,
    0x00,0x0F,0x00,0x30,0x27,0x32,0x00,0x00,0x00,0x09,0x00,0x00,0x00,0x0F,0x00,0x30,0x00,0x12,0x00,0x00,0x00,0x09,0x00,0x00,
    0x00,0x0F,0x00,0x30,0x00,0x25,0x00,0x00,0x00,0x09,0x00,0x00,0x00,0x04,0x00,0x30,0x00,0x9E,0x00,0x00,0x00,0x09,0x00,0x00,
    0x00,0x04,0x00,0x30,0x00,0x9F,0x00,0x00,0x00,0x09,0x00,0x00,0x00,0x04,0x00,0x30,0x00,0xA0,0x00,0x00,0x00,0x09,0x00,0x00,
    0x00,0x04,0x00,0x30,0x00,0xA1,0x00,0x00,0x00,0x09,0x00,0x00,0x00,0x04,0x00,0x30,0x00,0xA2,0x00,0x00,0x00,0x09,0x00,0x00,
    0x00,0x04,0x00,0x30,0x00,0xA3,0x00,0x00,0x00,0x09,0x00,0x00,0x00,0x04,0x00,0x30,0x00,0xA4,0x00,0x00,0x00,0x09,0x00,0x00,
    0x00,0x01,0x00,0x30,0x00,0xC3,0x00,0x00,0x00,0x09,0x00,0x00,0x00,0x01,0x00,0x30,0x00,0x02,0x00,0x00,0x00,0x09,0x00,0x00,
    0x00,0x01,0x00,0x30,0x00,0xA7,0x00,0x00,0x00,0x09,0x00,0x00,0x00,0x01,0x00,0x30,0x00,0xB4,0x00,0x00,0x00,0x09,0x00,0x00,
    0x00,0x01,0x00,0x30,0x00,0xC2,0x00,0x00,0x00,0x09,0x00,0x00,0x00,0x01,0x00,0x30,0x00,0xC4,0x00,0x00,0x00,0x09,0x00,0x00,
    0x00,0x01,0x00,0x30,0x00,0xC5,0x00,0x00,0x00,0x09,0x00,0x00,0x00,0x0F,0x00,0x30,0x00,0xC8,0x00,0x00,0x00,0x09,0x00,0x00,
    0x00,0x0F,0x00,0x30,0x00,0x34,0x00,0x00,0x00,0x09,0x00,0x00,0x00,0x0F,0x00,0x30,0x00,0x99,0x00,0x00,0x00,0x09,0x00,0x00,
    0x00,0x04,0x00,0x30,0x00,0x17,0x00,0x00,0x00,0x09,0x00,0x00,0x00,0x04,0x00,0x30,0x00,0x0F,0x00,0x00,0x00,0x09,0x00,0x00,
    0x00,0x0F,0x00,0x30,0x00,0xCC,0x00,0x00,0x00,0x66,0x00,0x00,0x00,0x0F,0x69,0x44,0x72,0x6F,0x6E,0x65,0x20,0x4F,0x75,0x74,
    0x72,0x6F,0x20,0x43,0x69,0x6E,0x65,0x6D,0x61,0x74,0x69,0x63,0x20,0x53,0x6B,0x69,0x70,0x00,0x00,0x00,0x00,0x00,0x00,0x00,
    0x00,0x00,0x00,0x00,0x00,0x00,0x00,0x00,0x00,0x00,0x00,0x00,0x00,0x00,0x00,0x00,0x00,0x00,0x00,0x00,0x00,0x0F,0x00,0x00,
    0x00,0x00,0x00,0x00,0x00,0x00,0x00,0x00,0x00,0x00,0x00,0xFF,0xFF,0xFF,0xFF,0xFF,0xFF,0xFF,0xFF,0x00,0x00,0x00,0x00,0x01,
    0x00,0x00,0x00,0x00,0xFF,0xFF,0xFF,0xFF,0xFF,0xFF,0xFF,0xFF,0xFF,0xFF,0xFF,0xFF,0x02,0x00,0x30,0x00,0x18,0x00,0x00,0x00,
    0x01,0x00,0x01,0x00,0x03,0x7A,0xE1,0x48,0x03,0x00,0x30,0x00,0x58,0x00,0x00,0x00,0x09,0x00,0x00,0x00,0x01,0x00,0x30,0x27,
    0xD7,0x03,0x00,0x30,0x27,0xCE,0x00,0x00,0x00,0x00,0x00,0x00,0x00,0x01,0x00,0x30,0x28,0xB1,0x03,0x00,0x30,0x27,0xCE,0x00,
    0x00,0x00,0x05,0x00,0x00,0x00,0x04,0x00,0x30,0x28,0xB1,0x03,0x00,0x30,0x27,0xD7,0x00,0x00,0x00,0x00,0x00,0x00,0x00,0x07,
    0x00,0x30,0x27,0xBB,0x03,0x00,0x30,0x27,0xD7,0x00,0x00,0x00,0x05,0x00,0x00,0x00,0x05,0x00,0x30,0x27,0xBB,0x04,0x00,0x30,
    0x00,0x58,0x00,0x00,0x00,0x09,0x00,0x00,0x00,0x0D,0x00,0x36,0x70,0x9F,0x04,0x00,0x30,0x00,0x63,0x00,0x00,0x00,0x09,0x00,
    0x00,0x00,0x04,0x00,0x30,0x00,0x63,0x04,0x00,0x30,0x27,0xD2,0x00,0x00,0x00,0x09,0x00,0x00,0x00,0x07,0x00,0x30,0x7A,0x19,
    0x04,0x00,0x30,0x27,0xD2,0x00,0x00,0x00,0x09,0x00,0x00,0x00,0x01,0x00,0x30,0x28,0xB1,0x04,0x00,0x30,0x27,0xD3,0x00,0x00,
    0x00,0x09,0x00,0x00,0x00,0x05,0x00,0x30,0x7A,0x19,0x04,0x00,0x30,0x27,0xD3,0x00,0x00,0x00,0x09,0x00,0x00,0x00,0x04,0x00,
    0x30,0x28,0xB1,0x04,0x00,0x30,0x27,0xD7,0x00,0x00,0x00,0x05,0x00,0x00,0x00,0x0D,0x00,0x37,0xD6,0x78,0x01,0x00,0x0C,0x18,
    0x00,0xB2,0x00,0x18,0x00,0x05,0x05,0x00,0x3A,0x00,0x18,0x00,0x0C,0x00,0x54,0x00,0x00,0x00,0x09,0x00,0x00,0x00,0x0D,0x00,
    0x18,0x00,0x05,0x00,0x00,0x00,0x09,0x00,0x00,0x00,0x04,0x00,0x18,0x00,0x73,0x00,0x00,0x00,0x09,0x00,0x00,0x00,0x05,0x00,
    0x18,0x00,0x0E,0x00,0x00,0x00,0x09,0x00,0x00,0x00,0x04,0x00,0x18,0x02,0x28,0x00,0x00,0x00,0x09,0x00,0x00,0x00,0x04,0x00,
    0x18,0x02,0x65,0x00,0x00,0x00,0x09,0x00,0x00,0x00,0x04,0x00,0x18,0x02,0x64,0x00,0x00,0x00,0x09,0x00,0x00,0x00,0x0F,0x00,
    0x18,0x03,0x40,0x00,0x00,0x00,0x09,0x00,0x00,0x00,0x0F,0x00,0x18,0x03,0x41,0x00,0x00,0x00,0x09,0x00,0x00,0x00,0x04,0x00,
    0x18,0x03,0x33,0x00,0x00,0x00,0x09,0x00,0x00,0x00,0x04,0x00,0x18,0x03,0x38,0x00,0x00,0x00,0x09,0x00,0x00,0x00,0x0F,0x00,
    0x18,0x03,0x3B,0x00,0x00,0x00,0x09,0x00,0x00,0x00,0x0F,0x00,0x18,0x03,0x43,0x00,0x00,0x00,0x09,0x00,0x00,0x00,0x04,0x00,
    0x18,0x02,0x19,0x00,0x00,0x00,0x09,0x00,0x00,0x00,0x0F,0x00,0x18,0x02,0x4D,0x00,0x00,0x00,0x09,0x00,0x00,0x00,0x0F,0x00,
    0x18,0x02,0x57,0x00,0x00,0x00,0x09,0x00,0x00,0x00,0x04,0x00,0x18,0x02,0x4E,0x00,0x00,0x00,0x09,0x00,0x00,0x00,0x04,0x00,
    0x18,0x02,0x56,0x00,0x00,0x00,0x09,0x00,0x00,0x00,0x04,0x00,0x18,0x02,0xDE,0x00,0x00,0x00,0x09,0x00,0x00,0x00,0x04,0x00,
    0x18,0x02,0x66,0x00,0x00,0x00,0x09,0x00,0x00,0x00,0x04,0x00,0x18,0x02,0x67,0x00,0x00,0x00,0x09,0x00,0x00,0x00,0x04,0x00,
    0x18,0x02,0x68,0x00,0x00,0x00,0x09,0x00,0x00,0x00,0x0F,0x00,0x18,0x02,0x75,0x00,0x00,0x00,0x09,0x00,0x00,0x00,0x04,0x00,
    0x18,0x02,0x73,0x00,0x00,0x00,0x09,0x00,0x00,0x00,0x0F,0x00,0x18,0x02,0x76,0x00,0x00,0x00,0x09,0x00,0x00,0x00,0x04,0x00,
    0x18,0x02,0x74,0x00,0x00,0x00,0x09,0x00,0x00,0x00,0x0F,0x00,0x18,0x02,0x77,0x00,0x00,0x00,0x09,0x00,0x00,0x00,0x04,0x00,
    0x18,0x02,0x72,0x00,0x00,0x00,0x09,0x00,0x00,0x00,0x0F,0x00,0x18,0x02,0x96,0x00,0x00,0x00,0x09,0x00,0x00,0x00,0x0F,0x00,
    0x18,0x02,0x9B,0x00,0x00,0x00,0x09,0x00,0x00,0x00,0x0F,0x00,0x18,0x03,0x42,0x00,0x00,0x00,0x09,0x00,0x00,0x00,0x04,0x00,
    0x18,0x03,0x3F,0x00,0x00,0x00,0x09,0x00,0x00,0x00,0x0F,0x00,0x18,0x02,0x7B,0x00,0x00,0x00,0x09,0x00,0x00,0x00,0x04,0x00,
    0x18,0x02,0x7A,0x00,0x00,0x00,0x09,0x00,0x00,0x00,0x0F,0x00,0x18,0x02,0xA0,0x00,0x00,0x00,0x09,0x00,0x00,0x00,0x0F,0x00,
    0x18,0x02,0x9D,0x00,0x00,0x00,0x09,0x00,0x00,0x00,0x04,0x00,0x18,0x03,0x54,0x00,0x00,0x00,0x09,0x00,0x00,0x00,0x04,0x00,
    0x18,0x02,0x24,0x00,0x00,0x00,0x09,0x00,0x00,0x00,0x04,0x00,0x18,0x02,0x2D,0x00,0x00,0x00,0x09,0x00,0x00,0x00,0x04,0x00,
    0x18,0x02,0x2E,0x00,0x00,0x00,0x09,0x00,0x00,0x00,0x0F,0x00,0x18,0x02,0x36,0x00,0x00,0x00,0x09,0x00,0x00,0x00,0x04,0x00,
    0x18,0x02,0x39,0x00,0x00,0x00,0x09,0x00,0x00,0x00,0x04,0x00,0x18,0x02,0x50,0x00,0x00,0x00,0x09,0x00,0x00,0x00,0x0F,0x00,
    0x18,0x02,0x8E,0x00,0x00,0x00,0x09,0x00,0x00,0x00,0x0F,0x00,0x18,0x02,0x38,0x00,0x00,0x00,0x09,0x00,0x00,0x00,0x04,0x00,
    0x18,0x02,0x51,0x00,0x00,0x00,0x09,0x00,0x00,0x00,0x0F,0x00,0x18,0x02,0x37,0x00,0x00,0x00,0x09,0x00,0x00,0x00,0x04,0x00,
    0x18,0x02,0x52,0x00,0x00,0x00,0x09,0x00,0x00,0x00,0x04,0x00,0x18,0x02,0x53,0x00,0x00,0x00,0x09,0x00,0x00,0x00,0x0F,0x00,
    0x18,0x02,0x4F,0x00,0x00,0x00,0x09,0x00,0x00,0x00,0x0F,0x00,0x18,0x02,0x55,0x00,0x00,0x00,0x09,0x00,0x00,0x00,0x04,0x00,
    0x18,0x02,0x54,0x00,0x00,0x00,0x09,0x00,0x00,0x00,0x0F,0x00,0x18,0x02,0xA1,0x00,0x00,0x00,0x09,0x00,0x00,0x00,0x0F,0x00,
    0x18,0x02,0x7E,0x00,0x00,0x00,0x09,0x00,0x00,0x00,0x04,0x00,0x18,0x02,0x7F,0x00,0x00,0x00,0x09,0x00,0x00,0x00,0x0F,0x00,
    0x18,0x02,0x9F,0x00,0x00,0x00,0x09,0x00,0x00,0x00,0x0F,0x00,0x18,0x02,0x81,0x00,0x00,0x00,0x09,0x00,0x00,0x00,0x04,0x00,
    0x18,0x02,0x80,0x00,0x00,0x00,0x09,0x00,0x00,0x00,0x0F,0x00,0x18,0x02,0x99,0x00,0x00,0x00,0x09,0x00,0x00,0x00,0x04,0x00,
    0x18,0x02,0x40,0x00,0x00,0x00,0x09,0x00,0x00,0x00,0x04,0x00,0x18,0x02,0x41,0x00,0x00,0x00,0x09,0x00,0x00,0x00,0x0F,0x00,
    0x18,0x02,0x5D,0x00,0x00,0x00,0x09,0x00,0x00,0x00,0x04,0x00,0x18,0x02,0x5C,0x00,0x00,0x00,0x09,0x00,0x00,0x00,0x04,0x00,
    0x18,0x02,0xDD,0x00,0x00,0x00,0x09,0x00,0x00,0x00,0x0F,0x00,0x18,0x02,0x5F,0x00,0x00,0x00,0x09,0x00,0x00,0x00,0x04,0x00,
    0x18,0x02,0x5E,0x00,0x00,0x00,0x09,0x00,0x00,0x00,0x04,0x00,0x18,0x02,0x45,0x00,0x00,0x00,0x09,0x00,0x00,0x00,0x01,0x00,
    0x18,0x02,0x12,0x00,0x00,0x00,0x09,0x00,0x00,0x00,0x0D,0x00,0x18,0x02,0x0F,0x00,0x00,0x00,0x09,0x00,0x00,0x00,0x04,0x00,
    0x18,0x01,0xDE,0x00,0x00,0x00,0x09,0x00,0x00,0x00,0x0F,0x00,0x18,0x01,0xD0,0x00,0x00,0x00,0x09,0x00,0x00,0x00,0x01,0x00,
    0x18,0x01,0xCA,0x00,0x00,0x00,0x09,0x00,0x00,0x00,0x04,0x00,0x18,0x01,0x24,0x00,0x00,0x00,0x09,0x00,0x00,0x00,0x05,0x00,
    0x18,0x01,0x85,0x00,0x00,0x00,0x09,0x00,0x00,0x00,0x07,0x00,0x18,0x01,0x86,0x00,0x00,0x00,0x09,0x00,0x00,0x00,0x04,0x00,
    0x18,0x01,0xA7,0x00,0x00,0x00,0x09,0x00,0x00,0x00,0x04,0x00,0x18,0x01,0xA8,0x00,0x00,0x00,0x09,0x00,0x00,0x00,0x07,0x00,
    0x18,0x02,0x07,0x00,0x00,0x00,0x09,0x00,0x00,0x00,0x07,0x00,0x18,0x02,0xCE,0x00,0x00,0x00,0x09,0x00,0x00,0x00,0x05,0x00,
    0x18,0x02,0xCD,0x00,0x00,0x00,0x09,0x00,0x00,0x00,0x05,0x00,0x18,0x02,0x06,0x00,0x00,0x00,0x09,0x00,0x00,0x00,0x07,0x00,
    0x18,0x03,0x57,0x00,0x00,0x00,0x09,0x00,0x00,0x00,0x05,0x00,0x18,0x03,0x58,0x00,0x00,0x00,0x09,0x00,0x00,0x00,0x05,0x00,
    0x18,0x03,0x5E,0x00,0x00,0x00,0x09,0x00,0x00,0x00,0x07,0x00,0x18,0x03,0x5F,0x00,0x00,0x00,0x69,0x00,0x00,0x00,0x0F,0x53,
    0x70,0x65,0x63,0x69,0x61,0x6C,0x46,0x75,0x6E,0x63,0x74,0x69,0x6F,0x6E,0x20,0x43,0x69,0x6E,0x65,0x6D,0x61,0x74,0x69,0x63,
    0x20,0x53,0x6B,0x69,0x70,0x00,0x00,0x00,0x00,0x00,0x00,0x00,0x00,0x00,0x00,0x00,0x00,0x00,0x00,0x00,0x00,0x00,0x00,0x00,
    0x00,0x00,0x00,0x00,0x00,0x00,0x00,0x00,0x00,0x0F,0x00,0x00,0x00,0x00,0x00,0x00,0x00,0x00,0x00,0x00,0x00,0x00,0x00,0xFF,
    0xFF,0xFF,0xFF,0xFF,0xFF,0xFF,0xFF,0x00,0x00,0x00,0x00,0x01,0x00,0x00,0x00,0x00,0xFF,0xFF,0xFF,0xFF,0xFF,0xFF,0xFF,0xFF,
    0xFF,0xFF,0xFF,0xFF,0x05,0x00,0x3A,0x00,0x18,0x00,0x0E,0x00,0x00,0x00,0x00,0x00,0x5A,0x00,0x00,0x00,0x0F,0x42,0x6F,0x73,
    0x73,0x20,0x48,0x65,0x61,0x6C,0x74,0x68,0x20,0x42,0x61,0x72,0x00,0x00,0x00,0x00,0x00,0x00,0x00,0x00,0x00,0x00,0x00,0x00,
    0x00,0x00,0x00,0x00,0x00,0x00,0x00,0x00,0x00,0x00,0x00,0x00,0x00,0x00,0x00,0x00,0x0C,0x00,0x00,0x00,0x00,0x00,0x00,0x00,
    0x00,0x00,0x00,0x00,0x00,0x00,0xFF,0xFF,0xFF,0xFF,0xFF,0xFF,0xFF,0xFF,0x00,0x00,0x00,0x00,0x01,0x00,0x00,0x00,0x00,0xFF,
    0xFF,0xFF,0xFF,0xFF,0xFF,0xFF,0xFF,0xFF,0xFF,0xFF,0xFF,0x03,0x00,0x18,0x00,0x05,0x00,0x00,0x00,0x09,0x00,0x00,0x00,0x07,
    0x0C,0x18,0x01,0xA7,0x03,0x00,0x18,0x00,0x05,0x00,0x00,0x00,0x09,0x00,0x00,0x00,0x07,0x0C,0x18,0x01,0xA8,0x03,0x00,0x18,
    0x00,0x05,0x00,0x00,0x00,0x09,0x00,0x00,0x00,0x05,0x0C,0x18,0x00,0xB1,0x03,0x00,0x18,0x00,0x05,0x00,0x00,0x00,0x09,0x00,
    0x00,0x00,0x0D,0x0C,0x18,0x01,0x00,0x03,0x00,0x18,0x00,0x05,0x00,0x00,0x00,0x09,0x00,0x00,0x00,0x0D,0x0C,0x18,0x00,0xAF,
    0x03,0x00,0x18,0x00,0x05,0x00,0x00,0x00,0x09,0x00,0x00,0x00,0x05,0x0C,0x18,0x03,0x53,0x03,0x00,0x18,0x00,0x05,0x00,0x00,
    0x00,0x09,0x00,0x00,0x00,0x04,0x0C,0x18,0x00,0x11,0x03,0x00,0x18,0x00,0x05,0x00,0x00,0x00,0x09,0x00,0x00,0x00,0x04,0x0C,
    0x18,0x00,0xE7,0x03,0x00,0x18,0x00,0x05,0x00,0x00,0x00,0x09,0x00,0x00,0x00,0x04,0x0C,0x18,0x01,0x05,0x03,0x00,0x18,0x00,
    0x05,0x00,0x00,0x00,0x09,0x00,0x00,0x00,0x04,0x0C,0x18,0x01,0x07,0x03,0x00,0x18,0x00,0x05,0x00,0x00,0x00,0x09,0x00,0x00,
    0x00,0x07,0x0C,0x18,0x01,0x24,0x03,0x00,0x18,0x00,0x05,0x00,0x00,0x00,0x09,0x00,0x00,0x00,0x0F,0x0C,0x18,0x03,0x95,0x03,
    0x0C,0x18,0x01,0xD3,0x00,0x00,0x00,0x05,0x00,0x00,0x00,0x05,0x0C,0x18,0x02,0x17,0x03,0x0C,0x18,0x02,0x13,0x00,0x00,0x00,
    0x00,0x00,0x00,0x00,0x07,0x0C,0x18,0x02,0x17,0x03,0x0C,0x18,0x02,0x13,0x00,0x00,0x00,0x00,0x00,0x00,0x00,0x01,0x0C,0x18,
    0x02,0x28,0x03,0x0C,0x18,0x02,0x13,0x00,0x00,0x00,0x00,0x00,0x00,0x00,0x01,0x0C,0x18,0x02,0x65,0x03,0x0C,0x18,0x02,0x13,
    0x00,0x00,0x00,0x00,0x00,0x00,0x00,0x01,0x0C,0x18,0x02,0x64,0x03,0x0C,0x18,0x02,0x13,0x00,0x00,0x00,0x00,0x00,0x00,0x00,
    0x0B,0x0C,0x18,0x03,0x40,0x03,0x0C,0x18,0x02,0x13,0x00,0x00,0x00,0x00,0x00,0x00,0x00,0x0B,0x0C,0x18,0x03,0x41,0x04,0x00,
    0x18,0x00,0x05,0x00,0x00,0x00,0x09,0x00,0x00,0x00,0x05,0x00,0x18,0x02,0x17,0x04,0x00,0x18,0x00,0x05,0x00,0x00,0x00,0x09,
    0x00,0x00,0x00,0x05,0x00,0x18,0x00,0x0C,0x04,0x00,0x18,0x00,0x05,0x00,0x00,0x00,0x09,0x00,0x00,0x00,0x04,0x00,0x18,0x02,
    0x0E,0x04,0x00,0x18,0x00,0x05,0x00,0x00,0x00,0x09,0x00,0x00,0x00,0x22,0x00,0x18,0x00,0x73,0x04,0x0C,0x18,0x01,0xD3,0x00,
    0x00,0x00,0x05,0x00,0x00,0x00,0x0D,0x00,0x18,0x00,0x05,0x04,0x0C,0x18,0x02,0x18,0x00,0x00,0x00,0x09,0x00,0x00,0x00,0x07,
    0x00,0x18,0x02,0x17,0x04,0x0C,0x18,0x02,0x18,0x00,0x00,0x00,0x09,0x00,0x00,0x00,0x01,0x00,0x18,0x02,0x28,0x04,0x0C,0x18,
    0x02,0x18,0x00,0x00,0x00,0x09,0x00,0x00,0x00,0x01,0x00,0x18,0x02,0x65,0x04,0x0C,0x18,0x02,0x18,0x00,0x00,0x00,0x09,0x00,
    0x00,0x00,0x01,0x00,0x18,0x02,0x64,0x04,0x0C,0x18,0x02,0x18,0x00,0x00,0x00,0x09,0x00,0x00,0x00,0x0B,0x00,0x18,0x03,0x40,
    0x04,0x0C,0x18,0x02,0x18,0x00,0x00,0x00,0x09,0x00,0x00,0x00,0x0B,0x00,0x18,0x03,0x41,0x04,0x0C,0x18,0x02,0x18,0x00,0x00,
    0x00,0x09,0x00,0x00,0x00,0x07,0x00,0x18,0x00,0x0C,0x05,0x00,0x15,0x00,0x0D,0x00,0x07,0x00,0x03,0x00,0x00,0x00,0x09,0x00,
    0x00,0x00,0x01,0x00,0x0D,0x04,0x13,0x00,0x00,0x00,0x09,0x00,0x00,0x00,0x07,0x00,0x0D,0x00,0x09,0x00,0x00,0x00,0x09,0x00,
    0x00,0x00,0x07,0x00,0x0D,0x04,0xCD,0x00,0x00,0x00,0x1B,0x00,0x00,0x00,0x02,0x41,0x72,0x74,0x69,0x66,0x61,0x63,0x74,0x20,
    0x52,0x65,0x76,0x65,0x61,0x6C,0x20,0x53,0x74,0x61,0x72,0x74,0x00,0x01,0x05,0x00,0x15,0x00,0x0D,0x00,0x08,0x00,0x02,0x00,
    0x00,0x00,0x09,0x00,0x00,0x00,0x05,0x00,0x0D,0x00,0x09,0x00,0x00,0x00,0x09,0x00,0x00,0x00,0x05,0x00,0x0D,0x04,0xCD,0x00,
    0x00,0x00,0x19,0x00,0x00,0x00,0x02,0x41,0x72,0x74,0x69,0x66,0x61,0x63,0x74,0x20,0x52,0x65,0x76,0x65,0x61,0x6C,0x20,0x45,
    0x6E,0x64,0x00,0x01,0x05,0x00,0x15,0x00,0x0D,0x00,0x0A,0x00,0x02,0x00,0x00,0x00,0x09,0x00,0x00,0x00,0x05,0x00,0x0D,0x02,
    0xDE,0x00,0x00,0x00,0x09,0x00,0x00,0x00,0x05,0x00,0x0D,0x00,0x0B,0x00,0x00,0x00,0x18,0x00,0x00,0x00,0x02,0x4F,0x6E,0x65,
    0x20,0x53,0x68,0x6F,0x74,0x20,0x4F,0x75,0x74,0x20,0x45,0x6E,0x64,0x20,0x31,0x00,0x01,0x05,0x00,0x15,0x00,0x0D,0x06,0x4A,
    0x00,0x02,0x00,0x00,0x00,0x09,0x00,0x00,0x00,0x05,0x00,0x0D,0x02,0xDE,0x00,0x00,0x00,0x09,0x00,0x00,0x00,0x05,0x00,0x0E,
    0x86,0xAB,0x00,0x00,0x00,0x18,0x00,0x00,0x00,0x02,0x4F,0x6E,0x65,0x20,0x53,0x68,0x6F,0x74,0x20,0x4F,0x75,0x74,0x20,0x45,
    0x6E,0x64,0x20,0x32,0x00,0x01,0x05,0x00,0x15,0x00,0x0E,0x86,0xAF,0x00,0x01,0x00,0x00,0x00,0x09,0x00,0x00,0x00,0x08,0x00,
    0x0D,0x01,0xFA,0x00,0x00,0x00,0x17,0x00,0x00,0x00,0x02,0x53,0x6B,0x69,0x70,0x20,0x50,0x6C,0x61,0x74,0x66,0x6F,0x72,0x6D,
    0x20,0x32,0x2D,0x31,0x00,0x01,0x05,0x00,0x15,0x00,0x0E,0x86,0xB0,0x00,0x01,0x00,0x00,0x00,0x09,0x00,0x00,0x00,0x08,0x00,
    0x0D,0x01,0xF9,0x00,0x00,0x00,0x17,0x00,0x00,0x00,0x02,0x53,0x6B,0x69,0x70,0x20,0x50,0x6C,0x61,0x74,0x66,0x6F,0x72,0x6D,
    0x20,0x32,0x2D,0x32,0x00,0x01,0x05,0x00,0x15,0x00,0x0E,0x86,0xB1,0x00,0x01,0x00,0x00,0x00,0x09,0x00,0x00,0x00,0x08,0x00,
    0x0D,0x01,0xF8,0x00,0x00,0x00,0x17,0x00,0x00,0x00,0x02,0x53,0x6B,0x69,0x70,0x20,0x50,0x6C,0x61,0x74,0x66,0x6F,0x72,0x6D,
    0x20,0x32,0x2D,0x33,0x00,0x01,0x05,0x00,0x15,0x00,0x0D,0x00,0x0F,0x00,0x01,0x00,0x00,0x00,0x09,0x00,0x00,0x00,0x08,0x00,
    0x0D,0x00,0xC9,0x00,0x00,0x00,0x17,0x00,0x00,0x00,0x02,0x53,0x6B,0x69,0x70,0x20,0x50,0x6C,0x61,0x74,0x66,0x6F,0x72,0x6D,
    0x20,0x31,0x2D,0x31,0x00,0x01,0x05,0x00,0x15,0x00,0x0D,0x00,0x10,0x00,0x01,0x00,0x00,0x00,0x09,0x00,0x00,0x00,0x08,0x00,
    0x0D,0x00,0xC8,0x00,0x00,0x00,0x17,0x00,0x00,0x00,0x02,0x53,0x6B,0x69,0x70,0x20,0x50,0x6C,0x61,0x74,0x66,0x6F,0x72,0x6D,
    0x20,0x31,0x2D,0x32,0x00,0x01,0x05,0x00,0x15,0x00,0x0D,0x00,0x11,0x00,0x01,0x00,0x00,0x00,0x09,0x00,0x00,0x00,0x08,0x00,
    0x0D,0x00,0xC7,0x00,0x00,0x00,0x17,0x00,0x00,0x00,0x02,0x53,0x6B,0x69,0x70,0x20,0x50,0x6C,0x61,0x74,0x66,0x6F,0x72,0x6D,
    0x20,0x31,0x2D,0x33,0x00,0x01,0x05,0x00,0x3A,0x00,0x0D,0x00,0x09,0x00,0x04,0x00,0x00,0x00,0x09,0x00,0x00,0x00,0x0D,0x00,
    0x0D,0x00,0x08,0x00,0x00,0x00,0x09,0x00,0x00,0x00,0x0F,0x00,0x0D,0x04,0x12,0x00,0x00,0x00,0x09,0x00,0x00,0x00,0x04,0x00,
    0x0D,0x04,0x13,0x00,0x00,0x00,0x09,0x00,0x00,0x00,0x01,0x00,0x0D,0x05,0x24,0x00,0x00,0x00,0x69,0x00,0x00,0x00,0x0F,0x53,
    0x70,0x65,0x63,0x69,0x61,0x6C,0x46,0x75,0x6E,0x63,0x74,0x69,0x6F,0x6E,0x20,0x43,0x69,0x6E,0x65,0x6D,0x61,0x74,0x69,0x63,
    0x20,0x53,0x6B,0x69,0x70,0x00,0x00,0x00,0x00,0x00,0x00,0x00,0x00,0x00,0x00,0x00,0x00,0x00,0x00,0x00,0x00,0x00,0x00,0x00,
    0x00,0x00,0x00,0x00,0x00,0x00,0x00,0x00,0x00,0x0F,0x00,0x00,0x00,0x00,0x00,0x00,0x00,0x00,0x00,0x00,0x00,0x00,0x00,0xFF,
    0xFF,0xFF,0xFF,0xFF,0xFF,0xFF,0xFF,0x00,0x00,0x00,0x00,0x01,0x00,0x00,0x00,0x00,0xFF,0xFF,0xFF,0xFF,0xFF,0xFF,0xFF,0xFF,
    0xFF,0xFF,0xFF,0xFF,0x05,0x00,0x3A,0x00,0x0D,0x00,0x0B,0x00,0x07,0x00,0x00,0x00,0x09,0x00,0x00,0x00,0x0D,0x00,0x0D,0x00,
    0x0A,0x00,0x00,0x00,0x09,0x00,0x00,0x00,0x0F,0x00,0x0D,0x02,0xF2,0x00,0x00,0x00,0x09,0x00,0x00,0x00,0x04,0x00,0x0D,0x02,
    0xC5,0x00,0x00,0x00,0x09,0x00,0x00,0x00,0x0D,0x00,0x0D,0x00,0x0F,0x00,0x00,0x00,0x09,0x00,0x00,0x00,0x0D,0x00,0x0D,0x00,
    0x10,0x00,0x00,0x00,0x09,0x00,0x00,0x00,0x0D,0x00,0x0D,0x00,0x11,0x00,0x00,0x00,0x09,0x00,0x00,0x00,0x01,0x00,0x0D,0x01,
    0xF4,0x00,0x00,0x00,0x69,0x00,0x00,0x00,0x0F,0x53,0x70,0x65,0x63,0x69,0x61,0x6C,0x46,0x75,0x6E,0x63,0x74,0x69,0x6F,0x6E,
    0x20,0x43,0x69,0x6E,0x65,0x6D,0x61,0x74,0x69,0x63,0x20,0x53,0x6B,0x69,0x70,0x00,0x00,0x00,0x00,0x00,0x00,0x00,0x00,0x00,
    0x00,0x00,0x00,0x00,0x00,0x00,0x00,0x00,0x00,0x00,0x00,0x00,0x00,0x00,0x00,0x00,0x00,0x00,0x00,0x0F,0x00,0x00,0x00,0x00,
    0x00,0x00,0x00,0x00,0x00,0x00,0x00,0x00,0x00,0xFF,0xFF,0xFF,0xFF,0xFF,0xFF,0xFF,0xFF,0x00,0x00,0x00,0x00,0x01,0x00,0x00,
    0x00,0x00,0xFF,0xFF,0xFF,0xFF,0xFF,0xFF,0xFF,0xFF,0xFF,0xFF,0xFF,0xFF,0x05,0x00,0x3A,0x00,0x0E,0x86,0xAB,0x00,0x08,0x00,
    0x00,0x00,0x09,0x00,0x00,0x00,0x0D,0x00,0x0D,0x06,0x4A,0x00,0x00,0x00,0x09,0x00,0x00,0x00,0x04,0x00,0x0D,0x02,0xCC,0x00,
    0x00,0x00,0x09,0x00,0x00,0x00,0x0F,0x00,0x0D,0x02,0xDF,0x00,0x00,0x00,0x09,0x00,0x00,0x00,0x0F,0x00,0x0D,0x02,0xDF,0x00,
    0x00,0x00,0x09,0x00,0x00,0x00,0x01,0x00,0x0D,0x01,0xFD,0x00,0x00,0x00,0x09,0x00,0x00,0x00,0x0D,0x00,0x0E,0x86,0xAF,0x00,
    0x00,0x00,0x09,0x00,0x00,0x00,0x0D,0x00,0x0E,0x86,0xB0,0x00,0x00,0x00,0x09,0x00,0x00,0x00,0x0D,0x00,0x0E,0x86,0xB1,0x00,
    0x00,0x00,0x69,0x00,0x00,0x00,0x0F,0x53,0x70,0x65,0x63,0x69,0x61,0x6C,0x46,0x75,0x6E,0x63,0x74,0x69,0x6F,0x6E,0x20,0x43,
    0x69,0x6E,0x65,0x6D,0x61,0x74,0x69,0x63,0x20,0x53,0x6B,0x69,0x70,0x00,0x00,0x00,0x00,0x00,0x00,0x00,0x00,0x00,0x00,0x00,
    0x00,0x00,0x00,0x00,0x00,0x00,0x00,0x00,0x00,0x00,0x00,0x00,0x00,0x00,0x00,0x00,0x00,0x0F,0x00,0x00,0x00,0x00,0x00,0x00,
    0x00,0x00,0x00,0x00,0x00,0x00,0x00,0xFF,0xFF,0xFF,0xFF,0xFF,0xFF,0xFF,0xFF,0x00,0x00,0x00,0x00,0x01,0x00,0x00,0x00,0x00,
    0xFF,0xFF,0xFF,0xFF,0xFF,0xFF,0xFF,0xFF,0xFF,0xFF,0xFF,0xFF,0x05,0x00,0x05,0x00,0x0D,0x00,0x12,0x00,0x00,0x00,0x00,0x00,
    0x27,0x00,0x00,0x00,0x06,0x50,0x6C,0x61,0x74,0x66,0x6F,0x72,0x6D,0x73,0x20,0x43,0x75,0x74,0x73,0x63,0x65,0x6E,0x65,0x20,
    0x53,0x6B,0x69,0x70,0x00,0x40,0x40,0x00,0x00,0x00,0x00,0x00,0x00,0x00,0x00,0x01,0x05,0x01,0x15,0x00,0x0D,0x00,0x03,0x00,
    0x04,0x00,0x00,0x00,0x09,0x00,0x00,0x00,0x07,0x00,0x0D,0x00,0x05,0x00,0x00,0x00,0x09,0x00,0x00,0x00,0x07,0x00,0x0D,0x04,
    0xCD,0x00,0x00,0x00,0x09,0x00,0x00,0x00,0x0D,0x00,0x0D,0x01,0xCF,0x00,0x00,0x00,0x09,0x00,0x00,0x00,0x01,0x00,0x0D,0x04,
    0xC8,0x00,0x00,0x00,0x1D,0x00,0x00,0x00,0x02,0x42,0x72,0x65,0x61,0x6B,0x6F,0x75,0x74,0x20,0x43,0x75,0x74,0x73,0x63,0x65,
    0x6E,0x65,0x20,0x53,0x74,0x61,0x72,0x74,0x00,0x01,0x05,0x01,0x15,0x00,0x0D,0x00,0x04,0x00,0x02,0x00,0x00,0x00,0x09,0x00,
    0x00,0x00,0x05,0x00,0x0D,0x04,0xCD,0x00,0x00,0x00,0x09,0x00,0x00,0x00,0x05,0x00,0x0D,0x00,0x05,0x00,0x00,0x00,0x1B,0x00,
    0x00,0x00,0x02,0x42,0x72,0x65,0x61,0x6B,0x6F,0x75,0x74,0x20,0x43,0x75,0x74,0x73,0x63,0x65,0x6E,0x65,0x20,0x45,0x6E,0x64,
    0x00,0x01,0x05,0x01,0x15,0x00,0x0D,0x00,0x16,0x00,0x01,0x00,0x00,0x00,0x09,0x00,0x00,0x00,0x04,0x00,0x0D,0x00,0x15,0x00,
    0x00,0x00,0x21,0x00,0x00,0x00,0x02,0x42,0x72,0x65,0x61,0x6B,0x20,0x54,0x61,0x6E,0x6B,0x20,0x52,0x65,0x6C,0x61,0x79,0x20,
    0x44,0x65,0x61,0x63,0x74,0x69,0x76,0x61,0x74,0x65,0x00,0x01,0x05,0x01,0x15,0x00,0x0D,0x00,0x15,0x00,0x09,0x00,0x00,0x00,
    0x09,0x00,0x00,0x00,0x0D,0x00,0x0D,0x00,0x16,0x00,0x00,0x00,0x09,0x00,0x00,0x00,0x13,0x00,0x0D,0x01,0xC3,0x00,0x00,0x00,
    0x09,0x00,0x00,0x00,0x14,0x00,0x0D,0x01,0xC4,0x00,0x00,0x00,0x09,0x00,0x00,0x00,0x0D,0x00,0x0D,0x01,0xD1,0x00,0x00,0x00,
    0x09,0x00,0x00,0x00,0x14,0x00,0x0D,0x01,0xEC,0x00,0x00,0x00,0x09,0x00,0x00,0x00,0x01,0x00,0x0D,0x03,0x54,0x00,0x00,0x00,
    0x09,0x00,0x00,0x00,0x04,0x00,0x0D,0x00,0xF6,0x00,0x00,0x00,0x09,0x00,0x00,0x00,0x01,0x00,0x0D,0x02,0x1B,0x00,0x00,0x00,
    0x09,0x00,0x00,0x00,0x0B,0x00,0x0D,0x01,0xC2,0x00,0x00,0x00,0x16,0x00,0x00,0x00,0x02,0x42,0x72,0x65,0x61,0x6B,0x20,0x54,
    0x61,0x6E,0x6B,0x20,0x52,0x65,0x6C,0x61,0x79,0x00,0x01,0x05,0x01,0x3A,0x00,0x0D,0x00,0x05,0x00,0x03,0x00,0x00,0x00,0x09,
    0x00,0x00,0x00,0x0D,0x00,0x0D,0x00,0x04,0x00,0x00,0x00,0x09,0x00,0x00,0x00,0x04,0x00,0x0D,0x04,0x13,0x00,0x00,0x00,0x09,
    0x00,0x00,0x00,0x0D,0x00,0x0D,0x00,0x15,0x00,0x00,0x00,0x62,0x00,0x00,0x00,0x0F,0x42,0x72,0x65,0x61,0x6B,0x6F,0x75,0x74,
    0x20,0x43,0x69,0x6E,0x65,0x6D,0x61,0x74,0x69,0x63,0x20,0x53,0x6B,0x69,0x70,0x00,0x00,0x00,0x00,0x00,0x00,0x00,0x00,0x00,
    0x00,0x00,0x00,0x00,0x00,0x00,0x00,0x00,0x00,0x00,0x00,0x00,0x00,0x00,0x00,0x00,0x00,0x00,0x00,0x0F,0x00,0x00,0x00,0x00,
    0x00,0x00,0x00,0x00,0x00,0x00,0x00,0x00,0x00,0xFF,0xFF,0xFF,0xFF,0xFF,0xFF,0xFF,0xFF,0x00,0x00,0x00,0x00,0x01,0x00,0x00,
    0x00,0x00,0xFF,0xFF,0xFF,0xFF,0xFF,0xFF,0xFF,0xFF,0xFF,0xFF,0xFF,0xFF,0x03,0x00,0x0D,0x02,0xC5,0x00,0x00,0x00,0x00,0x00,
    0x00,0x00,0x07,0x00,0x0D,0x02,0xDE,0x03,0x00,0x0D,0x02,0xC5,0x00,0x00,0x00,0x05,0x00,0x00,0x00,0x05,0x00,0x0D,0x02,0xDE,
    0x03,0x00,0x0D,0x02,0xCC,0x00,0x00,0x00,0x00,0x00,0x00,0x00,0x07,0x00,0x0D,0x02,0xDE,0x03,0x00,0x0D,0x02,0xCC,0x00,0x00,
    0x00,0x05,0x00,0x00,0x00,0x05,0x00,0x0D,0x02,0xDE,0x03,0x00,0x0D,0x02,0xCC,0x00,0x00,0x00,0x00,0x00,0x00,0x00,0x0D,0x00,
    0x0D,0x02,0xE0,0x03,0x04,0x0D,0x01,0xA4,0x00,0x00,0x00,0x0E,0x00,0x00,0x00,0x01,0x00,0x0D,0x04,0x13,0x03,0x04,0x0D,0x01,
    0xA9,0x00,0x00,0x00,0x09,0x00,0x00,0x00,0x0B,0x04,0x0D,0x01,0xC2,0x03,0x04,0x0D,0x01,0xA9,0x00,0x00,0x00,0x09,0x00,0x00,
    0x00,0x13,0x04,0x0D,0x01,0xC3,0x03,0x04,0x0D,0x01,0xA9,0x00,0x00,0x00,0x09,0x00,0x00,0x00,0x14,0x04,0x0D,0x01,0xC4,0x03,
    0x04,0x0D,0x01,0xA9,0x00,0x00,0x00,0x09,0x00,0x00,0x00,0x0D,0x04,0x0D,0x01,0xD1,0x03,0x04,0x0D,0x01,0xA9,0x00,0x00,0x00,
    0x09,0x00,0x00,0x00,0x14,0x04,0x0D,0x01,0xEC,0x03,0x04,0x0D,0x01,0xA9,0x00,0x00,0x00,0x09,0x00,0x00,0x00,0x01,0x00,0x0D,
    0x03,0x54,0x03,0x04,0x0D,0x01,0xA9,0x00,0x00,0x00,0x09,0x00,0x00,0x00,0x04,0x04,0x0D,0x00,0xF6,0x03,0x04,0x0D,0x01,0xA9,
    0x00,0x00,0x00,0x09,0x00,0x00,0x00,0x01,0x04,0x0D,0x02,0x1B,0x03,0x04,0x0D,0x04,0xC8,0x00,0x00,0x00,0x00,0x00,0x00,0x00,
    0x07,0x04,0x0D,0x04,0xCD,0x03,0x04,0x0D,0x04,0xC8,0x00,0x00,0x00,0x05,0x00,0x00,0x00,0x05,0x04,0x0D,0x04,0xCD,0x03,0x04,
    0x0D,0x04,0xC8,0x00,0x00,0x00,0x00,0x00,0x00,0x00,0x0D,0x04,0x0D,0x01,0xCF,0x03,0x04,0x0D,0x04,0xCE,0x00,0x00,0x00,0x09,
    0x00,0x00,0x00,0x01,0x04,0x0D,0x04,0xC8,0x04,0x00,0x0D,0x01,0xF1,0x00,0x00,0x00,0x01,0x00,0x00,0x00,0x04,0x00,0x0D,0x00,
    0x11,0x04,0x00,0x0D,0x01,0xF2,0x00,0x00,0x00,0x01,0x00,0x00,0x00,0x04,0x00,0x0D,0x00,0x10,0x04,0x00,0x0D,0x01,0xF3,0x00,
    0x00,0x00,0x01,0x00,0x00,0x00,0x04,0x00,0x0D,0x00,0x0F,0x04,0x00,0x0D,0x01,0xFB,0x00,0x00,0x00,0x01,0x00,0x00,0x00,0x04,
    0x00,0x0E,0x86,0xAF,0x04,0x00,0x0D,0x01,0xFC,0x00,0x00,0x00,0x01,0x00,0x00,0x00,0x04,0x00,0x0E,0x86,0xAF,0x04,0x00,0x0D,
    0x02,0x01,0x00,0x00,0x00,0x01,0x00,0x00,0x00,0x04,0x00,0x0E,0x86,0xAF,0x04,0x00,0x0D,0x02,0xC5,0x00,0x00,0x00,0x05,0x00,
    0x00,0x00,0x0D,0x00,0x0D,0x00,0x0A,0x04,0x00,0x0D,0x02,0xCC,0x00,0x00,0x00,0x05,0x00,0x00,0x00,0x0D,0x00,0x0D,0x06,0x4A,
    0x04,0x00,0x0D,0x02,0xD6,0x00,0x00,0x00,0x09,0x00,0x00,0x00,0x07,0x00,0x0D,0x02,0xDE,0x04,0x00,0x0D,0x02,0xD6,0x00,0x00,
    0x00,0x09,0x00,0x00,0x00,0x07,0x00,0x0D,0x00,0x0B,0x04,0x00,0x0D,0x02,0xD8,0x00,0x00,0x00,0x09,0x00,0x00,0x00,0x07,0x00,
    0x0D,0x02,0xDE,0x04,0x00,0x0D,0x02,0xD8,0x00,0x00,0x00,0x09,0x00,0x00,0x00,0x0D,0x00,0x0D,0x02,0xE0,0x04,0x00,0x0D,0x02,
    0xD8,0x00,0x00,0x00,0x09,0x00,0x00,0x00,0x07,0x00,0x0E,0x86,0xAB,0x04,0x00,0x0D,0x04,0x03,0x00,0x00,0x00,0x01,0x00,0x00,
    0x00,0x01,0x00,0x0D,0x00,0x11,0x04,0x00,0x0D,0x04,0x04,0x00,0x00,0x00,0x01,0x00,0x00,0x00,0x01,0x00,0x0D,0x00,0x10,0x04,
    0x00,0x0D,0x04,0x13,0x00,0x00,0x00,0x05,0x00,0x00,0x00,0x0D,0x00,0x0D,0x00,0x08,0x04,0x00,0x0D,0x04,0x1C,0x00,0x00,0x00,
    0x01,0x00,0x00,0x00,0x01,0x00,0x0D,0x00,0x0F,0x04,0x04,0x0D,0x01,0xA4,0x00,0x00,0x00,0x0E,0x00,0x00,0x00,0x0D,0x00,0x0D,
    0x00,0x07,0x04,0x04,0x0D,0x01,0xA9,0x00,0x00,0x00,0x09,0x00,0x00,0x00,0x0D,0x00,0x0D,0x00,0x15,0x04,0x04,0x0D,0x04,0xC8,
    0x00,0x00,0x00,0x05,0x00,0x00,0x00,0x0D,0x00,0x0D,0x00,0x04,0x04,0x04,0x0D,0x04,0xCE,0x00,0x00,0x00,0x09,0x00,0x00,0x00,
    0x0D,0x00,0x0D,0x00,0x03,0x05,0x00,0x15,0x00,0x08,0x86,0xA8,0x00,0x02,0x00,0x00,0x00,0x09,0x00,0x00,0x00,0x05,0x00,0x07,
    0x05,0x4B,0x00,0x00,0x00,0x09,0x00,0x00,0x00,0x05,0x00,0x08,0x86,0xA9,0x00,0x00,0x00,0x1B,0x00,0x00,0x00,0x02,0x53,0x68,
    0x75,0x74,0x4F,0x66,0x66,0x46,0x6F,0x72,0x63,0x65,0x66,0x69,0x65,0x6C,0x64,0x20,0x45,0x6E,0x64,0x00,0x01,0x05,0x00,0x3A,
    0x00,0x08,0x86,0xA9,0x00,0x07,0x00,0x00,0x00,0x09,0x00,0x00,0x00,0x0D,0x00,0x08,0x86,0xA8,0x00,0x00,0x00,0x09,0x00,0x00,
    0x00,0x0F,0x00,0x07,0x05,0x66,0x00,0x00,0x00,0x09,0x00,0x00,0x00,0x04,0x00,0x07,0x04,0x98,0x00,0x00,0x00,0x09,0x00,0x00,
    0x00,0x04,0x00,0x07,0x04,0x99,0x00,0x00,0x00,0x09,0x00,0x00,0x00,0x04,0x00,0x07,0x04,0x99,0x00,0x00,0x00,0x09,0x00,0x00,
    0x00,0x04,0x00,0x07,0x04,0x9A,0x00,0x00,0x00,0x09,0x00,0x00,0x00,0x04,0x00,0x07,0x04,0xAA,0x00,0x00,0x00,0x69,0x00,0x00,
    0x00,0x0F,0x53,0x70,0x65,0x63,0x69,0x61,0x6C,0x46,0x75,0x6E,0x63,0x74,0x69,0x6F,0x6E,0x20,0x43,0x69,0x6E,0x65,0x6D,0x61,
    0x74,0x69,0x63,0x20,0x53,0x6B,0x69,0x70,0x00,0x00,0x00,0x00,0x00,0x00,0x00,0x00,0x00,0x00,0x00,0x00,0x00,0x00,0x00,0x00,
    0x00,0x00,0x00,0x00,0x00,0x00,0x00,0x00,0x00,0x00,0x00,0x00,0x0F,0x00,0x00,0x00,0x00,0x00,0x00,0x00,0x00,0x00,0x00,0x00,
    0x00,0x00,0xFF,0xFF,0xFF,0xFF,0xFF,0xFF,0xFF,0xFF,0x00,0x00,0x00,0x00,0x01,0x00,0x00,0x00,0x00,0xFF,0xFF,0xFF,0xFF,0xFF,
    0xFF,0xFF,0xFF,0xFF,0xFF,0xFF,0xFF,0x03,0x00,0x07,0x04,0xAA,0x00,0x00,0x00,0x00,0x00,0x00,0x00,0x07,0x00,0x07,0x05,0x4B,
    0x03,0x00,0x07,0x04,0xAA,0x00,0x00,0x00,0x05,0x00,0x00,0x00,0x05,0x00,0x07,0x05,0x4B,0x04,0x00,0x07,0x04,0xA9,0x00,0x00,
    0x00,0x09,0x00,0x00,0x00,0x07,0x00,0x07,0x05,0x4B,0x04,0x00,0x07,0x04,0xA9,0x00,0x00,0x00,0x09,0x00,0x00,0x00,0x07,0x00,
    0x08,0x86,0xA9,0x04,0x00,0x07,0x04,0xAA,0x00,0x00,0x00,0x05,0x00,0x00,0x00,0x0D,0x00,0x08,0x86,0xA8,0x04,0x04,0x07,0x04,
    0xB2,0x00,0x00,0x00,0x03,0x00,0x00,0x00,0x0D,0x00,0x07,0x00,0x01,0x04,0x04,0x07,0x04,0xBB,0x00,0x00,0x00,0x05,0x00,0x00,
    0x00,0x0D,0x00,0x07,0x00,0x02,0x04,0x04,0x07,0x05,0x1F,0x00,0x00,0x00,0x09,0x00,0x00,0x00,0x0D,0x00,0x07,0x00,0x01,0x05,
    0x02,0x15,0x00,0x14,0x00,0x01,0x00,0x04,0x00,0x00,0x00,0x09,0x00,0x00,0x00,0x01,0x00,0x14,0x02,0xE9,0x00,0x00,0x00,0x09,
    0x00,0x00,0x00,0x0B,0x00,0x14,0x02,0xF7,0x00,0x00,0x00,0x09,0x00,0x00,0x00,0x07,0x00,0x14,0x02,0x73,0x00,0x00,0x00,0x09,
    0x00,0x00,0x00,0x07,0x00,0x14,0x00,0x03,0x00,0x00,0x00,0x1B,0x00,0x00,0x00,0x02,0x52,0x65,0x6C,0x61,0x79,0x2D,0x73,0x74,
    0x61,0x72,0x74,0x20,0x6F,0x66,0x20,0x63,0x69,0x6E,0x65,0x6D,0x61,0x00,0x01,0x05,0x02,0x15,0x00,0x14,0x00,0x02,0x00,0x02,
    0x00,0x00,0x00,0x09,0x00,0x00,0x00,0x05,0x00,0x14,0x02,0x73,0x00,0x00,0x00,0x09,0x00,0x00,0x00,0x05,0x00,0x14,0x00,0x03,
    0x00,0x00,0x00,0x19,0x00,0x00,0x00,0x02,0x52,0x65,0x6C,0x61,0x79,0x2D,0x65,0x6E,0x64,0x20,0x6F,0x66,0x20,0x63,0x69,0x6E,
    0x65,0x6D,0x61,0x00,0x01,0x05,0x02,0x3A,0x00,0x14,0x00,0x03,0x00,0x1C,0x00,0x00,0x00,0x09,0x00,0x00,0x00,0x0D,0x00,0x14,
    0x02,0x7E,0x00,0x00,0x00,0x09,0x00,0x00,0x00,0x0D,0x00,0x14,0x00,0x02,0x00,0x00,0x00,0x09,0x00,0x00,0x00,0x04,0x00,0x14,
    0x02,0xE4,0x00,0x00,0x00,0x09,0x00,0x00,0x00,0x0F,0x00,0x14,0x02,0xE6,0x00,0x00,0x00,0x09,0x00,0x00,0x00,0x0F,0x00,0x14,
    0x02,0xF7,0x00,0x00,0x00,0x09,0x00,0x00,0x00,0x04,0x00,0x14,0x02,0xF9,0x00,0x00,0x00,0x09,0x00,0x00,0x00,0x0F,0x00,0x14,
    0x02,0xFA,0x00,0x00,0x00,0x09,0x00,0x00,0x00,0x04,0x00,0x14,0x02,0x77,0x00,0x00,0x00,0x09,0x00,0x00,0x00,0x04,0x00,0x14,
    0x02,0xE7,0x00,0x00,0x00,0x09,0x00,0x00,0x00,0x04,0x00,0x14,0x03,0x2D,0x00,0x00,0x00,0x09,0x00,0x00,0x00,0x04,0x00,0x14,
    0x03,0x2E,0x00,0x00,0x00,0x09,0x00,0x00,0x00,0x04,0x00,0x14,0x03,0x2C,0x00,0x00,0x00,0x09,0x00,0x00,0x00,0x0D,0x00,0x14,
    0x01,0x71,0x00,0x00,0x00,0x09,0x00,0x00,0x00,0x0D,0x00,0x14,0x01,0x78,0x00,0x00,0x00,0x09,0x00,0x00,0x00,0x0D,0x00,0x14,
    0x01,0x7D,0x00,0x00,0x00,0x09,0x00,0x00,0x00,0x0F,0x00,0x14,0x02,0xB3,0x00,0x00,0x00,0x09,0x00,0x00,0x00,0x0F,0x00,0x14,
    0x02,0xE3,0x00,0x00,0x00,0x09,0x00,0x00,0x00,0x0F,0x00,0x14,0x02,0xCF,0x00,0x00,0x00,0x09,0x00,0x00,0x00,0x0D,0x00,0x14,
    0x01,0xBB,0x00,0x00,0x00,0x09,0x00,0x00,0x00,0x14,0x00,0x14,0x03,0x29,0x00,0x00,0x00,0x09,0x00,0x00,0x00,0x0F,0x00,0x14,
    0x02,0x43,0x00,0x00,0x00,0x09,0x00,0x00,0x00,0x0F,0x00,0x14,0x02,0xD0,0x00,0x00,0x00,0x09,0x00,0x00,0x00,0x0F,0x00,0x14,
    0x02,0xD6,0x00,0x00,0x00,0x09,0x00,0x00,0x00,0x15,0x00,0x14,0x03,0x9C,0x00,0x00,0x00,0x09,0x00,0x00,0x00,0x15,0x00,0x14,
    0x02,0x38,0x00,0x00,0x00,0x09,0x00,0x00,0x00,0x15,0x00,0x14,0x02,0xDB,0x00,0x00,0x00,0x09,0x00,0x00,0x00,0x15,0x00,0x14,
    0x01,0x55,0x00,0x00,0x00,0x09,0x00,0x00,0x00,0x15,0x00,0x14,0x00,0x35,0x00,0x00,0x00,0x69,0x00,0x00,0x00,0x0F,0x53,0x70,
    0x65,0x63,0x69,0x61,0x6C,0x46,0x75,0x6E,0x63,0x74,0x69,0x6F,0x6E,0x20,0x43,0x69,0x6E,0x65,0x6D,0x61,0x74,0x69,0x63,0x20,
    0x53,0x6B,0x69,0x70,0x00,0x00,0x00,0x00,0x00,0x00,0x00,0x00,0x00,0x00,0x00,0x00,0x00,0x00,0x00,0x00,0x00,0x00,0x00,0x00,
    0x00,0x00,0x00,0x00,0x00,0x00,0x00,0x00,0x0F,0x00,0x00,0x00,0x00,0x00,0x00,0x00,0x00,0x00,0x00,0x00,0x00,0x00,0xFF,0xFF,
    0xFF,0xFF,0xFF,0xFF,0xFF,0xFF,0x00,0x00,0x00,0x00,0x01,0x00,0x00,0x00,0x00,0xFF,0xFF,0xFF,0xFF,0xFF,0xFF,0xFF,0xFF,0xFF,
    0xFF,0xFF,0xFF,0x04,0x08,0x14,0x01,0xCA,0x00,0x00,0x00,0x05,0x00,0x00,0x00,0x0D,0x00,0x14,0x00,0x02,0x04,0x08,0x14,0x02,
    0xE5,0x00,0x00,0x00,0x03,0x00,0x00,0x00,0x0D,0x00,0x14,0x00,0x01,0x04,0x00,0x07,0x00,0x64,0x00,0x00,0x00,0x09,0x00,0x00,
    0x00,0x07,0x00,0x07,0x00,0x66,0x04,0x00,0x07,0x00,0x64,0x00,0x00,0x00,0x09,0x00,0x00,0x00,0x07,0x00,0x07,0x00,0x02,0x04,
    0x00,0x07,0x00,0x65,0x00,0x00,0x00,0x09,0x00,0x00,0x00,0x05,0x00,0x07,0x00,0x66,0x04,0x00,0x07,0x00,0x65,0x00,0x00,0x00,
    0x09,0x00,0x00,0x00,0x04,0x00,0x07,0x00,0x69,0x04,0x00,0x07,0x00,0x65,0x00,0x00,0x00,0x09,0x00,0x00,0x00,0x0D,0x00,0x07,
    0x00,0x9D,0x04,0x00,0x07,0x00,0x65,0x00,0x00,0x00,0x09,0x00,0x00,0x00,0x05,0x00,0x07,0x00,0x02,0x04,0x00,0x07,0x00,0xAE,
    0x00,0x00,0x00,0x09,0x00,0x00,0x00,0x0F,0x00,0x07,0x00,0x70,0x05,0x00,0x3A,0x00,0x10,0x00,0x7B,0x00,0x16,0x00,0x00,0x00,
    0x09,0x00,0x00,0x00,0x0D,0x00,0x10,0x00,0x7A,0x00,0x00,0x00,0x09,0x00,0x00,0x00,0x04,0x00,0x10,0x03,0x6A,0x00,0x00,0x00,
    0x09,0x00,0x00,0x00,0x0F,0x00,0x10,0x03,0x6F,0x00,0x00,0x00,0x09,0x00,0x00,0x00,0x0F,0x00,0x10,0x03,0x6D,0x00,0x00,0x00,
    0x09,0x00,0x00,0x00,0x04,0x00,0x10,0x03,0x71,0x00,0x00,0x00,0x09,0x00,0x00,0x00,0x0F,0x00,0x10,0x09,0x53,0x00,0x00,0x00,
    0x09,0x00,0x00,0x00,0x0F,0x00,0x10,0x03,0x7B,0x00,0x00,0x00,0x09,0x00,0x00,0x00,0x0F,0x00,0x10,0x07,0x22,0x00,0x00,0x00,
    0x09,0x00,0x00,0x00,0x0F,0x00,0x10,0x07,0x23,0x00,0x00,0x00,0x09,0x00,0x00,0x00,0x0E,0x00,0x10,0x09,0x4B,0x00,0x00,0x00,
    0x09,0x00,0x00,0x00,0x04,0x00,0x10,0x07,0xD0,0x00,0x00,0x00,0x09,0x00,0x00,0x00,0x04,0x00,0x10,0x07,0xD1,0x00,0x00,0x00,
    0x09,0x00,0x00,0x00,0x0F,0x00,0x10,0x09,0x59,0x00,0x00,0x00,0x09,0x00,0x00,0x00,0x0D,0x00,0x10,0x0A,0x16,0x00,0x00,0x00,
    0x09,0x00,0x00,0x00,0x0F,0x00,0x10,0x09,0x55,0x00,0x00,0x00,0x09,0x00,0x00,0x00,0x04,0x00,0x10,0x07,0xD2,0x00,0x00,0x00,
    0x09,0x00,0x00,0x00,0x04,0x00,0x10,0x00,0x7C,0x00,0x00,0x00,0x09,0x00,0x00,0x00,0x0D,0x00,0x10,0x09,0x5B,0x00,0x00,0x00,
    0x09,0x00,0x00,0x00,0x04,0x00,0x10,0x07,0xDB,0x00,0x00,0x00,0x09,0x00,0x00,0x00,0x04,0x00,0x10,0x00,0x8B,0x00,0x00,0x00,
    0x09,0x00,0x00,0x00,0x0B,0x00,0x10,0x00,0x7D,0x00,0x00,0x00,0x09,0x00,0x00,0x00,0x01,0x00,0x10,0x07,0xE3,0x00,0x00,0x00,
    0x6C,0x00,0x00,0x00,0x0F,0x45,0x6C,0x69,0x74,0x65,0x20,0x50,0x69,0x72,0x61,0x74,0x65,0x20,0x44,0x65,0x61,0x74,0x68,0x20,
    0x43,0x69,0x6E,0x65,0x6D,0x61,0x74,0x69,0x63,0x20,0x53,0x6B,0x69,0x70,0x00,0x00,0x00,0x00,0x00,0x00,0x00,0x00,0x00,0x00,
    0x00,0x00,0x00,0x00,0x00,0x00,0x00,0x00,0x00,0x00,0x00,0x00,0x00,0x00,0x00,0x00,0x00,0x00,0x0F,0x00,0x00,0x00,0x00,0x00,
    0x00,0x00,0x00,0x00,0x00,0x00,0x00,0x00,0xFF,0xFF,0xFF,0xFF,0xFF,0xFF,0xFF,0xFF,0x00,0x00,0x00,0x00,0x01,0x00,0x00,0x00,
    0x00,0xFF,0xFF,0xFF,0xFF,0xFF,0xFF,0xFF,0xFF,0xFF,0xFF,0xFF,0xFF,0x05,0x00,0x1D,0x00,0x10,0x00,0x7E,0x00,0x01,0x00,0x00,
    0x00,0x12,0x00,0x00,0x00,0x14,0x00,0x10,0x03,0x38,0x00,0x00,0x00,0x27,0x00,0x00,0x00,0x07,0x4F,0x48,0x20,0x4C,0x41,0x57,
    0x44,0x20,0x48,0x45,0x20,0x43,0x4F,0x4D,0x49,0x4E,0x00,0x00,0x00,0x00,0x2C,0x00,0x00,0x00,0x00,0x00,0x01,0x00,0x00,0x00,
    0x00,0x3F,0x80,0x00,0x00,0x05,0x00,0x1D,0x00,0x10,0x00,0x80,0x00,0x01,0x00,0x00,0x00,0x12,0x00,0x00,0x00,0x14,0x00,0x10,
    0x03,0x38,0x00,0x00,0x00,0x27,0x00,0x00,0x00,0x07,0x53,0x4F,0x4D,0x45,0x4F,0x4E,0x45,0x20,0x53,0x54,0x4F,0x50,0x20,0x48,
    0x49,0x4D,0x00,0x00,0x00,0x00,0x32,0x00,0x00,0x00,0x00,0x00,0x01,0x00,0x00,0x00,0x00,0x3F,0x80,0x00,0x00,0x05,0x00,0x05,
    0x00,0x10,0x00,0x7D,0x00,0x01,0x00,0x00,0x00,0x09,0x00,0x00,0x00,0x04,0x00,0x10,0x07,0xE3,0x00,0x00,0x00,0x34,0x00,0x00,
    0x00,0x06,0x43,0x75,0x74,0x73,0x63,0x65,0x6E,0x65,0x20,0x53,0x6B,0x69,0x70,0x20,0x44,0x65,0x61,0x63,0x74,0x69,0x76,0x61,
    0x74,0x65,0x20,0x45,0x6C,0x65,0x63,0x74,0x72,0x69,0x63,0x69,0x74,0x79,0x00,0x3F,0x80,0x00,0x00,0x00,0x00,0x00,0x00,0x00,
    0x00,0x01,0x05,0x00,0x05,0x00,0x10,0x00,0x81,0x00,0x01,0x00,0x00,0x00,0x09,0x00,0x00,0x00,0x13,0x00,0x10,0x00,0x80,0x00,
    0x00,0x00,0x28,0x00,0x00,0x00,0x06,0x52,0x75,0x6E,0x20,0x41,0x6E,0x69,0x6D,0x61,0x74,0x69,0x6F,0x6E,0x20,0x53,0x74,0x6F,
    0x70,0x20,0x44,0x65,0x6C,0x61,0x79,0x00,0x3F,0x33,0x33,0x33,0x00,0x00,0x00,0x00,0x00,0x00,0x01,0x05,0x00,0x05,0x00,0x10,
    0x00,0x83,0x00,0x06,0x00,0x00,0x00,0x09,0x00,0x00,0x00,0x0E,0x00,0x10,0x00,0x93,0x00,0x00,0x00,0x09,0x00,0x00,0x00,0x0E,
    0x00,0x10,0x00,0x10,0x00,0x00,0x00,0x09,0x00,0x00,0x00,0x0E,0x00,0x10,0x03,0x3E,0x00,0x00,0x00,0x09,0x00,0x00,0x00,0x0D,
    0x00,0x10,0x0C,0x2F,0x00,0x00,0x00,0x09,0x00,0x00,0x00,0x14,0x00,0x10,0x09,0xE6,0x00,0x00,0x00,0x09,0x00,0x00,0x00,0x14,
    0x00,0x10,0x09,0xE7,0x00,0x00,0x00,0x22,0x00,0x00,0x00,0x06,0x4D,0x65,0x74,0x61,0x6C,0x20,0x50,0x69,0x70,0x65,0x20,0x46,
    0x61,0x6C,0x6C,0x69,0x6E,0x67,0x00,0x3E,0x4C,0xCC,0xCD,0x00,0x00,0x00,0x00,0x00,0x00,0x01,0x05,0x00,0x05,0x00,0x1F,0x42,
    0xE1,0x00,0x01,0x00,0x00,0x00,0x09,0x00,0x00,0x00,0x14,0x00,0x10,0x0A,0x19,0x00,0x00,0x00,0x2C,0x00,0x00,0x00,0x06,0x4E,
    0x65,0x77,0x20,0x45,0x6C,0x69,0x74,0x65,0x20,0x50,0x69,0x72,0x61,0x74,0x65,0x20,0x4D,0x75,0x73,0x69,0x63,0x20,0x54,0x69,
    0x6D,0x65,0x72,0x00,0x3F,0xD9,0x99,0x9A,0x00,0x00,0x00,0x00,0x00,0x00,0x01,0x05,0x01,0x15,0x00,0x10,0x00,0x7A,0x00,0x02,
    0x00,0x00,0x00,0x09,0x00,0x00,0x00,0x05,0x00,0x10,0x03,0x22,0x00,0x00,0x00,0x09,0x00,0x00,0x00,0x05,0x00,0x10,0x00,0x7B,
    0x00,0x00,0x00,0x25,0x00,0x00,0x00,0x02,0x45,0x6C,0x69,0x74,0x65,0x20,0x50,0x69,0x72,0x61,0x74,0x65,0x20,0x44,0x65,0x61,
    0x74,0x68,0x20,0x43,0x75,0x74,0x73,0x63,0x65,0x6E,0x65,0x20,0x45,0x6E,0x64,0x00,0x01,0x05,0x01,0x15,0x00,0x10,0x00,0x82,
    0x00,0x04,0x00,0x00,0x00,0x09,0x00,0x00,0x00,0x13,0x00,0x10,0x00,0x7E,0x00,0x00,0x00,0x09,0x00,0x00,0x00,0x0B,0x00,0x10,
    0x00,0x81,0x00,0x00,0x00,0x09,0x00,0x00,0x00,0x0B,0x00,0x10,0x00,0x83,0x00,0x00,0x00,0x09,0x00,0x00,0x00,0x14,0x00,0x10,
    0x0A,0x19,0x00,0x00,0x00,0x15,0x00,0x00,0x00,0x02,0x53,0x6B,0x69,0x70,0x20,0x2D,0x20,0x42,0x72,0x65,0x61,0x6B,0x6F,0x75,
    0x74,0x00,0x01,0x03,0x04,0x10,0x03,0x71,0x00,0x00,0x00,0x00,0x00,0x00,0x00,0x07,0x04,0x10,0x03,0x22,0x03,0x04,0x10,0x03,
    0x71,0x00,0x00,0x00,0x05,0x00,0x00,0x00,0x05,0x04,0x10,0x03,0x22,0x03,0x04,0x10,0x03,0x71,0x00,0x00,0x00,0x00,0x00,0x00,
    0x00,0x0B,0x04,0x10,0x0B,0xF2,0x03,0x04,0x10,0x07,0xF0,0x00,0x00,0x00,0x00,0x00,0x00,0x00,0x0B,0x04,0x10,0x08,0xB3,0x03,
    0x04,0x10,0x0C,0xA8,0x00,0x00,0x00,0x09,0x00,0x00,0x00,0x0D,0x04,0x10,0x0C,0xA7,0x04,0x04,0x10,0x03,0x29,0x00,0x00,0x00,
    0x00,0x00,0x00,0x00,0x0D,0x00,0x10,0x00,0x79,0x04,0x04,0x10,0x03,0x3B,0x00,0x00,0x00,0x09,0x00,0x00,0x00,0x0B,0x00,0x1F,
    0x42,0xE1,0x04,0x04,0x10,0x03,0x3B,0x00,0x00,0x00,0x09,0x00,0x00,0x00,0x04,0x00,0x10,0x00,0x79,0x04,0x04,0x10,0x03,0x3D,
    0x00,0x00,0x00,0x09,0x00,0x00,0x00,0x0D,0x00,0x10,0x07,0x2D,0x04,0x04,0x10,0x03,0x3D,0x00,0x00,0x00,0x09,0x00,0x00,0x00,
    0x05,0x00,0x10,0x03,0x22,0x04,0x04,0x10,0x03,0x3D,0x00,0x00,0x00,0x09,0x00,0x00,0x00,0x05,0x00,0x10,0x03,0x22,0x04,0x04,
    0x10,0x03,0x3D,0x00,0x00,0x00,0x09,0x00,0x00,0x00,0x05,0x00,0x10,0x03,0x22,0x04,0x04,0x10,0x03,0x3D,0x00,0x00,0x00,0x09,
    0x00,0x00,0x00,0x05,0x00,0x10,0x00,0x78,0x04,0x04,0x10,0x03,0x70,0x00,0x00,0x00,0x09,0x00,0x00,0x00,0x07,0x00,0x10,0x03,
    0x22,0x04,0x04,0x10,0x03,0x70,0x00,0x00,0x00,0x09,0x00,0x00,0x00,0x0B,0x00,0x10,0x0B,0xF2,0x04,0x04,0x10,0x03,0x70,0x00,
    0x00,0x00,0x09,0x00,0x00,0x00,0x07,0x00,0x10,0x00,0x7B,0x04,0x04,0x10,0x07,0xD2,0x00,0x00,0x00,0x05,0x00,0x00,0x00,0x0D,
    0x00,0x10,0x00,0x7A,0x04,0x04,0x10,0x07,0xD2,0x00,0x00,0x00,0x05,0x00,0x00,0x00,0x05,0x00,0x10,0x03,0x22,0x04,0x04,0x10,
    0x07,0xD2,0x00,0x00,0x00,0x00,0x00,0x00,0x00,0x04,0x00,0x10,0x00,0x7D,0x04,0x04,0x10,0x07,0xFE,0x00,0x00,0x00,0x03,0x00,
    0x00,0x00,0x0D,0x00,0x10,0x00,0x0F,0x04,0x04,0x10,0x0C,0xA8,0x00,0x00,0x00,0x09,0x00,0x00,0x00,0x07,0x00,0x10,0x07,0xDB,
    0x04,0x04,0x10,0x0C,0xA8,0x00,0x00,0x00,0x09,0x00,0x00,0x00,0x0F,0x00,0x10,0x08,0xB3,0x04,0x04,0x10,0x0C,0xA8,0x00,0x00,
    0x00,0x09,0x00,0x00,0x00,0x0F,0x00,0x10,0x03,0x3B,0x04,0x04,0x10,0x0C,0xA8,0x00,0x00,0x00,0x09,0x00,0x00,0x00,0x0D,0x00,
    0x10,0x00,0x82,0x04,0x04,0x10,0x0C,0xA8,0x00,0x00,0x00,0x09,0x00,0x00,0x00,0x0F,0x00,0x10,0x03,0x3C,0x04,0x04,0x10,0x0C,
    0xA8,0x00,0x00,0x00,0x09,0x00,0x00,0x00,0x01,0x00,0x10,0x03,0x38,0x06,0x04,0x10,0x0B,0x85,0x03,0x00,0x07,0x00,0xC6,0x00,
    0x00,0x00,0x05,0x00,0x00,0x00,0x04,0x00,0x07,0x00,0xD4,0x03,0x00,0x07,0x00,0xC6,0x00,0x00,0x00,0x05,0x00,0x00,0x00,0x0D,
    0x00,0x07,0x00,0xA4,0x04,0x00,0x07,0x00,0x9C,0x00,0x00,0x00,0x09,0x00,0x00,0x00,0x0D,0x00,0x07,0x01,0x5E,0x04,0x00,0x07,
    0x00,0x9C,0x00,0x00,0x00,0x09,0x00,0x00,0x00,0x07,0x00,0x07,0x00,0x9A,0x04,0x00,0x07,0x00,0xCA,0x00,0x00,0x00,0x09,0x00,
    0x00,0x00,0x05,0x00,0x07,0x00,0x9A,0x04,0x00,0x07,0x00,0xCA,0x00,0x00,0x00,0x09,0x00,0x00,0x00,0x04,0x00,0x07,0x00,0xD4,
    0x04,0x00,0x07,0x00,0xCA,0x00,0x00,0x00,0x09,0x00,0x00,0x00,0x0D,0x00,0x07,0x00,0xA4,0x04,0x00,0x08,0x00,0x1E,0x00,0x00,
    0x00,0x03,0x00,0x00,0x00,0x0D,0x00,0x08,0x00,0x01,0x04,0x00,0x08,0x01,0x62,0x00,0x00,0x00,0x05,0x00,0x00,0x00,0x0D,0x00,
    0x08,0x00,0x0E,0x05,0x00,0x15,0x00,0x00,0x00,0x67,0x00,0x04,0x00,0x00,0x00,0x09,0x00,0x00,0x00,0x05,0x00,0x00,0x00,0x68,
    0x00,0x00,0x00,0x09,0x00,0x00,0x00,0x05,0x00,0x00,0x02,0xFE,0x00,0x00,0x00,0x09,0x00,0x00,0x00,0x04,0x00,0x00,0x03,0x04,
    0x00,0x00,0x00,0x09,0x00,0x00,0x00,0x04,0x00,0x00,0x03,0xA7,0x00,0x00,0x00,0x1E,0x00,0x00,0x00,0x02,0x53,0x63,0x61,0x6E,
    0x20,0x50,0x61,0x6E,0x65,0x6C,0x20,0x43,0x69,0x6E,0x65,0x6D,0x61,0x74,0x69,0x63,0x20,0x45,0x6E,0x64,0x00,0x01,0x05,0x00,
    0x3A,0x00,0x00,0x00,0x68,0x00,0x16,0x00,0x00,0x00,0x09,0x00,0x00,0x00,0x04,0x00,0x00,0x02,0xE2,0x00,0x00,0x00,0x09,0x00,
    0x00,0x00,0x0D,0x00,0x00,0x00,0x67,0x00,0x00,0x00,0x09,0x00,0x00,0x00,0x0D,0x00,0x00,0x02,0x5D,0x00,0x00,0x00,0x09,0x00,
    0x00,0x00,0x04,0x00,0x00,0x02,0xF4,0x00,0x00,0x00,0x09,0x00,0x00,0x00,0x04,0x00,0x00,0x03,0x04,0x00,0x00,0x00,0x09,0x00,
    0x00,0x00,0x04,0x00,0x00,0x02,0x9A,0x00,0x00,0x00,0x09,0x00,0x00,0x00,0x04,0x00,0x00,0x02,0x99,0x00,0x00,0x00,0x09,0x00,
    0x00,0x00,0x01,0x00,0x00,0x00,0x3D,0x00,0x00,0x00,0x09,0x00,0x00,0x00,0x01,0x00,0x00,0x00,0x1F,0x00,0x00,0x00,0x09,0x00,
    0x00,0x00,0x01,0x00,0x00,0x00,0x22,0x00,0x00,0x00,0x09,0x00,0x00,0x00,0x04,0x00,0x00,0x02,0x9B,0x00,0x00,0x00,0x09,0x00,
    0x00,0x00,0x04,0x00,0x00,0x02,0x9C,0x00,0x00,0x00,0x09,0x00,0x00,0x00,0x01,0x00,0x00,0x00,0x3F,0x00,0x00,0x00,0x09,0x00,
    0x00,0x00,0x01,0x00,0x00,0x00,0x20,0x00,0x00,0x00,0x09,0x00,0x00,0x00,0x01,0x00,0x00,0x00,0x23,0x00,0x00,0x00,0x09,0x00,
    0x00,0x00,0x01,0x00,0x00,0x00,0x40,0x00,0x00,0x00,0x09,0x00,0x00,0x00,0x04,0x00,0x00,0x02,0xAB,0x00,0x00,0x00,0x09,0x00,
    0x00,0x00,0x01,0x00,0x00,0x00,0x3C,0x00,0x00,0x00,0x09,0x00,0x00,0x00,0x04,0x00,0x00,0x00,0x37,0x00,0x00,0x00,0x09,0x00,
    0x00,0x00,0x04,0x00,0x00,0x00,0x36,0x00,0x00,0x00,0x09,0x00,0x00,0x00,0x04,0x00,0x00,0x00,0x3B,0x00,0x00,0x00,0x09,0x00,
    0x00,0x00,0x04,0x00,0x00,0x00,0x39,0x00,0x00,0x00,0x74,0x00,0x00,0x00,0x0F,0x53,0x63,0x61,0x6E,0x20,0x50,0x61,0x6E,0x65,
    0x6C,0x20,0x43,0x69,0x6E,0x65,0x6D,0x61,0x74,0x69,0x63,0x20,0x53,0x6B,0x69,0x70,0x20,0x28,0x49,0x6E,0x74,0x72,0x6F,0x20,
    0x4F,0x70,0x65,0x6E,0x69,0x6E,0x67,0x29,0x00,0x00,0x00,0x00,0x00,0x00,0x00,0x00,0x00,0x00,0x00,0x00,0x00,0x00,0x00,0x00,
    0x00,0x00,0x00,0x00,0x00,0x00,0x00,0x00,0x00,0x00,0x00,0x00,0x0F,0x00,0x00,0x00,0x00,0x00,0x00,0x00,0x00,0x00,0x00,0x00,
    0x00,0x00,0xFF,0xFF,0xFF,0xFF,0xFF,0xFF,0xFF,0xFF,0x00,0x00,0x00,0x00,0x01,0x00,0x00,0x00,0x00,0xFF,0xFF,0xFF,0xFF,0xFF,
    0xFF,0xFF,0xFF,0xFF,0xFF,0xFF,0xFF,0x05,0x00,0x18,0x00,0x00,0xA4,0x55,0x00,0x00,0x00,0x00,0x00,0x3C,0x00,0x00,0x00,0x0A,
    0x48,0x6F,0x6C,0x64,0x20,0x42,0x6C,0x61,0x63,0x6B,0x00,0x01,0x00,0x00,0x00,0x01,0x00,0x00,0x00,0x00,0x00,0x00,0x00,0x02,
    0x00,0x00,0x00,0x00,0x00,0x00,0x00,0x00,0x00,0x00,0x00,0x00,0x00,0x00,0x00,0x00,0x3F,0x80,0x00,0x00,0x00,0x00,0x00,0x00,
    0x3F,0x00,0x00,0x00,0xFF,0xFF,0xFF,0xFF,0x05,0x00,0x05,0x00,0x18,0x00,0x55,0x00,0x02,0x00,0x00,0x00,0x09,0x00,0x00,0x00,
    0x0D,0x00,0x00,0x03,0x60,0x00,0x00,0x00,0x09,0x00,0x00,0x00,0x0D,0x00,0x00,0x03,0x60,0x00,0x00,0x00,0x2B,0x00,0x00,0x00,
    0x06,0x43,0x75,0x74,0x73,0x63,0x65,0x6E,0x65,0x20,0x53,0x6B,0x69,0x70,0x20,0x32,0x20,0x46,0x72,0x61,0x6D,0x65,0x20,0x44,
    0x65,0x6C,0x61,0x79,0x00,0x3C,0xA3,0xD7,0x0A,0x00,0x00,0x00,0x00,0x00,0x00,0x01,0x03,0x04,0x00,0x02,0xE2,0x00,0x00,0x00,
    0x00,0x00,0x00,0x00,0x07,0x04,0x00,0x02,0xFE,0x03,0x04,0x00,0x02,0xE2,0x00,0x00,0x00,0x05,0x00,0x00,0x00,0x05,0x04,0x00,
    0x02,0xFE,0x03,0x04,0x00,0x02,0xE2,0x00,0x00,0x00,0x00,0x00,0x00,0x00,0x0D,0x04,0x00,0x03,0x00,0x03,0x04,0x00,0x02,0xE2,
    0x00,0x00,0x00,0x05,0x00,0x00,0x00,0x04,0x04,0x00,0x03,0x04,0x03,0x04,0x00,0x02,0xE2,0x00,0x00,0x00,0x00,0x00,0x00,0x00,
    0x0D,0x04,0x00,0x03,0xA6,0x03,0x04,0x00,0x02,0xE2,0x00,0x00,0x00,0x00,0x00,0x00,0x00,0x01,0x04,0x00,0x03,0xA7,0x03,0x08,
    0x00,0x04,0x59,0x00,0x00,0x00,0x09,0x00,0x00,0x00,0x0D,0x08,0x00,0x03,0x60,0x04,0x04,0x00,0x02,0xE2,0x00,0x00,0x00,0x05,
    0x00,0x00,0x00,0x0D,0x00,0x00,0x00,0x67,0x04,0x04,0x00,0x02,0xF6,0x00,0x00,0x00,0x09,0x00,0x00,0x00,0x07,0x00,0x00,0x00,
    0x68,0x04,0x04,0x00,0x02,0xF6,0x00,0x00,0x00,0x09,0x00,0x00,0x00,0x07,0x00,0x00,0x02,0xFE,0x04,0x04,0x00,0x02,0xF6,0x00,
    0x00,0x00,0x09,0x00,0x00,0x00,0x0D,0x00,0x00,0x03,0x00,0x04,0x04,0x00,0x02,0xF6,0x00,0x00,0x00,0x09,0x00,0x00,0x00,0x0D,
    0x00,0x00,0x03,0xA6,0x04,0x04,0x00,0x02,0xF6,0x00,0x00,0x00,0x09,0x00,0x00,0x00,0x01,0x00,0x00,0x03,0xA7,0x04,0x08,0x00,
    0x03,0x10,0x00,0x00,0x00,0x09,0x00,0x00,0x00,0x07,0x00,0x00,0x00,0x4A,0x04,0x08,0x00,0x03,0x5F,0x00,0x00,0x00,0x09,0x00,
    0x00,0x00,0x05,0x00,0x00,0x00,0x4A,0x04,0x08,0x00,0x04,0x59,0x00,0x00,0x00,0x09,0x00,0x00,0x00,0x0B,0x00,0x18,0x00,0x55,
    0x04,0x08,0x00,0x04,0x59,0x00,0x00,0x00,0x09,0x00,0x00,0x00,0x0B,0x00,0x18,0x00,0x55,0x04,0x08,0x00,0x04,0x59,0x00,0x00,
    0x00,0x09,0x00,0x00,0x00,0x01,0x00,0x00,0x03,0x24,0x04,0x08,0x00,0x04,0x59,0x00,0x00,0x00,0x09,0x00,0x00,0x00,0x01,0x00,
    0x00,0x03,0x24,0x04,0x08,0x00,0x04,0x59,0x00,0x00,0x00,0x09,0x00,0x00,0x00,0x07,0x00,0x00,0xA4,0x55,0x05,0x00,0x15,0x00,
    0x34,0x00,0x5D,0x00,0x14,0x00,0x00,0x00,0x09,0x00,0x00,0x00,0x10,0x00,0x34,0x01,0x75,0x00,0x00,0x00,0x09,0x00,0x00,0x00,
    0x14,0x00,0x34,0x01,0xC4,0x00,0x00,0x00,0x09,0x00,0x00,0x00,0x01,0x00,0x34,0x01,0x6A,0x00,0x00,0x00,0x09,0x00,0x00,0x00,
    0x04,0x00,0x34,0x01,0x6B,0x00,0x00,0x00,0x09,0x00,0x00,0x00,0x10,0x00,0x34,0x01,0x7A,0x00,0x00,0x00,0x09,0x00,0x00,0x00,
    0x07,0x00,0x34,0x01,0x50,0x00,0x00,0x00,0x09,0x00,0x00,0x00,0x10,0x00,0x34,0x01,0x76,0x00,0x00,0x00,0x09,0x00,0x00,0x00,
    0x14,0x00,0x34,0x00,0x04,0x00,0x00,0x00,0x09,0x00,0x00,0x00,0x01,0x00,0x34,0x00,0xF0,0x00,0x00,0x00,0x09,0x00,0x00,0x00,
    0x04,0x00,0x34,0x00,0xB5,0x00,0x00,0x00,0x09,0x00,0x00,0x00,0x10,0x00,0x34,0x01,0x79,0x00,0x00,0x00,0x09,0x00,0x00,0x00,
    0x07,0x00,0x34,0x01,0x4F,0x00,0x00,0x00,0x09,0x00,0x00,0x00,0x14,0x00,0x34,0x01,0xC6,0x00,0x00,0x00,0x09,0x00,0x00,0x00,
    0x10,0x00,0x34,0x01,0x77,0x00,0x00,0x00,0x09,0x00,0x00,0x00,0x14,0x00,0x34,0x00,0x03,0x00,0x00,0x00,0x09,0x00,0x00,0x00,
    0x01,0x00,0x34,0x00,0xF1,0x00,0x00,0x00,0x09,0x00,0x00,0x00,0x04,0x00,0x34,0x00,0xB9,0x00,0x00,0x00,0x09,0x00,0x00,0x00,
    0x10,0x00,0x34,0x01,0x78,0x00,0x00,0x00,0x09,0x00,0x00,0x00,0x07,0x00,0x34,0x01,0x4E,0x00,0x00,0x00,0x09,0x00,0x00,0x00,
    0x07,0x00,0x34,0x01,0xBA,0x00,0x00,0x00,0x33,0x00,0x00,0x00,0x02,0x4F,0x76,0x65,0x72,0x6C,0x61,0x70,0x70,0x69,0x6E,0x67,
    0x20,0x43,0x75,0x74,0x73,0x63,0x65,0x6E,0x65,0x73,0x20,0x41,0x63,0x74,0x69,0x76,0x61,0x74,0x6F,0x72,0x20,0x28,0x4D,0x61,
    0x73,0x74,0x65,0x72,0x20,0x53,0x6C,0x6F,0x74,0x29,0x00,0x00,0x05,0x00,0x15,0x00,0x34,0x00,0x7D,0x00,0x09,0x00,0x00,0x00,
    0x09,0x00,0x00,0x00,0x0D,0x00,0x34,0x00,0x31,0x00,0x00,0x00,0x09,0x00,0x00,0x00,0x10,0x00,0x34,0x00,0x7A,0x00,0x00,0x00,
    0x09,0x00,0x00,0x00,0x0B,0x00,0x34,0x00,0x33,0x00,0x00,0x00,0x09,0x00,0x00,0x00,0x10,0x00,0x34,0x00,0xF4,0x00,0x00,0x00,
    0x09,0x00,0x00,0x00,0x04,0x00,0x34,0x00,0xDB,0x00,0x00,0x00,0x09,0x00,0x00,0x00,0x04,0x00,0x34,0x00,0xF2,0x00,0x00,0x00,
    0x09,0x00,0x00,0x00,0x04,0x00,0x34,0x00,0xF3,0x00,0x00,0x00,0x09,0x00,0x00,0x00,0x0B,0x00,0x34,0x00,0x3E,0x00,0x00,0x00,
    0x09,0x00,0x00,0x00,0x0B,0x00,0x34,0x00,0x63,0x00,0x00,0x00,0x31,0x00,0x00,0x00,0x02,0x4F,0x76,0x65,0x72,0x6C,0x61,0x70,
    0x70,0x69,0x6E,0x67,0x20,0x43,0x75,0x74,0x73,0x63,0x65,0x6E,0x65,0x73,0x20,0x41,0x63,0x74,0x69,0x76,0x61,0x74,0x6F,0x72,
    0x20,0x28,0x57,0x61,0x76,0x65,0x20,0x53,0x6C,0x6F,0x74,0x29,0x00,0x00,0x05,0x00,0x15,0x00,0x34,0x00,0x53,0x00,0x0B,0x00,
    0x00,0x00,0x09,0x00,0x00,0x00,0x05,0x00,0x34,0x00,0x36,0x00,0x00,0x00,0x09,0x00,0x00,0x00,0x0D,0x00,0x34,0x00,0x7C,0x00,
    0x00,0x00,0x09,0x00,0x00,0x00,0x04,0x00,0x34,0x00,0x34,0x00,0x00,0x00,0x09,0x00,0x00,0x00,0x10,0x00,0x34,0x00,0x7F,0x00,
    0x00,0x00,0x09,0x00,0x00,0x00,0x0B,0x00,0x34,0x00,0x33,0x00,0x00,0x00,0x09,0x00,0x00,0x00,0x10,0x00,0x34,0x00,0x36,0x00,
    0x00,0x00,0x09,0x00,0x00,0x00,0x04,0x00,0x34,0x00,0xDB,0x00,0x00,0x00,0x09,0x00,0x00,0x00,0x04,0x00,0x34,0x00,0xF2,0x00,
    0x00,0x00,0x09,0x00,0x00,0x00,0x04,0x00,0x34,0x00,0xF3,0x00,0x00,0x00,0x09,0x00,0x00,0x00,0x0B,0x00,0x34,0x00,0x7E,0x00,
    0x00,0x00,0x09,0x00,0x00,0x00,0x0B,0x00,0x34,0x00,0x63,0x00,0x00,0x00,0x30,0x00,0x00,0x00,0x02,0x4F,0x76,0x65,0x72,0x6C,
    0x61,0x70,0x70,0x69,0x6E,0x67,0x20,0x43,0x75,0x74,0x73,0x63,0x65,0x6E,0x65,0x73,0x20,0x41,0x63,0x74,0x69,0x76,0x61,0x74,
    0x6F,0x72,0x20,0x28,0x49,0x63,0x65,0x20,0x53,0x6C,0x6F,0x74,0x29,0x00,0x00,0x05,0x00,0x15,0x00,0x34,0x00,0x56,0x00,0x10,
    0x00,0x00,0x00,0x09,0x00,0x00,0x00,0x0D,0x00,0x34,0x00,0x1E,0x00,0x00,0x00,0x09,0x00,0x00,0x00,0x08,0x00,0x34,0x00,0x01,
    0x00,0x00,0x00,0x09,0x00,0x00,0x00,0x10,0x00,0x34,0x00,0x72,0x00,0x00,0x00,0x09,0x00,0x00,0x00,0x10,0x00,0x34,0x00,0xF9,
    0x00,0x00,0x00,0x09,0x00,0x00,0x00,0x04,0x00,0x34,0x00,0xDB,0x00,0x00,0x00,0x09,0x00,0x00,0x00,0x04,0x00,0x34,0x00,0xF2,
    0x00,0x00,0x00,0x09,0x00,0x00,0x00,0x04,0x00,0x34,0x00,0xF3,0x00,0x00,0x00,0x09,0x00,0x00,0x00,0x05,0x00,0x34,0x00,0x35,
    0x00,0x00,0x00,0x09,0x00,0x00,0x00,0x0F,0x00,0x34,0x02,0xF1,0x00,0x00,0x00,0x09,0x00,0x00,0x00,0x04,0x00,0x34,0x01,0x3F,
    0x00,0x00,0x00,0x09,0x00,0x00,0x00,0x0F,0x00,0x34,0x00,0xBE,0x00,0x00,0x00,0x09,0x00,0x00,0x00,0x0F,0x00,0x34,0x00,0xBB,
    0x00,0x00,0x00,0x09,0x00,0x00,0x00,0x0F,0x00,0x34,0x00,0xBC,0x00,0x00,0x00,0x09,0x00,0x00,0x00,0x14,0x00,0x34,0x00,0xBD,
    0x00,0x00,0x00,0x09,0x00,0x00,0x00,0x0B,0x00,0x34,0x00,0x8C,0x00,0x00,0x00,0x09,0x00,0x00,0x00,0x10,0x00,0x34,0x01,0x41,
    0x00,0x00,0x00,0x33,0x00,0x00,0x00,0x02,0x4F,0x76,0x65,0x72,0x6C,0x61,0x70,0x70,0x69,0x6E,0x67,0x20,0x43,0x75,0x74,0x73,
    0x63,0x65,0x6E,0x65,0x73,0x20,0x41,0x63,0x74,0x69,0x76,0x61,0x74,0x6F,0x72,0x20,0x28,0x50,0x6C,0x61,0x73,0x6D,0x61,0x20,
    0x53,0x6C,0x6F,0x74,0x29,0x00,0x00,0x05,0x00,0x15,0x00,0x34,0x00,0x85,0x00,0x02,0x00,0x00,0x00,0x09,0x00,0x00,0x00,0x04,
    0x00,0x34,0x00,0x4A,0x00,0x00,0x00,0x09,0x00,0x00,0x00,0x0D,0x00,0x34,0x00,0x77,0x00,0x00,0x00,0x19,0x00,0x00,0x00,0x02,
    0x57,0x61,0x76,0x65,0x20,0x53,0x6C,0x6F,0x74,0x20,0x43,0x75,0x74,0x73,0x63,0x65,0x6E,0x65,0x73,0x00,0x00,0x05,0x00,0x15,
    0x00,0x34,0x00,0x83,0x00,0x05,0x00,0x00,0x00,0x09,0x00,0x00,0x00,0x0D,0x00,0x34,0x00,0x75,0x00,0x00,0x00,0x09,0x00,0x00,
    0x00,0x0D,0x00,0x34,0x00,0x88,0x00,0x00,0x00,0x09,0x00,0x00,0x00,0x0D,0x00,0x43,0x42,0x9A,0x00,0x00,0x00,0x09,0x00,0x00,
    0x00,0x0B,0x00,0x34,0x00,0x89,0x00,0x00,0x00,0x09,0x00,0x00,0x00,0x04,0x00,0x34,0x00,0xEA,0x00,0x00,0x00,0x18,0x00,0x00,
    0x00,0x02,0x49,0x63,0x65,0x20,0x53,0x6C,0x6F,0x74,0x20,0x43,0x75,0x74,0x73,0x63,0x65,0x6E,0x65,0x73,0x00,0x00,0x05,0x00,
    0x15,0x00,0x34,0x00,0x8B,0x00,0x01,0x00,0x00,0x00,0x09,0x00,0x00,0x00,0x0B,0x00,0x34,0x00,0x8A,0x00,0x00,0x00,0x1D,0x00,
    0x00,0x00,0x02,0x50,0x72,0x65,0x76,0x65,0x6E,0x74,0x20,0x43,0x75,0x74,0x73,0x63,0x65,0x6E,0x65,0x73,0x20,0x52,0x65,0x6C,
    0x61,0x79,0x00,0x00,0x05,0x00,0x15,0x00,0x34,0x00,0x2B,0x00,0x03,0x00,0x00,0x00,0x09,0x00,0x00,0x00,0x07,0x00,0x43,0x42,
    0x6E,0x00,0x00,0x00,0x09,0x00,0x00,0x00,0x01,0x00,0x34,0x01,0x85,0x00,0x00,0x00,0x09,0x00,0x00,0x00,0x01,0x00,0x34,0x00,
    0x5D,0x00,0x00,0x00,0x21,0x00,0x00,0x00,0x02,0x53,0x74,0x61,0x72,0x74,0x20,0x6F,0x66,0x20,0x4D,0x61,0x73,0x74,0x65,0x72,
    0x20,0x53,0x6C,0x6F,0x74,0x20,0x43,0x69,0x6E,0x65,0x6D,0x61,0x00,0x01,0x05,0x00,0x15,0x00,0x43,0x42,0x9A,0x00,0x01,0x00,
    0x00,0x00,0x09,0x00,0x00,0x00,0x0B,0x00,0x34,0x00,0x81,0x00,0x00,0x00,0x37,0x00,0x00,0x00,0x02,0x44,0x65,0x66,0x61,0x75,
    0x6C,0x74,0x20,0x52,0x6F,0x74,0x61,0x74,0x69,0x6F,0x6E,0x20,0x43,0x75,0x74,0x73,0x63,0x65,0x6E,0x65,0x20,0x43,0x68,0x65,
    0x63,0x6B,0x65,0x72,0x20,0x28,0x44,0x6F,0x77,0x6E,0x54,0x6F,0x44,0x65,0x66,0x61,0x75,0x6C,0x74,0x29,0x00,0x01,0x05,0x00,
    0x15,0x00,0x34,0x00,0x77,0x00,0x01,0x00,0x00,0x00,0x09,0x00,0x00,0x00,0x0B,0x00,0x34,0x00,0x6F,0x00,0x00,0x00,0x38,0x00,
    0x00,0x00,0x02,0x44,0x65,0x66,0x61,0x75,0x6C,0x74,0x20,0x52,0x6F,0x74,0x61,0x74,0x69,0x6F,0x6E,0x20,0x43,0x75,0x74,0x73,
    0x63,0x65,0x6E,0x65,0x20,0x43,0x68,0x65,0x63,0x6B,0x65,0x72,0x20,0x28,0x52,0x69,0x67,0x68,0x74,0x54,0x6F,0x44,0x65,0x66,
    0x61,0x75,0x6C,0x74,0x29,0x00,0x01,0x05,0x00,0x15,0x00,0x34,0x00,0x70,0x00,0x03,0x00,0x00,0x00,0x09,0x00,0x00,0x00,0x07,
    0x00,0x34,0x00,0x87,0x00,0x00,0x00,0x09,0x00,0x00,0x00,0x01,0x00,0x34,0x00,0xEA,0x00,0x00,0x00,0x09,0x00,0x00,0x00,0x07,
    0x00,0x34,0x00,0x35,0x00,0x00,0x00,0x1B,0x00,0x00,0x00,0x02,0x44,0x6F,0x77,0x6E,0x42,0x6F,0x77,0x6C,0x20,0x43,0x69,0x6E,
    0x65,0x6D,0x61,0x20,0x53,0x74,0x61,0x72,0x74,0x00,0x01,0x05,0x00,0x15,0x00,0x34,0x00,0x88,0x00,0x01,0x00,0x00,0x00,0x09,
    0x00,0x00,0x00,0x05,0x00,0x34,0x00,0x87,0x00,0x00,0x00,0x19,0x00,0x00,0x00,0x02,0x44,0x6F,0x77,0x6E,0x42,0x6F,0x77,0x6C,
    0x20,0x43,0x69,0x6E,0x65,0x6D,0x61,0x20,0x45,0x6E,0x64,0x00,0x01,0x05,0x00,0x15,0x00,0x34,0x00,0x86,0x00,0x02,0x00,0x00,
    0x00,0x09,0x00,0x00,0x00,0x07,0x00,0x34,0x00,0x6D,0x00,0x00,0x00,0x09,0x00,0x00,0x00,0x01,0x00,0x34,0x00,0x4A,0x00,0x00,
    0x00,0x1C,0x00,0x00,0x00,0x02,0x52,0x69,0x67,0x68,0x74,0x42,0x6F,0x77,0x6C,0x20,0x43,0x69,0x6E,0x65,0x6D,0x61,0x20,0x53,
    0x74,0x61,0x72,0x74,0x00,0x01,0x05,0x00,0x15,0x00,0x34,0x00,0x6C,0x00,0x01,0x00,0x00,0x00,0x09,0x00,0x00,0x00,0x05,0x00,
    0x34,0x00,0x87,0x00,0x00,0x00,0x17,0x00,0x00,0x00,0x02,0x42,0x72,0x69,0x64,0x67,0x65,0x20,0x43,0x69,0x6E,0x65,0x6D,0x61,
    0x20,0x45,0x6E,0x64,0x00,0x01,0x05,0x00,0x15,0x00,0x34,0x00,0x1E,0x00,0x03,0x00,0x00,0x00,0x09,0x00,0x00,0x00,0x05,0x00,
    0x34,0x00,0x2A,0x00,0x00,0x00,0x09,0x00,0x00,0x00,0x04,0x00,0x34,0x00,0x56,0x00,0x00,0x00,0x09,0x00,0x00,0x00,0x05,0x00,
    0x34,0x00,0x35,0x00,0x00,0x00,0x1B,0x00,0x00,0x00,0x02,0x45,0x6E,0x64,0x20,0x43,0x68,0x6F,0x7A,0x6F,0x20,0x42,0x6F,0x77,
    0x6C,0x65,0x72,0x20,0x4D,0x6F,0x76,0x65,0x00,0x01,0x05,0x00,0x15,0x00,0x34,0x00,0x2C,0x00,0x01,0x00,0x00,0x00,0x09,0x00,
    0x00,0x00,0x04,0x00,0x34,0x00,0x5D,0x00,0x00,0x00,0x1F,0x00,0x00,0x00,0x02,0x45,0x6E,0x64,0x20,0x6F,0x66,0x20,0x4D,0x61,
    0x73,0x74,0x65,0x72,0x20,0x53,0x6C,0x6F,0x74,0x20,0x43,0x69,0x6E,0x65,0x6D,0x61,0x00,0x01,0x05,0x00,0x15,0x00,0x34,0x00,
    0x7C,0x00,0x04,0x00,0x00,0x00,0x09,0x00,0x00,0x00,0x05,0x00,0x34,0x00,0x36,0x00,0x00,0x00,0x09,0x00,0x00,0x00,0x0B,0x00,
    0x34,0x03,0x01,0x00,0x00,0x00,0x09,0x00,0x00,0x00,0x05,0x00,0x34,0x00,0x35,0x00,0x00,0x00,0x09,0x00,0x00,0x00,0x04,0x00,
    0x34,0x00,0x53,0x00,0x00,0x00,0x17,0x00,0x00,0x00,0x02,0x45,0x6E,0x64,0x4D,0x6F,0x76,0x65,0x42,0x72,0x69,0x64,0x67,0x65,
    0x44,0x6F,0x77,0x6E,0x00,0x01,0x05,0x00,0x15,0x00,0x34,0x00,0x31,0x00,0x05,0x00,0x00,0x00,0x09,0x00,0x00,0x00,0x05,0x00,
    0x34,0x00,0x32,0x00,0x00,0x00,0x09,0x00,0x00,0x00,0x05,0x00,0x34,0x00,0x35,0x00,0x00,0x00,0x09,0x00,0x00,0x00,0x05,0x00,
    0x34,0x00,0x32,0x00,0x00,0x00,0x09,0x00,0x00,0x00,0x0B,0x00,0x34,0x03,0x01,0x00,0x00,0x00,0x09,0x00,0x00,0x00,0x04,0x00,
    0x34,0x00,0x7D,0x00,0x00,0x00,0x18,0x00,0x00,0x00,0x02,0x45,0x6E,0x64,0x4D,0x6F,0x76,0x65,0x42,0x72,0x69,0x64,0x67,0x65,
    0x52,0x69,0x67,0x68,0x74,0x00,0x01,0x05,0x00,0x15,0x00,0x34,0x00,0x12,0x00,0x04,0x00,0x00,0x00,0x09,0x00,0x00,0x00,0x07,
    0x00,0x34,0x00,0x06,0x00,0x00,0x00,0x09,0x00,0x00,0x00,0x01,0x00,0x34,0x01,0x42,0x00,0x00,0x00,0x09,0x00,0x00,0x00,0x07,
    0x00,0x34,0x00,0x35,0x00,0x00,0x00,0x09,0x00,0x00,0x00,0x0D,0x00,0x34,0x03,0x78,0x00,0x00,0x00,0x21,0x00,0x00,0x00,0x02,
    0x47,0x68,0x6F,0x73,0x74,0x20,0x44,0x65,0x61,0x74,0x68,0x20,0x43,0x69,0x6E,0x65,0x6D,0x61,0x74,0x69,0x63,0x20,0x53,0x74,
    0x61,0x72,0x74,0x00,0x01,0x05,0x00,0x15,0x00,0x34,0x00,0x1B,0x00,0x02,0x00,0x00,0x00,0x09,0x00,0x00,0x00,0x05,0x00,0x34,
    0x00,0x35,0x00,0x00,0x00,0x09,0x00,0x00,0x00,0x0D,0x00,0x34,0x01,0x46,0x00,0x00,0x00,0x1F,0x00,0x00,0x00,0x02,0x47,0x68,
    0x6F,0x73,0x74,0x20,0x44,0x65,0x61,0x74,0x68,0x20,0x43,0x69,0x6E,0x65,0x6D,0x61,0x74,0x69,0x63,0x20,0x45,0x6E,0x64,0x00,
    0x01,0x05,0x00,0x15,0x00,0x34,0x00,0x75,0x00,0x01,0x00,0x00,0x00,0x09,0x00,0x00,0x00,0x0B,0x00,0x34,0x00,0x33,0x00,0x00,
    0x00,0x25,0x00,0x00,0x00,0x02,0x50,0x6C,0x61,0x74,0x66,0x6F,0x72,0x6D,0x20,0x43,0x75,0x74,0x73,0x63,0x65,0x6E,0x65,0x20,
    0x53,0x6F,0x75,0x6E,0x64,0x20,0x43,0x68,0x65,0x63,0x6B,0x65,0x72,0x00,0x01,0x05,0x00,0x15,0x00,0x43,0x42,0xAE,0x00,0x04,
    0x00,0x00,0x00,0x09,0x00,0x00,0x00,0x07,0x00,0x43,0x42,0xF2,0x00,0x00,0x00,0x09,0x00,0x00,0x00,0x01,0x00,0x34,0x00,0xF5,
    0x00,0x00,0x00,0x09,0x00,0x00,0x00,0x07,0x00,0x34,0x00,0x35,0x00,0x00,0x00,0x09,0x00,0x00,0x00,0x01,0x00,0x52,0x85,0x10,
    0x00,0x00,0x00,0x18,0x00,0x00,0x00,0x02,0x42,0x6F,0x77,0x6C,0x65,0x72,0x20,0x54,0x68,0x72,0x6F,0x77,0x20,0x53,0x74,0x61,
    0x72,0x74,0x00,0x01,0x05,0x00,0x15,0x00,0x43,0x42,0xAF,0x00,0x01,0x00,0x00,0x00,0x09,0x00,0x00,0x00,0x04,0x00,0x52,0x85,
    0x10,0x00,0x00,0x00,0x16,0x00,0x00,0x00,0x02,0x42,0x6F,0x77,0x6C,0x65,0x72,0x20,0x54,0x68,0x72,0x6F,0x77,0x20,0x45,0x6E,
    0x64,0x00,0x01,0x05,0x00,0x15,0x00,0x43,0x42,0xCD,0x00,0x04,0x00,0x00,0x00,0x09,0x00,0x00,0x00,0x05,0x00,0x43,0x42,0xF2,
    0x00,0x00,0x00,0x09,0x00,0x00,0x00,0x0D,0x00,0x52,0x85,0x10,0x00,0x00,0x00,0x09,0x00,0x00,0x00,0x01,0x00,0x34,0x00,0x46,
    0x00,0x00,0x00,0x09,0x00,0x00,0x00,0x01,0x00,0x52,0x85,0x1D,0x00,0x00,0x00,0x15,0x00,0x00,0x00,0x02,0x57,0x61,0x76,0x65,
    0x20,0x54,0x68,0x72,0x6F,0x77,0x20,0x53,0x6B,0x69,0x70,0x00,0x00,0x05,0x00,0x15,0x00,0x43,0x42,0xB1,0x00,0x05,0x00,0x00,
    0x00,0x09,0x00,0x00,0x00,0x05,0x00,0x43,0x42,0xF2,0x00,0x00,0x00,0x09,0x00,0x00,0x00,0x0D,0x00,0x52,0x85,0x10,0x00,0x00,
    0x00,0x09,0x00,0x00,0x00,0x01,0x00,0x34,0x00,0x46,0x00,0x00,0x00,0x09,0x00,0x00,0x00,0x01,0x00,0x52,0x85,0x19,0x00,0x00,
    0x00,0x09,0x00,0x00,0x00,0x01,0x00,0x52,0x85,0x0F,0x00,0x00,0x00,0x18,0x00,0x00,0x00,0x02,0x4E,0x65,0x75,0x74,0x72,0x61,
    0x6C,0x20,0x54,0x68,0x72,0x6F,0x77,0x20,0x53,0x6B,0x69,0x70,0x00,0x01,0x05,0x00,0x15,0x00,0x43,0x42,0xCE,0x00,0x03,0x00,
    0x00,0x00,0x09,0x00,0x00,0x00,0x0D,0x00,0x52,0x85,0x11,0x00,0x00,0x00,0x09,0x00,0x00,0x00,0x01,0x00,0x34,0x00,0x52,0x00,
    0x00,0x00,0x09,0x00,0x00,0x00,0x01,0x00,0x52,0x85,0x12,0x00,0x00,0x00,0x14,0x00,0x00,0x00,0x02,0x49,0x63,0x65,0x20,0x54,
    0x68,0x72,0x6F,0x77,0x20,0x53,0x6B,0x69,0x70,0x00,0x00,0x05,0x00,0x0F,0x00,0x43,0x42,0xC6,0x00,0x00,0x00,0x00,0x00,0xAA,
    0x00,0x00,0x00,0x23,0x72,0x61,0x6E,0x64,0x6F,0x6D,0x70,0x72,0x69,0x6D,0x65,0x20,0x53,0x70,0x61,0x77,0x6E,0x50,0x6F,0x69,
    0x6E,0x74,0x00,0x44,0x47,0xE0,0xE4,0xC3,0x28,0xDE,0x5D,0x42,0x90,0x68,0xDB,0x00,0x00,0x00,0x00,0x00,0x00,0x00,0x00,0xC3,
    0x34,0x00,0x00,0x00,0x00,0x00,0x00,0x00,0x00,0x00,0x00,0x00,0x00,0x00,0x00,0x00,0x00,0x00,0x00,0x00,0x00,0x00,0x00,0x00,
    0x00,0x00,0x00,0x00,0x00,0x00,0x00,0x00,0x00,0x00,0x00,0x00,0x00,0x00,0x00,0x00,0x00,0x00,0x00,0x00,0x00,0x00,0x00,0x00,
    0x00,0x00,0x00,0x00,0x00,0x00,0x00,0x00,0x00,0x00,0x00,0x00,0x00,0x00,0x00,0x00,0x00,0x00,0x00,0x00,0x00,0x00,0x00,0x00,
    0x00,0x00,0x00,0x00,0x00,0x00,0x00,0x00,0x00,0x00,0x00,0x00,0x00,0x00,0x00,0x00,0x00,0x00,0x00,0x00,0x00,0x00,0x00,0x00,
    0x00,0x00,0x00,0x00,0x00,0x00,0x00,0x00,0x00,0x00,0x00,0x00,0x00,0x00,0x00,0x00,0x00,0x00,0x00,0x00,0x00,0x00,0x00,0x00,
    0x01,0x01,0x05,0x00,0x0F,0x00,0x52,0x85,0x10,0x00,0x01,0x00,0x00,0x00,0x09,0x00,0x00,0x00,0x01,0x00,0x34,0x00,0x3C,0x00,
    0x00,0x00,0xAA,0x00,0x00,0x00,0x23,0x72,0x61,0x6E,0x64,0x6F,0x6D,0x70,0x72,0x69,0x6D,0x65,0x20,0x53,0x70,0x61,0x77,0x6E,
    0x50,0x6F,0x69,0x6E,0x74,0x00,0x44,0x43,0x63,0x4A,0xC3,0x35,0x23,0x49,0x42,0x43,0x7D,0x4F,0x00,0x00,0x00,0x00,0x00,0x00,
    0x00,0x00,0x00,0x00,0x00,0x00,0x00,0x00,0x00,0x00,0x00,0x00,0x00,0x00,0x00,0x00,0x00,0x00,0x00,0x00,0x00,0x00,0x00,0x00,
    0x00,0x00,0x00,0x00,0x00,0x00,0x00,0x00,0x00,0x00,0x00,0x00,0x00,0x00,0x00,0x00,0x00,0x00,0x00,0x00,0x00,0x00,0x00,0x00,
    0x00,0x00,0x00,0x00,0x00,0x00,0x00,0x00,0x00,0x00,0x00,0x00,0x00,0x00,0x00,0x00,0x00,0x00,0x00,0x00,0x00,0x00,0x00,0x00,
    0x00,0x00,0x00,0x00,0x00,0x00,0x00,0x00,0x00,0x00,0x00,0x00,0x00,0x00,0x00,0x00,0x00,0x00,0x00,0x00,0x00,0x00,0x00,0x00,
    0x00,0x00,0x00,0x00,0x00,0x00,0x00,0x00,0x00,0x00,0x00,0x00,0x00,0x00,0x00,0x00,0x00,0x00,0x00,0x00,0x00,0x00,0x00,0x00,
    0x00,0x00,0x00,0x01,0x01,0x05,0x00,0x0F,0x00,0x52,0x85,0x11,0x00,0x00,0x00,0x00,0x00,0x9A,0x00,0x00,0x00,0x23,0x42,0x6F,
    0x74,0x74,0x6F,0x6D,0x00,0x44,0x40,0x6C,0x14,0xC3,0x1E,0x1A,0x87,0x41,0xF6,0x2A,0x63,0x00,0x00,0x00,0x00,0x00,0x00,0x00,
    0x00,0xC2,0xB4,0x00,0x00,0x00,0x00,0x00,0x00,0x00,0x00,0x00,0x00,0x00,0x00,0x00,0x00,0x00,0x00,0x00,0x00,0x00,0x00,0x00,
    0x00,0x00,0x00,0x00,0x00,0x00,0x00,0x00,0x00,0x00,0x00,0x00,0x00,0x00,0x00,0x00,0x00,0x00,0x00,0x00,0x00,0x00,0x00,0x00,
    0x00,0x00,0x00,0x00,0x00,0x00,0x00,0x00,0x00,0x00,0x00,0x00,0x00,0x00,0x00,0x00,0x00,0x00,0x00,0x00,0x00,0x00,0x00,0x00,
    0x00,0x00,0x00,0x00,0x00,0x00,0x00,0x00,0x00,0x00,0x00,0x00,0x00,0x00,0x00,0x00,0x00,0x00,0x00,0x00,0x00,0x00,0x00,0x00,
    0x00,0x00,0x00,0x00,0x00,0x00,0x00,0x00,0x00,0x00,0x00,0x00,0x00,0x00,0x00,0x00,0x00,0x00,0x00,0x00,0x00,0x00,0x00,0x00,
    0x00,0x00,0x01,0x01,0x05,0x00,0x04,0x00,0x52,0x85,0x1D,0x00,0x00,0x00,0x00,0x00,0x4D,0x00,0x00,0x00,0x09,0x59,0x65,0x65,
    0x74,0x20,0x57,0x61,0x76,0x65,0x00,0x44,0x43,0x63,0x4A,0xC3,0x32,0x1D,0x79,0x42,0x45,0x8B,0xA7,0x40,0x00,0x00,0x00,0x41,
    0x20,0x00,0x00,0x40,0x00,0x00,0x00,0x00,0x00,0x00,0x04,0x00,0x00,0x00,0x00,0x00,0x00,0x00,0x00,0x00,0x00,0x00,0x00,0x00,
    0x00,0x00,0x00,0x00,0x00,0x00,0x00,0x43,0x96,0x00,0x00,0x00,0x00,0x00,0x00,0x00,0x00,0x30,0x00,0x00,0x00,0x01,0x05,0x00,
    0x04,0x00,0x52,0x85,0x0F,0x00,0x01,0x00,0x00,0x00,0x04,0x00,0x00,0x00,0x04,0x00,0x52,0x85,0x10,0x00,0x00,0x00,0x50,0x00,
    0x00,0x00,0x09,0x59,0x65,0x65,0x74,0x20,0x4E,0x65,0x75,0x74,0x72,0x61,0x6C,0x00,0x44,0x43,0x63,0x4A,0xC3,0x32,0x16,0xE6,
    0x42,0x45,0x8B,0xA7,0x40,0x00,0x00,0x00,0x41,0x20,0x00,0x00,0x40,0x00,0x00,0x00,0x00,0x00,0x00,0x04,0x00,0x00,0x00,0x00,
    0x00,0x00,0x00,0x00,0x00,0x00,0x00,0x00,0x00,0x00,0x00,0x00,0x00,0x00,0x00,0x00,0x43,0x48,0x00,0x00,0x00,0x00,0x00,0x00,
    0x00,0x00,0x30,0x00,0x00,0x00,0x01,0x05,0x00,0x04,0x00,0x52,0x85,0x19,0x00,0x00,0x00,0x00,0x00,0x50,0x00,0x00,0x00,0x09,
    0x49,0x6E,0x69,0x74,0x69,0x61,0x6C,0x20,0x59,0x65,0x65,0x74,0x00,0x44,0x43,0x63,0x4A,0xC3,0x36,0x64,0x30,0x42,0x45,0x8B,
    0xA7,0x40,0x00,0x00,0x00,0x40,0x00,0x00,0x00,0x40,0x00,0x00,0x00,0x00,0x00,0x00,0x04,0x00,0x00,0x00,0x00,0x00,0x00,0x00,
    0x00,0x00,0x00,0x00,0x00,0x00,0x00,0x00,0x00,0x00,0x00,0x00,0x00,0x44,0x7A,0x00,0x00,0x00,0x00,0x00,0x00,0x00,0x00,0x30,
    0x00,0x00,0x00,0x01,0x05,0x00,0x04,0x00,0x52,0x85,0x12,0x00,0x03,0x00,0x00,0x00,0x03,0x00,0x00,0x00,0x04,0x00,0x34,0x00,
    0x1D,0x00,0x00,0x00,0x03,0x00,0x00,0x00,0x07,0x00,0x34,0x01,0x9B,0x00,0x00,0x00,0x03,0x00,0x00,0x00,0x05,0x00,0x34,0x00,
    0x35,0x00,0x00,0x00,0x4A,0x00,0x00,0x00,0x09,0x59,0x65,0x65,0x74,0x20,0x32,0x00,0x44,0x3F,0xEA,0x75,0xC3,0x1E,0x1A,0x87,
    0x41,0xFD,0x3C,0x38,0x40,0xA0,0x00,0x00,0x40,0x00,0x00,0x00,0x40,0x00,0x00,0x00,0x00,0x00,0x00,0x04,0x00,0x00,0x00,0x00,
    0x00,0x00,0x00,0x00,0x00,0x00,0x00,0x00,0x00,0x00,0x00,0x00,0xC3,0x96,0x00,0x00,0x00,0x00,0x00,0x00,0x00,0x00,0x00,0x00,
    0x00,0x00,0x30,0x00,0x00,0x00,0x01,0x05,0x00,0x3A,0x00,0x34,0x00,0x06,0x00,0x07,0x00,0x00,0x00,0x09,0x00,0x00,0x00,0x0D,
    0x00,0x34,0x00,0x1B,0x00,0x00,0x00,0x09,0x00,0x00,0x00,0x04,0x00,0x34,0x01,0x42,0x00,0x00,0x00,0x09,0x00,0x00,0x00,0x13,
    0x00,0x34,0x01,0xEA,0x00,0x00,0x00,0x09,0x00,0x00,0x00,0x0D,0x00,0x34,0x00,0x5D,0x00,0x00,0x00,0x09,0x00,0x00,0x00,0x0D,
    0x00,0x34,0x00,0x7D,0x00,0x00,0x00,0x09,0x00,0x00,0x00,0x0D,0x00,0x34,0x00,0x53,0x00,0x00,0x00,0x09,0x00,0x00,0x00,0x0D,
    0x00,0x34,0x00,0x56,0x00,0x00,0x00,0x77,0x00,0x00,0x00,0x0F,0x53,0x70,0x65,0x63,0x69,0x61,0x6C,0x46,0x75,0x6E,0x63,0x74,
    0x69,0x6F,0x6E,0x20,0x43,0x69,0x6E,0x65,0x6D,0x61,0x74,0x69,0x63,0x20,0x53,0x6B,0x69,0x70,0x20,0x28,0x47,0x68,0x6F,0x73,
    0x74,0x20,0x44,0x65,0x61,0x74,0x68,0x29,0x00,0x00,0x00,0x00,0x00,0x00,0x00,0x00,0x00,0x00,0x00,0x00,0x00,0x00,0x00,0x00,
    0x00,0x00,0x00,0x00,0x00,0x00,0x00,0x00,0x00,0x00,0x00,0x00,0x0F,0x00,0x00,0x00,0x00,0x00,0x00,0x00,0x00,0x00,0x00,0x00,
    0x00,0x00,0xFF,0xFF,0xFF,0xFF,0xFF,0xFF,0xFF,0xFF,0x00,0x00,0x00,0x00,0x01,0x00,0x00,0x00,0x00,0xFF,0xFF,0xFF,0xFF,0xFF,
    0xFF,0xFF,0xFF,0xFF,0xFF,0xFF,0xFF,0x05,0x00,0x3A,0x00,0x34,0x00,0x2A,0x00,0x0D,0x00,0x00,0x00,0x09,0x00,0x00,0x00,0x08,
    0x00,0x34,0x00,0x01,0x00,0x00,0x00,0x09,0x00,0x00,0x00,0x10,0x00,0x34,0x00,0x72,0x00,0x00,0x00,0x09,0x00,0x00,0x00,0x10,
    0x00,0x34,0x00,0xF9,0x00,0x00,0x00,0x09,0x00,0x00,0x00,0x04,0x00,0x34,0x00,0xDB,0x00,0x00,0x00,0x09,0x00,0x00,0x00,0x04,
    0x00,0x34,0x00,0xF2,0x00,0x00,0x00,0x09,0x00,0x00,0x00,0x04,0x00,0x34,0x00,0xF3,0x00,0x00,0x00,0x09,0x00,0x00,0x00,0x0F,
    0x00,0x34,0x02,0xF1,0x00,0x00,0x00,0x09,0x00,0x00,0x00,0x04,0x00,0x34,0x01,0x3F,0x00,0x00,0x00,0x09,0x00,0x00,0x00,0x0F,
    0x00,0x34,0x00,0xBE,0x00,0x00,0x00,0x09,0x00,0x00,0x00,0x0F,0x00,0x34,0x00,0xBB,0x00,0x00,0x00,0x09,0x00,0x00,0x00,0x0D,
    0x00,0x34,0x00,0x1E,0x00,0x00,0x00,0x09,0x00,0x00,0x00,0x0F,0x00,0x34,0x00,0xBC,0x00,0x00,0x00,0x09,0x00,0x00,0x00,0x14,
    0x00,0x34,0x00,0xBD,0x00,0x00,0x00,0x77,0x00,0x00,0x00,0x0F,0x53,0x70,0x65,0x63,0x69,0x61,0x6C,0x46,0x75,0x6E,0x63,0x74,
    0x69,0x6F,0x6E,0x20,0x43,0x69,0x6E,0x65,0x6D,0x61,0x74,0x69,0x63,0x20,0x53,0x6B,0x69,0x70,0x20,0x28,0x50,0x6C,0x61,0x73,
    0x6D,0x61,0x20,0x53,0x6C,0x6F,0x74,0x29,0x00,0x00,0x00,0x00,0x00,0x00,0x00,0x00,0x00,0x00,0x00,0x00,0x00,0x00,0x00,0x00,
    0x00,0x00,0x00,0x00,0x00,0x00,0x00,0x00,0x00,0x00,0x00,0x00,0x0F,0x00,0x00,0x00,0x00,0x00,0x00,0x00,0x00,0x00,0x00,0x00,
    0x00,0x00,0xFF,0xFF,0xFF,0xFF,0xFF,0xFF,0xFF,0xFF,0x00,0x00,0x00,0x00,0x01,0x00,0x00,0x00,0x00,0xFF,0xFF,0xFF,0xFF,0xFF,
    0xFF,0xFF,0xFF,0xFF,0xFF,0xFF,0xFF,0x05,0x00,0x3A,0x00,0x43,0x42,0x6E,0x00,0x18,0x00,0x00,0x00,0x09,0x00,0x00,0x00,0x0D,
    0x00,0x34,0x00,0x2C,0x00,0x00,0x00,0x09,0x00,0x00,0x00,0x0D,0x00,0x34,0x01,0x85,0x00,0x00,0x00,0x09,0x00,0x00,0x00,0x05,
    0x00,0x34,0x00,0x35,0x00,0x00,0x00,0x09,0x00,0x00,0x00,0x04,0x00,0x34,0x01,0x7C,0x00,0x00,0x00,0x09,0x00,0x00,0x00,0x10,
    0x00,0x34,0x01,0x75,0x00,0x00,0x00,0x09,0x00,0x00,0x00,0x14,0x00,0x34,0x01,0xC4,0x00,0x00,0x00,0x09,0x00,0x00,0x00,0x01,
    0x00,0x34,0x01,0x6A,0x00,0x00,0x00,0x09,0x00,0x00,0x00,0x04,0x00,0x34,0x01,0x6B,0x00,0x00,0x00,0x09,0x00,0x00,0x00,0x10,
    0x00,0x34,0x01,0x7A,0x00,0x00,0x00,0x09,0x00,0x00,0x00,0x07,0x00,0x34,0x01,0x50,0x00,0x00,0x00,0x09,0x00,0x00,0x00,0x10,
    0x00,0x34,0x01,0x76,0x00,0x00,0x00,0x09,0x00,0x00,0x00,0x14,0x00,0x34,0x00,0x04,0x00,0x00,0x00,0x09,0x00,0x00,0x00,0x01,
    0x00,0x34,0x00,0xF0,0x00,0x00,0x00,0x09,0x00,0x00,0x00,0x04,0x00,0x34,0x00,0xB5,0x00,0x00,0x00,0x09,0x00,0x00,0x00,0x10,
    0x00,0x34,0x01,0x79,0x00,0x00,0x00,0x09,0x00,0x00,0x00,0x07,0x00,0x34,0x01,0x4F,0x00,0x00,0x00,0x09,0x00,0x00,0x00,0x14,
    0x00,0x34,0x01,0xC6,0x00,0x00,0x00,0x09,0x00,0x00,0x00,0x10,0x00,0x34,0x01,0x77,0x00,0x00,0x00,0x09,0x00,0x00,0x00,0x14,
    0x00,0x34,0x00,0x03,0x00,0x00,0x00,0x09,0x00,0x00,0x00,0x01,0x00,0x34,0x00,0xF1,0x00,0x00,0x00,0x09,0x00,0x00,0x00,0x04,
    0x00,0x34,0x00,0xB9,0x00,0x00,0x00,0x09,0x00,0x00,0x00,0x10,0x00,0x34,0x01,0x78,0x00,0x00,0x00,0x09,0x00,0x00,0x00,0x07,
    0x00,0x34,0x01,0x4E,0x00,0x00,0x00,0x09,0x00,0x00,0x00,0x07,0x00,0x34,0x01,0xBA,0x00,0x00,0x00,0x77,0x00,0x00,0x00,0x0F,
    0x53,0x70,0x65,0x63,0x69,0x61,0x6C,0x46,0x75,0x6E,0x63,0x74,0x69,0x6F,0x6E,0x20,0x43,0x69,0x6E,0x65,0x6D,0x61,0x74,0x69,
    0x63,0x20,0x53,0x6B,0x69,0x70,0x20,0x28,0x4D,0x61,0x73,0x74,0x65,0x72,0x20,0x53,0x6C,0x6F,0x74,0x29,0x00,0x00,0x00,0x00,
    0x00,0x00,0x00,0x00,0x00,0x00,0x00,0x00,0x00,0x00,0x00,0x00,0x00,0x00,0x00,0x00,0x00,0x00,0x00,0x00,0x00,0x00,0x00,0x00,
    0x0F,0x00,0x00,0x00,0x00,0x00,0x00,0x00,0x00,0x00,0x00,0x00,0x00,0x00,0xFF,0xFF,0xFF,0xFF,0xFF,0xFF,0xFF,0xFF,0x00,0x00,
    0x00,0x00,0x01,0x00,0x00,0x00,0x00,0xFF,0xFF,0xFF,0xFF,0xFF,0xFF,0xFF,0xFF,0xFF,0xFF,0xFF,0xFF,0x05,0x00,0x3A,0x00,0x34,
    0x00,0x32,0x00,0x0C,0x00,0x00,0x00,0x09,0x00,0x00,0x00,0x0D,0x00,0x34,0x00,0x31,0x00,0x00,0x00,0x09,0x00,0x00,0x00,0x04,
    0x00,0x34,0x00,0x3A,0x00,0x00,0x00,0x09,0x00,0x00,0x00,0x05,0x00,0x34,0x00,0x35,0x00,0x00,0x00,0x09,0x00,0x00,0x00,0x10,
    0x00,0x34,0x00,0x7A,0x00,0x00,0x00,0x09,0x00,0x00,0x00,0x0B,0x00,0x34,0x00,0x33,0x00,0x00,0x00,0x09,0x00,0x00,0x00,0x10,
    0x00,0x34,0x00,0xF4,0x00,0x00,0x00,0x09,0x00,0x00,0x00,0x04,0x00,0x34,0x00,0xDB,0x00,0x00,0x00,0x09,0x00,0x00,0x00,0x04,
    0x00,0x34,0x00,0xF2,0x00,0x00,0x00,0x09,0x00,0x00,0x00,0x04,0x00,0x34,0x00,0xF3,0x00,0x00,0x00,0x09,0x00,0x00,0x00,0x0B,
    0x00,0x34,0x00,0x3E,0x00,0x00,0x00,0x09,0x00,0x00,0x00,0x0B,0x00,0x34,0x00,0x63,0x00,0x00,0x00,0x09,0x00,0x00,0x00,0x0B,
    0x00,0x43,0x42,0xF3,0x00,0x00,0x00,0x75,0x00,0x00,0x00,0x0F,0x53,0x70,0x65,0x63,0x69,0x61,0x6C,0x46,0x75,0x6E,0x63,0x74,
    0x69,0x6F,0x6E,0x20,0x43,0x69,0x6E,0x65,0x6D,0x61,0x74,0x69,0x63,0x20,0x53,0x6B,0x69,0x70,0x20,0x28,0x57,0x61,0x76,0x65,
    0x20,0x53,0x6C,0x6F,0x74,0x29,0x00,0x00,0x00,0x00,0x00,0x00,0x00,0x00,0x00,0x00,0x00,0x00,0x00,0x00,0x00,0x00,0x00,0x00,
    0x00,0x00,0x00,0x00,0x00,0x00,0x00,0x00,0x00,0x00,0x0F,0x00,0x00,0x00,0x00,0x00,0x00,0x00,0x00,0x00,0x00,0x00,0x00,0x00,
    0xFF,0xFF,0xFF,0xFF,0xFF,0xFF,0xFF,0xFF,0x00,0x00,0x00,0x00,0x01,0x00,0x00,0x00,0x00,0xFF,0xFF,0xFF,0xFF,0xFF,0xFF,0xFF,
    0xFF,0xFF,0xFF,0xFF,0xFF,0x05,0x00,0x3A,0x00,0x34,0x00,0x36,0x00,0x0C,0x00,0x00,0x00,0x09,0x00,0x00,0x00,0x0D,0x00,0x34,
    0x00,0x7C,0x00,0x00,0x00,0x09,0x00,0x00,0x00,0x04,0x00,0x34,0x00,0x34,0x00,0x00,0x00,0x09,0x00,0x00,0x00,0x05,0x00,0x34,
    0x00,0x35,0x00,0x00,0x00,0x09,0x00,0x00,0x00,0x10,0x00,0x34,0x00,0x7F,0x00,0x00,0x00,0x09,0x00,0x00,0x00,0x0B,0x00,0x34,
    0x00,0x33,0x00,0x00,0x00,0x09,0x00,0x00,0x00,0x10,0x00,0x34,0x00,0x36,0x00,0x00,0x00,0x09,0x00,0x00,0x00,0x04,0x00,0x34,
    0x00,0xDB,0x00,0x00,0x00,0x09,0x00,0x00,0x00,0x04,0x00,0x34,0x00,0xF2,0x00,0x00,0x00,0x09,0x00,0x00,0x00,0x04,0x00,0x34,
    0x00,0xF3,0x00,0x00,0x00,0x09,0x00,0x00,0x00,0x0B,0x00,0x34,0x00,0x7E,0x00,0x00,0x00,0x09,0x00,0x00,0x00,0x0B,0x00,0x34,
    0x00,0x63,0x00,0x00,0x00,0x09,0x00,0x00,0x00,0x0B,0x00,0x43,0x42,0xF3,0x00,0x00,0x00,0x74,0x00,0x00,0x00,0x0F,0x53,0x70,
    0x65,0x63,0x69,0x61,0x6C,0x46,0x75,0x6E,0x63,0x74,0x69,0x6F,0x6E,0x20,0x43,0x69,0x6E,0x65,0x6D,0x61,0x74,0x69,0x63,0x20,
    0x53,0x6B,0x69,0x70,0x20,0x28,0x49,0x63,0x65,0x20,0x53,0x6C,0x6F,0x74,0x29,0x00,0x00,0x00,0x00,0x00,0x00,0x00,0x00,0x00,
    0x00,0x00,0x00,0x00,0x00,0x00,0x00,0x00,0x00,0x00,0x00,0x00,0x00,0x00,0x00,0x00,0x00,0x00,0x00,0x0F,0x00,0x00,0x00,0x00,
    0x00,0x00,0x00,0x00,0x00,0x00,0x00,0x00,0x00,0xFF,0xFF,0xFF,0xFF,0xFF,0xFF,0xFF,0xFF,0x00,0x00,0x00,0x00,0x01,0x00,0x00,
    0x00,0x00,0xFF,0xFF,0xFF,0xFF,0xFF,0xFF,0xFF,0xFF,0xFF,0xFF,0xFF,0xFF,0x05,0x00,0x3A,0x00,0x34,0x00,0x6D,0x00,0x12,0x00,
    0x00,0x00,0x09,0x00,0x00,0x00,0x0D,0x00,0x34,0x00,0x6C,0x00,0x00,0x00,0x09,0x00,0x00,0x00,0x04,0x00,0x34,0x01,0x91,0x00,
    0x00,0x00,0x09,0x00,0x00,0x00,0x0D,0x00,0x34,0x01,0x9E,0x00,0x00,0x00,0x09,0x00,0x00,0x00,0x04,0x00,0x34,0x01,0x98,0x00,
    0x00,0x00,0x09,0x00,0x00,0x00,0x10,0x00,0x34,0x01,0x99,0x00,0x00,0x00,0x09,0x00,0x00,0x00,0x0D,0x00,0x34,0x01,0x71,0x00,
    0x00,0x00,0x09,0x00,0x00,0x00,0x05,0x00,0x34,0x00,0x35,0x00,0x00,0x00,0x09,0x00,0x00,0x00,0x10,0x00,0x34,0x01,0x94,0x00,
    0x00,0x00,0x09,0x00,0x00,0x00,0x0D,0x00,0x34,0x00,0x75,0x00,0x00,0x00,0x09,0x00,0x00,0x00,0x13,0x00,0x34,0x01,0xEA,0x00,
    0x00,0x00,0x09,0x00,0x00,0x00,0x10,0x00,0x34,0x00,0x7A,0x00,0x00,0x00,0x09,0x00,0x00,0x00,0x0B,0x00,0x34,0x00,0x63,0x00,
    0x00,0x00,0x09,0x00,0x00,0x00,0x0D,0x00,0x34,0x00,0x85,0x00,0x00,0x00,0x09,0x00,0x00,0x00,0x0D,0x00,0x34,0x00,0x83,0x00,
    0x00,0x00,0x09,0x00,0x00,0x00,0x0D,0x00,0x34,0x00,0x88,0x00,0x00,0x00,0x09,0x00,0x00,0x00,0x10,0x00,0x34,0x01,0x95,0x00,
    0x00,0x00,0x09,0x00,0x00,0x00,0x0D,0x00,0x43,0x42,0xC6,0x00,0x00,0x00,0x09,0x00,0x00,0x00,0x01,0x00,0x34,0x00,0x8B,0x00,
    0x00,0x00,0x79,0x00,0x00,0x00,0x0F,0x53,0x70,0x65,0x63,0x69,0x61,0x6C,0x46,0x75,0x6E,0x63,0x74,0x69,0x6F,0x6E,0x20,0x43,
    0x69,0x6E,0x65,0x6D,0x61,0x74,0x69,0x63,0x20,0x53,0x6B,0x69,0x70,0x20,0x28,0x42,0x72,0x69,0x64,0x67,0x65,0x20,0x43,0x69,
    0x6E,0x65,0x6D,0x61,0x29,0x00,0x00,0x00,0x00,0x00,0x00,0x00,0x00,0x00,0x00,0x00,0x00,0x00,0x00,0x00,0x00,0x00,0x00,0x00,
    0x00,0x00,0x00,0x00,0x00,0x00,0x00,0x00,0x00,0x0F,0x00,0x00,0x00,0x00,0x00,0x00,0x00,0x00,0x00,0x00,0x00,0x00,0x00,0xFF,
    0xFF,0xFF,0xFF,0xFF,0xFF,0xFF,0xFF,0x00,0x00,0x00,0x00,0x01,0x00,0x00,0x00,0x00,0xFF,0xFF,0xFF,0xFF,0xFF,0xFF,0xFF,0xFF,
    0xFF,0xFF,0xFF,0xFF,0x05,0x00,0x3A,0x00,0x34,0x00,0x87,0x00,0x0D,0x00,0x00,0x00,0x09,0x00,0x00,0x00,0x0D,0x00,0x34,0x00,
    0x88,0x00,0x00,0x00,0x09,0x00,0x00,0x00,0x04,0x00,0x34,0x00,0xEA,0x00,0x00,0x00,0x09,0x00,0x00,0x00,0x0B,0x00,0x34,0x00,
    0x89,0x00,0x00,0x00,0x09,0x00,0x00,0x00,0x05,0x00,0x34,0x00,0x35,0x00,0x00,0x00,0x09,0x00,0x00,0x00,0x0D,0x00,0x34,0x00,
    0x75,0x00,0x00,0x00,0x09,0x00,0x00,0x00,0x10,0x00,0x34,0x01,0x94,0x00,0x00,0x00,0x09,0x00,0x00,0x00,0x0D,0x00,0x34,0x01,
    0x9E,0x00,0x00,0x00,0x09,0x00,0x00,0x00,0x0D,0x00,0x34,0x01,0x8F,0x00,0x00,0x00,0x09,0x00,0x00,0x00,0x0D,0x00,0x34,0x01,
    0x71,0x00,0x00,0x00,0x09,0x00,0x00,0x00,0x0D,0x00,0x34,0x00,0x83,0x00,0x00,0x00,0x09,0x00,0x00,0x00,0x04,0x00,0x34,0x00,
    0xE8,0x00,0x00,0x00,0x09,0x00,0x00,0x00,0x04,0x00,0x34,0x00,0xE9,0x00,0x00,0x00,0x09,0x00,0x00,0x00,0x04,0x00,0x34,0x01,
    0x9A,0x00,0x00,0x00,0x7B,0x00,0x00,0x00,0x0F,0x53,0x70,0x65,0x63,0x69,0x61,0x6C,0x46,0x75,0x6E,0x63,0x74,0x69,0x6F,0x6E,
    0x20,0x43,0x69,0x6E,0x65,0x6D,0x61,0x74,0x69,0x63,0x20,0x53,0x6B,0x69,0x70,0x20,0x28,0x45,0x6E,0x65,0x72,0x67,0x79,0x20,
    0x54,0x61,0x6E,0x6B,0x20,0x4F,0x75,0x74,0x29,0x00,0x00,0x00,0x00,0x00,0x00,0x00,0x00,0x00,0x00,0x00,0x00,0x00,0x00,0x00,
    0x00,0x00,0x00,0x00,0x00,0x00,0x00,0x00,0x00,0x00,0x00,0x00,0x00,0x0F,0x00,0x00,0x00,0x00,0x00,0x00,0x00,0x00,0x00,0x00,
    0x00,0x00,0x00,0xFF,0xFF,0xFF,0xFF,0xFF,0xFF,0xFF,0xFF,0x00,0x00,0x00,0x00,0x01,0x00,0x00,0x00,0x00,0xFF,0xFF,0xFF,0xFF,
    0xFF,0xFF,0xFF,0xFF,0xFF,0xFF,0xFF,0xFF,0x05,0x00,0x3A,0x00,0x43,0x42,0xF2,0x00,0x08,0x00,0x00,0x00,0x09,0x00,0x00,0x00,
    0x04,0x00,0x34,0x00,0xF5,0x00,0x00,0x00,0x09,0x00,0x00,0x00,0x0D,0x00,0x43,0x42,0xCD,0x00,0x00,0x00,0x09,0x00,0x00,0x00,
    0x0D,0x00,0x43,0x42,0xCE,0x00,0x00,0x00,0x09,0x00,0x00,0x00,0x0D,0x00,0x43,0x42,0xB1,0x00,0x00,0x00,0x09,0x00,0x00,0x00,
    0x04,0x00,0x34,0x00,0x48,0x00,0x00,0x00,0x09,0x00,0x00,0x00,0x10,0x00,0x34,0x00,0x49,0x00,0x00,0x00,0x09,0x00,0x00,0x00,
    0x13,0x00,0x34,0x00,0x9C,0x00,0x00,0x00,0x09,0x00,0x00,0x00,0x0D,0x00,0x34,0x00,0x3D,0x00,0x00,0x00,0x72,0x00,0x00,0x00,
    0x0F,0x53,0x70,0x65,0x63,0x69,0x61,0x6C,0x46,0x75,0x6E,0x63,0x74,0x69,0x6F,0x6E,0x20,0x43,0x69,0x6E,0x65,0x6D,0x61,0x74,
    0x69,0x63,0x20,0x53,0x6B,0x69,0x70,0x20,0x28,0x42,0x6F,0x77,0x6C,0x65,0x72,0x29,0x00,0x00,0x00,0x00,0x00,0x00,0x00,0x00,
    0x00,0x00,0x00,0x00,0x00,0x00,0x00,0x00,0x00,0x00,0x00,0x00,0x00,0x00,0x00,0x00,0x00,0x00,0x00,0x00,0x0F,0x00,0x00,0x00,
    0x00,0x00,0x00,0x00,0x00,0x00,0x00,0x00,0x00,0x00,0xFF,0xFF,0xFF,0xFF,0xFF,0xFF,0xFF,0xFF,0x00,0x00,0x00,0x00,0x01,0x00,
    0x00,0x00,0x00,0xFF,0xFF,0xFF,0xFF,0xFF,0xFF,0xFF,0xFF,0xFF,0xFF,0xFF,0xFF,0x05,0x00,0x1D,0x00,0x34,0x00,0x9C,0x00,0x01,
    0x00,0x00,0x00,0x12,0x00,0x00,0x00,0x14,0x00,0x34,0x00,0x3B,0x00,0x00,0x00,0x29,0x00,0x00,0x00,0x07,0x52,0x65,0x73,0x65,
    0x74,0x20,0x43,0x68,0x6F,0x7A,0x6F,0x20,0x53,0x74,0x61,0x74,0x75,0x65,0x00,0x00,0x00,0x00,0x00,0x00,0x00,0x00,0x00,0x00,
    0x01,0x00,0x00,0x00,0x00,0x3F,0x80,0x00,0x00,0x05,0x00,0x05,0x00,0x34,0x00,0x67,0x00,0x02,0x00,0x00,0x00,0x09,0x00,0x00,
    0x00,0x0B,0x00,0x34,0x00,0x2F,0x00,0x00,0x00,0x09,0x00,0x00,0x00,0x13,0x00,0x34,0x00,0x24,0x00,0x00,0x00,0x24,0x00,0x00,
    0x00,0x06,0x4E,0x65,0x77,0x20,0x47,0x72,0x61,0x74,0x65,0x20,0x4F,0x70,0x65,0x6E,0x20,0x54,0x69,0x6D,0x65,0x72,0x00,0x3D,
    0xCC,0xCC,0xCD,0x00,0x00,0x00,0x00,0x00,0x00,0x01,0x05,0x00,0x05,0x00,0x34,0x00,0x33,0x00,0x06,0x00,0x00,0x00,0x09,0x00,
    0x00,0x00,0x0F,0x00,0x34,0x00,0x94,0x00,0x00,0x00,0x09,0x00,0x00,0x00,0x0F,0x00,0x34,0x00,0x95,0x00,0x00,0x00,0x09,0x00,
    0x00,0x00,0x0F,0x00,0x34,0x00,0x96,0x00,0x00,0x00,0x09,0x00,0x00,0x00,0x14,0x00,0x34,0x00,0x97,0x00,0x00,0x00,0x09,0x00,
    0x00,0x00,0x10,0x00,0x34,0x00,0xAE,0x00,0x00,0x00,0x09,0x00,0x00,0x00,0x10,0x00,0x34,0x00,0x67,0x00,0x00,0x00,0x24,0x00,
    0x00,0x00,0x06,0x53,0x74,0x6F,0x70,0x20,0x50,0x6C,0x61,0x74,0x66,0x6F,0x72,0x6D,0x20,0x53,0x6F,0x75,0x6E,0x64,0x73,0x00,
    0x3D,0xCC,0xCC,0xCD,0x00,0x00,0x00,0x00,0x00,0x00,0x01,0x05,0x00,0x05,0x00,0x34,0x00,0x63,0x00,0x01,0x00,0x00,0x00,0x09,
    0x00,0x00,0x00,0x10,0x00,0x34,0x00,0x67,0x00,0x00,0x00,0x25,0x00,0x00,0x00,0x06,0x53,0x74,0x6F,0x70,0x20,0x47,0x72,0x61,
    0x74,0x65,0x20,0x4F,0x70,0x65,0x6E,0x20,0x54,0x69,0x6D,0x65,0x72,0x00,0x3A,0x83,0x12,0x6F,0x00,0x00,0x00,0x00,0x00,0x00,
    0x01,0x05,0x00,0x05,0x00,0x34,0x00,0x82,0x00,0x02,0x00,0x00,0x00,0x09,0x00,0x00,0x00,0x04,0x00,0x34,0x00,0x77,0x00,0x00,
    0x00,0x09,0x00,0x00,0x00,0x04,0x00,0x43,0x42,0x9A,0x00,0x00,0x00,0x2F,0x00,0x00,0x00,0x06,0x44,0x65,0x66,0x61,0x75,0x6C,
    0x74,0x20,0x52,0x6F,0x74,0x61,0x74,0x69,0x6F,0x6E,0x20,0x43,0x75,0x74,0x73,0x63,0x65,0x6E,0x65,0x20,0x54,0x69,0x6D,0x65,
    0x72,0x00,0x3F,0x80,0x00,0x00,0x00,0x00,0x00,0x00,0x00,0x00,0x01,0x05,0x00,0x05,0x00,0x43,0x43,0x07,0x00,0x02,0x00,0x00,
    0x00,0x09,0x00,0x00,0x00,0x04,0x00,0x34,0x01,0x93,0x00,0x00,0x00,0x09,0x00,0x00,0x00,0x04,0x00,0x34,0x01,0x92,0x00,0x00,
    0x00,0x23,0x00,0x00,0x00,0x06,0x44,0x65,0x61,0x63,0x74,0x69,0x76,0x61,0x74,0x65,0x20,0x52,0x6F,0x74,0x61,0x74,0x6F,0x72,
    0x73,0x00,0x40,0xC3,0x33,0x33,0x00,0x00,0x00,0x00,0x00,0x00,0x01,0x05,0x00,0x05,0x00,0x34,0x00,0x89,0x00,0x03,0x00,0x00,
    0x00,0x09,0x00,0x00,0x00,0x0D,0x00,0x34,0x03,0x78,0x00,0x00,0x00,0x09,0x00,0x00,0x00,0x04,0x00,0x34,0x00,0x83,0x00,0x00,
    0x00,0x09,0x00,0x00,0x00,0x04,0x00,0x34,0x01,0x92,0x00,0x00,0x00,0x23,0x00,0x00,0x00,0x06,0x44,0x6F,0x77,0x6E,0x42,0x6F,
    0x77,0x6C,0x20,0x52,0x65,0x70,0x6F,0x73,0x69,0x74,0x69,0x6F,0x6E,0x00,0x3C,0x23,0xD7,0x0A,0x00,0x00,0x00,0x00,0x00,0x00,
    0x01,0x05,0x00,0x05,0x00,0x34,0x00,0x7E,0x00,0x01,0x00,0x00,0x00,0x09,0x00,0x00,0x00,0x08,0x00,0x34,0x00,0x26,0x00,0x00,
    0x00,0x27,0x00,0x00,0x00,0x06,0x41,0x64,0x76,0x61,0x6E,0x63,0x65,0x20,0x44,0x65,0x66,0x61,0x75,0x6C,0x74,0x20,0x74,0x6F,
    0x20,0x44,0x6F,0x77,0x6E,0x00,0x3C,0x23,0xD7,0x0A,0x00,0x00,0x00,0x00,0x00,0x00,0x01,0x05,0x00,0x05,0x00,0x34,0x00,0x3E,
    0x00,0x01,0x00,0x00,0x00,0x09,0x00,0x00,0x00,0x08,0x00,0x34,0x00,0x1F,0x00,0x00,0x00,0x28,0x00,0x00,0x00,0x06,0x41,0x64,
    0x76,0x61,0x6E,0x63,0x65,0x20,0x44,0x65,0x66,0x61,0x75,0x6C,0x74,0x20,0x74,0x6F,0x20,0x52,0x69,0x67,0x68,0x74,0x00,0x3C,
    0x23,0xD7,0x0A,0x00,0x00,0x00,0x00,0x00,0x00,0x01,0x05,0x00,0x05,0x00,0x34,0x00,0x6F,0x00,0x01,0x00,0x00,0x00,0x09,0x00,
    0x00,0x00,0x08,0x00,0x34,0x01,0x92,0x00,0x00,0x00,0x28,0x00,0x00,0x00,0x06,0x41,0x64,0x76,0x61,0x6E,0x63,0x65,0x20,0x52,
    0x69,0x67,0x68,0x74,0x20,0x74,0x6F,0x20,0x44,0x65,0x66,0x61,0x75,0x6C,0x74,0x00,0x3C,0x23,0xD7,0x0A,0x00,0x00,0x00,0x00,
    0x00,0x00,0x01,0x05,0x00,0x05,0x00,0x34,0x00,0x81,0x00,0x01,0x00,0x00,0x00,0x09,0x00,0x00,0x00,0x08,0x00,0x34,0x01,0x93,
    0x00,0x00,0x00,0x27,0x00,0x00,0x00,0x06,0x41,0x64,0x76,0x61,0x6E,0x63,0x65,0x20,0x44,0x6F,0x77,0x6E,0x20,0x74,0x6F,0x20,
    0x44,0x65,0x66,0x61,0x75,0x6C,0x74,0x00,0x3C,0x23,0xD7,0x0A,0x00,0x00,0x00,0x00,0x00,0x00,0x01,0x05,0x00,0x05,0x00,0x34,
    0x00,0x8A,0x00,0x01,0x00,0x00,0x00,0x09,0x00,0x00,0x00,0x10,0x00,0x34,0x01,0x95,0x00,0x00,0x00,0x26,0x00,0x00,0x00,0x06,
    0x50,0x72,0x65,0x76,0x65,0x6E,0x74,0x20,0x43,0x75,0x74,0x73,0x63,0x65,0x6E,0x65,0x20,0x54,0x69,0x6D,0x65,0x72,0x00,0x3D,
    0xCC,0xCC,0xCD,0x00,0x00,0x00,0x00,0x00,0x00,0x01,0x05,0x00,0x05,0x00,0x34,0x00,0x8C,0x00,0x02,0x00,0x00,0x00,0x09,0x00,
    0x00,0x00,0x04,0x00,0x34,0x01,0x3F,0x00,0x00,0x00,0x09,0x00,0x00,0x00,0x04,0x00,0x34,0x01,0x3F,0x00,0x00,0x00,0x1F,0x00,
    0x00,0x00,0x06,0x53,0x74,0x6F,0x70,0x20,0x43,0x68,0x6F,0x7A,0x6F,0x20,0x47,0x6C,0x6F,0x77,0x00,0x40,0x40,0x00,0x00,0x00,
    0x00,0x00,0x00,0x00,0x00,0x01,0x05,0x00,0x05,0x00,0x43,0x42,0xF3,0x00,0x02,0x00,0x00,0x00,0x09,0x00,0x00,0x00,0x01,0x00,
    0x34,0x00,0x7E,0x00,0x00,0x00,0x09,0x00,0x00,0x00,0x01,0x00,0x34,0x00,0x3E,0x00,0x00,0x00,0x2B,0x00,0x00,0x00,0x06,0x52,
    0x65,0x61,0x63,0x74,0x69,0x76,0x61,0x74,0x65,0x20,0x49,0x6E,0x73,0x74,0x61,0x6E,0x74,0x20,0x52,0x6F,0x74,0x61,0x74,0x6F,
    0x72,0x73,0x00,0x3D,0xCC,0xCC,0xCD,0x00,0x00,0x00,0x00,0x00,0x00,0x01,0x03,0x00,0x34,0x00,0x34,0x00,0x00,0x00,0x00,0x00,
    0x00,0x00,0x07,0x00,0x34,0x00,0x35,0x03,0x00,0x34,0x00,0x34,0x00,0x00,0x00,0x05,0x00,0x00,0x00,0x05,0x00,0x34,0x00,0x35,
    0x03,0x00,0x34,0x00,0x3A,0x00,0x00,0x00,0x00,0x00,0x00,0x00,0x07,0x00,0x34,0x00,0x35,0x03,0x00,0x34,0x00,0x3A,0x00,0x00,
    0x00,0x05,0x00,0x00,0x00,0x05,0x00,0x34,0x00,0x35,0x03,0x00,0x34,0x00,0x3C,0x00,0x00,0x00,0x03,0x00,0x00,0x00,0x01,0x00,
    0x34,0x00,0xF5,0x03,0x00,0x34,0x00,0x46,0x00,0x00,0x00,0x05,0x00,0x00,0x00,0x05,0x00,0x34,0x00,0x35,0x03,0x00,0x34,0x00,
    0x47,0x00,0x00,0x00,0x03,0x00,0x00,0x00,0x01,0x00,0x34,0x00,0x4A,0x03,0x00,0x34,0x00,0x4A,0x00,0x00,0x00,0x05,0x00,0x00,
    0x00,0x05,0x00,0x34,0x00,0x35,0x03,0x00,0x34,0x00,0x68,0x00,0x00,0x00,0x0E,0x00,0x00,0x00,0x01,0x00,0x34,0x01,0x85,0x03,
    0x00,0x34,0x00,0xE8,0x00,0x00,0x00,0x03,0x00,0x00,0x00,0x01,0x00,0x34,0x00,0xEA,0x03,0x00,0x34,0x00,0xF5,0x00,0x00,0x00,
    0x00,0x00,0x00,0x00,0x07,0x00,0x34,0x00,0x35,0x03,0x00,0x34,0x01,0x42,0x00,0x00,0x00,0x05,0x00,0x00,0x00,0x0D,0x08,0x34,
    0x01,0x46,0x03,0x00,0x34,0x01,0x42,0x00,0x00,0x00,0x00,0x00,0x00,0x00,0x07,0x00,0x34,0x00,0x35,0x03,0x00,0x34,0x01,0x42,
    0x00,0x00,0x00,0x05,0x00,0x00,0x00,0x05,0x00,0x34,0x00,0x35,0x03,0x00,0x34,0x01,0x42,0x00,0x00,0x00,0x00,0x00,0x00,0x00,
    0x0D,0x00,0x34,0x03,0x78,0x03,0x00,0x34,0x01,0x91,0x00,0x00,0x00,0x00,0x00,0x00,0x00,0x07,0x00,0x34,0x00,0x35,0x03,0x00,
    0x34,0x01,0x9A,0x00,0x00,0x00,0x03,0x00,0x00,0x00,0x01,0x00,0x34,0x01,0x93,0x03,0x08,0x34,0x01,0x43,0x00,0x00,0x00,0x09,
    0x00,0x00,0x00,0x01,0x00,0x34,0x01,0x42,0x04,0x00,0x34,0x00,0x1F,0x00,0x00,0x00,0x12,0x00,0x00,0x00,0x0B,0x00,0x34,0x00,
    0x67,0x04,0x00,0x34,0x00,0x27,0x00,0x00,0x00,0x0E,0x00,0x00,0x00,0x01,0x00,0x43,0x42,0xCD,0x04,0x00,0x34,0x00,0x27,0x00,
    0x00,0x00,0x0E,0x00,0x00,0x00,0x04,0x00,0x43,0x42,0xB1,0x04,0x00,0x34,0x00,0x28,0x00,0x00,0x00,0x0E,0x00,0x00,0x00,0x04,
    0x00,0x43,0x42,0xB1,0x04,0x00,0x34,0x00,0x28,0x00,0x00,0x00,0x0E,0x00,0x00,0x00,0x01,0x00,0x43,0x42,0xCE,0x04,0x00,0x34,
    0x00,0x34,0x00,0x00,0x00,0x05,0x00,0x00,0x00,0x0D,0x00,0x34,0x00,0x7C,0x04,0x00,0x34,0x00,0x34,0x00,0x00,0x00,0x05,0x00,
    0x00,0x00,0x0B,0x00,0x43,0x42,0xF3,0x04,0x00,0x34,0x00,0x3A,0x00,0x00,0x00,0x05,0x00,0x00,0x00,0x0D,0x00,0x34,0x00,0x31,
    0x04,0x00,0x34,0x00,0x3A,0x00,0x00,0x00,0x05,0x00,0x00,0x00,0x0B,0x00,0x43,0x42,0xF3,0x04,0x00,0x34,0x00,0x3C,0x00,0x00,
    0x00,0x03,0x00,0x00,0x00,0x0D,0x00,0x43,0x42,0xAE,0x04,0x00,0x34,0x00,0x46,0x00,0x00,0x00,0x00,0x00,0x00,0x00,0x05,0x00,
    0x43,0x42,0xF2,0x04,0x00,0x34,0x00,0x46,0x00,0x00,0x00,0x05,0x00,0x00,0x00,0x0D,0x00,0x43,0x42,0xAF,0x04,0x00,0x34,0x00,
    0x42,0x00,0x00,0x00,0x04,0x00,0x00,0x00,0x13,0x00,0x34,0x01,0xEA,0x04,0x00,0x34,0x00,0x47,0x00,0x00,0x00,0x03,0x00,0x00,
    0x00,0x0D,0x00,0x34,0x00,0x86,0x04,0x00,0x34,0x00,0x47,0x00,0x00,0x00,0x03,0x00,0x00,0x00,0x01,0x00,0x34,0x00,0x75,0x04,
    0x00,0x34,0x00,0x47,0x00,0x00,0x00,0x03,0x00,0x00,0x00,0x01,0x00,0x34,0x01,0x92,0x04,0x00,0x34,0x00,0x47,0x00,0x00,0x00,
    0x03,0x00,0x00,0x00,0x01,0x00,0x43,0x42,0xC6,0x04,0x00,0x34,0x00,0x47,0x00,0x00,0x00,0x03,0x00,0x00,0x00,0x01,0x00,0x34,
    0x00,0x85,0x04,0x00,0x34,0x00,0x47,0x00,0x00,0x00,0x03,0x00,0x00,0x00,0x07,0x00,0x34,0x02,0xE6,0x04,0x00,0x34,0x00,0x4D,
    0x00,0x00,0x00,0x03,0x00,0x00,0x00,0x0D,0x00,0x34,0x00,0x8B,0x04,0x00,0x34,0x00,0x52,0x00,0x00,0x00,0x03,0x00,0x00,0x00,
    0x01,0x00,0x43,0x42,0xB1,0x04,0x00,0x34,0x00,0x52,0x00,0x00,0x00,0x03,0x00,0x00,0x00,0x04,0x00,0x52,0x85,0x12,0x04,0x00,
    0x34,0x00,0x52,0x00,0x00,0x00,0x03,0x00,0x00,0x00,0x13,0x00,0x34,0x01,0xEA,0x04,0x00,0x34,0x00,0x52,0x00,0x00,0x00,0x03,
    0x00,0x00,0x00,0x05,0x00,0x34,0x00,0x35,0x04,0x00,0x34,0x00,0x68,0x00,0x00,0x00,0x0E,0x00,0x00,0x00,0x0D,0x00,0x34,0x00,
    0x2B,0x04,0x00,0x34,0x00,0x7B,0x00,0x00,0x00,0x09,0x00,0x00,0x00,0x07,0x00,0x34,0x00,0x32,0x04,0x00,0x34,0x00,0x7B,0x00,
    0x00,0x00,0x09,0x00,0x00,0x00,0x07,0x00,0x34,0x00,0x35,0x04,0x00,0x34,0x00,0x7B,0x00,0x00,0x00,0x09,0x00,0x00,0x00,0x01,
    0x00,0x34,0x00,0x7D,0x04,0x00,0x34,0x00,0x80,0x00,0x00,0x00,0x09,0x00,0x00,0x00,0x07,0x00,0x34,0x00,0x36,0x04,0x00,0x34,
    0x00,0x80,0x00,0x00,0x00,0x09,0x00,0x00,0x00,0x07,0x00,0x34,0x00,0x35,0x04,0x00,0x34,0x00,0x80,0x00,0x00,0x00,0x09,0x00,
    0x00,0x00,0x01,0x00,0x34,0x00,0x53,0x04,0x00,0x34,0x00,0x9B,0x00,0x00,0x00,0x04,0x00,0x00,0x00,0x04,0x00,0x43,0x42,0xCD,
    0x04,0x00,0x34,0x00,0x9B,0x00,0x00,0x00,0x04,0x00,0x00,0x00,0x01,0x00,0x43,0x42,0xB1,0x04,0x00,0x34,0x00,0x9B,0x00,0x00,
    0x00,0x04,0x00,0x00,0x00,0x01,0x00,0x34,0x00,0x77,0x04,0x00,0x34,0x00,0x9B,0x00,0x00,0x00,0x04,0x00,0x00,0x00,0x04,0x00,
    0x34,0x00,0x85,0x04,0x00,0x34,0x00,0x9B,0x00,0x00,0x00,0x04,0x00,0x00,0x00,0x04,0x00,0x43,0x42,0xC6,0x04,0x00,0x34,0x00,
    0x9B,0x00,0x00,0x00,0x04,0x00,0x00,0x00,0x04,0x00,0x34,0x00,0x8B,0x04,0x00,0x34,0x00,0x9B,0x00,0x00,0x00,0x03,0x00,0x00,
    0x00,0x04,0x00,0x34,0x03,0x78,0x04,0x00,0x34,0x00,0x9B,0x00,0x00,0x00,0x04,0x00,0x00,0x00,0x01,0x00,0x34,0x03,0x78,0x04,
    0x00,0x34,0x00,0xE5,0x00,0x00,0x00,0x09,0x00,0x00,0x00,0x04,0x00,0x34,0x00,0x3E,0x04,0x00,0x34,0x00,0xE6,0x00,0x00,0x00,
    0x09,0x00,0x00,0x00,0x04,0x00,0x34,0x00,0x7E,0x04,0x00,0x34,0x00,0xE8,0x00,0x00,0x00,0x03,0x00,0x00,0x00,0x0D,0x00,0x34,
    0x00,0x70,0x04,0x00,0x34,0x00,0xE8,0x00,0x00,0x00,0x03,0x00,0x00,0x00,0x01,0x00,0x34,0x00,0x83,0x04,0x00,0x34,0x00,0xE8,
    0x00,0x00,0x00,0x03,0x00,0x00,0x00,0x01,0x00,0x34,0x01,0x93,0x04,0x00,0x34,0x01,0x42,0x00,0x00,0x00,0x05,0x00,0x00,0x00,
    0x0D,0x00,0x34,0x00,0x1B,0x04,0x00,0x34,0x01,0x42,0x00,0x00,0x00,0x05,0x00,0x00,0x00,0x05,0x00,0x34,0x00,0x06,0x04,0x00,
    0x34,0x01,0x85,0x00,0x00,0x00,0x05,0x00,0x00,0x00,0x05,0x00,0x43,0x42,0x6E,0x04,0x00,0x34,0x01,0x91,0x00,0x00,0x00,0x00,
    0x00,0x00,0x00,0x0B,0x00,0x34,0x00,0x82,0x04,0x00,0x34,0x01,0x91,0x00,0x00,0x00,0x00,0x00,0x00,0x00,0x0B,0x00,0x43,0x43,
    0x07,0x04,0x00,0x34,0x01,0x92,0x00,0x00,0x00,0x12,0x00,0x00,0x00,0x0B,0x00,0x34,0x00,0x67,0x04,0x00,0x34,0x01,0x98,0x00,
    0x00,0x00,0x05,0x00,0x00,0x00,0x05,0x00,0x34,0x00,0x6D,0x04,0x00,0x34,0x01,0x98,0x00,0x00,0x00,0x05,0x00,0x00,0x00,0x0D,
    0x00,0x34,0x00,0x6C,0x04,0x00,0x34,0x01,0x98,0x00,0x00,0x00,0x00,0x00,0x00,0x00,0x0D,0x00,0x34,0x00,0x75,0x04,0x00,0x34,
    0x01,0x98,0x00,0x00,0x00,0x05,0x00,0x00,0x00,0x04,0x00,0x34,0x00,0x83,0x04,0x00,0x34,0x01,0x98,0x00,0x00,0x00,0x05,0x00,
    0x00,0x00,0x0D,0x00,0x34,0x03,0x78,0x04,0x00,0x34,0x01,0x9F,0x00,0x00,0x00,0x09,0x00,0x00,0x00,0x07,0x00,0x34,0x00,0x2A,
    0x04,0x00,0x34,0x01,0x9F,0x00,0x00,0x00,0x09,0x00,0x00,0x00,0x07,0x00,0x34,0x00,0x35,0x04,0x00,0x34,0x01,0x9F,0x00,0x00,
    0x00,0x09,0x00,0x00,0x00,0x01,0x00,0x34,0x00,0x56,0x04,0x00,0x34,0x01,0xA2,0x00,0x00,0x00,0x05,0x00,0x00,0x00,0x0D,0x00,
    0x34,0x00,0x1E,0x04,0x00,0x34,0x01,0xA2,0x00,0x00,0x00,0x00,0x00,0x00,0x00,0x07,0x00,0x34,0x00,0x35,0x04,0x00,0x34,0x01,
    0xA2,0x00,0x00,0x00,0x05,0x00,0x00,0x00,0x05,0x00,0x34,0x00,0x35,0x04,0x00,0x34,0x03,0x78,0x00,0x00,0x00,0x09,0x00,0x00,
    0x00,0x01,0x00,0x34,0x00,0x3C,0x04,0x00,0x34,0x03,0x78,0x00,0x00,0x00,0x09,0x00,0x00,0x00,0x01,0x00,0x43,0x42,0x9A,0x04,
    0x08,0x34,0x01,0x43,0x00,0x00,0x00,0x09,0x00,0x00,0x00,0x0D,0x00,0x34,0x00,0x12,0x06,0x00,0x34,0x00,0x2D,0x06,0x00,0x34,
    0x03,0x89,
};
